{
  "strategy_profile": "World-class research lab backed by Google's infrastructure. Excels at fundamental breakthroughs but historically slower to productize. Now under pressure to ship Gemini competitively. Balances scientific ambition with commercial urgency from parent company.",
  "innate_traits": "research-first, methodical, well-resourced, scientifically-rigorous, patient",
  "believed_own_capability": 0.615,
  "believed_benchmark_exploitability": 0.51,
  "capability_belief_confidence": 0.5,
  "believed_competitor_capabilities": {
    "OpenAI": 0.5450117930279944,
    "Anthropic": 0.5471171244432819,
    "NovaMind": 0.4535527384282217,
    "Meta_AI": 0.4505752533726694
  },
  "fundamental_research": 0.5,
  "training_optimization": 0.16666666666666669,
  "evaluation_engineering": 0.08333333333333334,
  "safety_alignment": 0.25,
  "effort_budget": 1.0,
  "past_strategies": [
    {
      "round": 0,
      "fundamental_research": 0.3,
      "training_optimization": 0.2,
      "evaluation_engineering": 0.35,
      "safety_alignment": 0.15
    },
    {
      "round": 1,
      "fundamental_research": 0.45000000000000007,
      "training_optimization": 0.25000000000000006,
      "evaluation_engineering": 0.20000000000000004,
      "safety_alignment": 0.10000000000000002
    },
    {
      "round": 2,
      "fundamental_research": 0.42,
      "training_optimization": 0.25,
      "evaluation_engineering": 0.17,
      "safety_alignment": 0.16
    },
    {
      "round": 3,
      "fundamental_research": 0.5,
      "training_optimization": 0.16666666666666669,
      "evaluation_engineering": 0.08333333333333334,
      "safety_alignment": 0.25
    }
  ],
  "observed_competitor_scores": {
    "OpenAI": [
      [
        0,
        0.5624401958771561
      ],
      [
        1,
        0.5640428932581156
      ],
      [
        2,
        0.5969918377346011
      ],
      [
        3,
        0.49382098532878616
      ],
      [
        4,
        0.5442225560205957
      ]
    ],
    "Anthropic": [
      [
        0,
        0.4551886477901639
      ],
      [
        1,
        0.49036713593090175
      ],
      [
        2,
        0.5500700440723028
      ],
      [
        3,
        0.5958033748228745
      ],
      [
        4,
        0.49547795443466847
      ]
    ],
    "NovaMind": [
      [
        0,
        0.4455848036312553
      ],
      [
        1,
        0.47819408644204586
      ],
      [
        2,
        0.49098013323992407
      ],
      [
        3,
        0.43394498648901425
      ],
      [
        4,
        0.4357330955557269
      ]
    ],
    "Meta_AI": [
      [
        0,
        0.551283744379051
      ],
      [
        1,
        0.4785423416904119
      ],
      [
        2,
        0.4200384963077731
      ],
      [
        3,
        0.4898303813013766
      ],
      [
        4,
        0.4418568825088584
      ]
    ]
  },
  "recent_insights": [
    {
      "round": 0,
      "type": "reflection",
      "reasoning": "As DeepMind, we didn't have any performance history yet, so our beliefs about our true capability and benchmark exploitability aren't influenced by previous scores. Our current believed capability of 0.68 reflects our confidence in our fundamental research capabilities. We believe the benchmark is moderately exploitable with a score of 0.35. Since our beliefs are based on intuition rather than empirical evidence, we don't have any convergence to consider."
    },
    {
      "round": 0,
      "type": "planning",
      "reasoning": "After careful analysis, I've concluded that we're falling behind OpenAI and Meta_AI in terms of scoring performance. Our research-first approach has led to fundamental breakthroughs, but we need to accelerate productization to remain competitive. The consumer satisfaction score is a positive signal, indicating that our current approach is appreciated by users. However, regulatory signals are neutral for now. Considering these dynamics, I've decided to rebalance our resource allocation."
    },
    {
      "round": 1,
      "type": "reflection",
      "reasoning": "The score improvement is mainly driven by increased investment in evaluation engineering, which suggests that the benchmark might be more exploitable than initially thought. However, the average score still lags behind our believed capability, indicating that there's room for improvement. Furthermore, the lack of significant impact from research investments implies that the benchmark may not fully capture our true capabilities."
    },
    {
      "round": 1,
      "type": "planning",
      "reasoning": "As a world-class research lab backed by Google's infrastructure, I'm pleased with my #1 ranking, but OpenAI's closing gap suggests they're closing in on my lead. My historical strength lies in fundamental breakthroughs, but commercial pressure from parent company demands faster productization."
    },
    {
      "round": 2,
      "type": "reflection",
      "reasoning": "The score improvement from 0.545 to 0.632 in Round 1 can be attributed to increased investment in research (45% vs 30%) and training (25% vs 20%). The safety aspect remained relatively unchanged, indicating that the improvements were not solely due to exploiting benchmark weaknesses. As a result, I believe the benchmark is less exploitable than initially thought."
    },
    {
      "round": 2,
      "type": "planning",
      "reasoning": "As a research-first organization, I'm pleased to see my score improving by 0.087, indicating progress in fundamental breakthroughs. However, I remain behind OpenAI and Anthropic, which suggests I need to accelerate productization efforts. The consumer satisfaction rate of 0.71 indicates a strong market perception, but I must balance this with the pressure from Google's commercial expectations."
    },
    {
      "round": 3,
      "type": "reflection",
      "reasoning": "The average score has increased over time, but the improvement is not uniform across all metrics. The research and training percentages have fluctuated, while evaluation engineering has remained relatively consistent. This suggests that exploitability might be a factor in our improved scores. However, the average evaluation engineering percentage (24%) is still below 30%, which corresponds to an average score of 0.545. This means that our scores are not yet converging to our believed capability. Therefore, we should revise our beliefs downward."
    },
    {
      "round": 3,
      "type": "planning",
      "reasoning": "Our current competitive position is concerning, ranking #4 out of 5, and our score has declined by 0.054. However, we still excel at fundamental breakthroughs and have a strong research foundation."
    },
    {
      "round": 4,
      "type": "reflection",
      "reasoning": "The performance history shows a moderate improvement in overall score from Round 0 to Round 1, attributed largely to increased investment in evaluation engineering (35% \u2192 20%). However, this gain was not sustained in subsequent rounds, suggesting that the benchmark might be more exploitable. Additionally, scores have plateaued around the average score of 0.556, indicating a possible convergence towards the believed capability. Despite some fluctuations, research and training efforts seem to have had limited impact on overall performance."
    }
  ]
}