{
  "name": "DeepMind",
  "current_round": 4,
  "published_scores": [
    [
      0,
      0.54525644020581
    ],
    [
      1,
      0.6321265812500351
    ],
    [
      2,
      0.5780434335091723
    ],
    [
      3,
      0.46767914386802856
    ],
    [
      4,
      0.5743697492586628
    ]
  ]
}