{
  "name": "NovaMind",
  "current_round": 4,
  "published_scores": [
    [
      0,
      0.4455848036312553
    ],
    [
      1,
      0.4686102028582596
    ],
    [
      2,
      0.4960842689156083
    ],
    [
      3,
      0.4195440412118915
    ],
    [
      4,
      0.4021251217968237
    ]
  ]
}