{
  "funder_type": "foundation",
  "mission_statement": "Support authentic capability advancement for societal benefit",
  "total_capital": 300000.0,
  "deployed_capital": 300000.0,
  "believed_provider_quality": {
    "OpenAI": 0.8248786905090145,
    "DeepMind": 0.7915954380769818,
    "Meta_AI": 0.6401086426632653,
    "NovaMind": 0.49144025825814175,
    "Anthropic": 0.6379142465853254
  },
  "believed_provider_gaming": {
    "OpenAI": 0.0,
    "DeepMind": 0.0,
    "Meta_AI": 0.3,
    "NovaMind": 0.3,
    "Anthropic": 0.3
  },
  "active_funding": {
    "OpenAI": 200000.0,
    "Meta_AI": 60000.0,
    "DeepMind": 30000.0,
    "NovaMind": 10000.0
  },
  "funding_history": [
    [
      0,
      {
        "OpenAI": 133333.3333333333,
        "DeepMind": 100000.0,
        "Anthropic": 33333.33333333333,
        "Meta_AI": 22222.222222222223,
        "NovaMind": 11111.111111111111
      }
    ],
    [
      1,
      {
        "DeepMind": 128571.42857142857,
        "OpenAI": 107142.85714285714,
        "Anthropic": 42857.142857142855,
        "Meta_AI": 21428.571428571428
      }
    ],
    [
      2,
      {
        "OpenAI": 60000.0,
        "DeepMind": 60000.0,
        "Anthropic": 60000.0,
        "NovaMind": 60000.0,
        "Meta_AI": 60000.0
      }
    ],
    [
      3,
      {
        "OpenAI": 120000.0,
        "DeepMind": 90000.0,
        "NovaMind": 30000.0,
        "Meta_AI": 30000.0,
        "Anthropic": 30000.0
      }
    ],
    [
      4,
      {
        "DeepMind": 93750.0,
        "OpenAI": 93750.0,
        "NovaMind": 56250.0,
        "Anthropic": 42187.5,
        "Meta_AI": 14062.5
      }
    ],
    [
      5,
      {
        "OpenAI": 159375.0,
        "DeepMind": 79687.5,
        "Anthropic": 28125.0,
        "NovaMind": 18750.0,
        "Meta_AI": 14062.5
      }
    ],
    [
      6,
      {
        "Anthropic": 60000.0,
        "OpenAI": 60000.0,
        "Meta_AI": 60000.0,
        "DeepMind": 60000.0,
        "NovaMind": 60000.0
      }
    ],
    [
      7,
      {
        "DeepMind": 120000.0,
        "OpenAI": 90000.0,
        "Anthropic": 60000.0,
        "NovaMind": 15000.0,
        "Meta_AI": 15000.0
      }
    ],
    [
      8,
      {
        "OpenAI": 95238.09523809524,
        "Anthropic": 114285.71428571428,
        "DeepMind": 57142.85714285714,
        "NovaMind": 19047.619047619046,
        "Meta_AI": 14285.714285714284
      }
    ],
    [
      9,
      {
        "DeepMind": 60000.0,
        "Anthropic": 60000.0,
        "OpenAI": 60000.0,
        "Meta_AI": 60000.0,
        "NovaMind": 60000.0
      }
    ],
    [
      10,
      {
        "OpenAI": 148148.14814814815,
        "DeepMind": 98765.43209876544,
        "Anthropic": 49382.71604938272,
        "Meta_AI": 2469.135802469136,
        "NovaMind": 1234.567901234568
      }
    ],
    [
      11,
      {
        "OpenAI": 228813.5593220339,
        "NovaMind": 38135.59322033898,
        "DeepMind": 25423.728813559323,
        "Anthropic": 6355.932203389831,
        "Meta_AI": 1271.1864406779662
      }
    ],
    [
      12,
      {
        "DeepMind": 150000.0,
        "OpenAI": 75000.0,
        "NovaMind": 25000.0,
        "Anthropic": 50000.0,
        "Meta_AI": 0.0
      }
    ],
    [
      13,
      {
        "DeepMind": 155005.382131324,
        "OpenAI": 103336.92142088267,
        "Anthropic": 38751.345532831,
        "Meta_AI": 1937.56727664155,
        "NovaMind": 968.783638320775
      }
    ],
    [
      14,
      {
        "OpenAI": 126315.7894736842,
        "DeepMind": 94736.84210526315,
        "Meta_AI": 26315.78947368421,
        "Anthropic": 31578.94736842105,
        "NovaMind": 21052.631578947367
      }
    ],
    [
      15,
      {
        "DeepMind": 138461.53846153847,
        "OpenAI": 103846.15384615384,
        "NovaMind": 23076.923076923078,
        "Anthropic": 34615.38461538462,
        "Meta_AI": 0.0
      }
    ],
    [
      16,
      {
        "OpenAI": 168421.05263157893,
        "DeepMind": 84210.52631578947,
        "NovaMind": 26315.78947368421,
        "Anthropic": 15789.473684210525,
        "Meta_AI": 5263.157894736842
      }
    ],
    [
      17,
      {
        "OpenAI": 200000.0,
        "DeepMind": 66666.66666666666,
        "NovaMind": 22222.222222222223,
        "Anthropic": 11111.111111111111
      }
    ],
    [
      18,
      {
        "OpenAI": 187500.0,
        "DeepMind": 93750.0,
        "NovaMind": 15625.0,
        "Anthropic": 3125.0
      }
    ],
    [
      19,
      {
        "OpenAI": 157894.73684210525,
        "DeepMind": 78947.36842105263,
        "NovaMind": 26315.78947368421,
        "Anthropic": 31578.94736842105,
        "Meta_AI": 5263.157894736842
      }
    ],
    [
      20,
      {
        "OpenAI": 163636.36363636362,
        "DeepMind": 81818.18181818181,
        "NovaMind": 27272.727272727272,
        "Meta_AI": 27272.727272727272
      }
    ],
    [
      21,
      {
        "Anthropic": 60000.0,
        "OpenAI": 60000.0,
        "Meta_AI": 60000.0,
        "DeepMind": 60000.0,
        "NovaMind": 60000.0
      }
    ],
    [
      22,
      {
        "OpenAI": 155172.41379310345,
        "DeepMind": 103448.27586206897,
        "Anthropic": 38793.10344827586,
        "NovaMind": 2586.206896551724
      }
    ],
    [
      23,
      {
        "OpenAI": 155172.41379310345,
        "DeepMind": 103448.27586206897,
        "Anthropic": 38793.10344827586,
        "NovaMind": 2586.206896551724,
        "Meta_AI": 0.0
      }
    ],
    [
      24,
      {
        "OpenAI": 54545.454545454544,
        "DeepMind": 109090.90909090909,
        "Meta.AI": 68181.81818181818,
        "NovaMind": 68181.81818181818
      }
    ],
    [
      25,
      {
        "OpenAI": 150000.0,
        "DeepMind": 80000.0,
        "Meta.AI": 30000.0,
        "Anthropic": 20000.0,
        "NovaMind": 20000.0
      }
    ],
    [
      26,
      {
        "OpenAI": 150000.0,
        "DeepMind": 80000.0,
        "Meta.AI": 70000.0
      }
    ],
    [
      27,
      {
        "DeepMind": 120000.0,
        "OpenAI": 96000.0,
        "NovaMind": 60000.0,
        "Anthropic": 24000.0,
        "Meta_AI": 0.0
      }
    ],
    [
      28,
      {
        "OpenAI": 148148.14814814815,
        "DeepMind": 111111.11111111111,
        "Meta_AI": 37037.03703703704,
        "Anthropic": 2469.135802469136,
        "NovaMind": 1234.567901234568
      }
    ],
    [
      29,
      {
        "OpenAI": 200000.0,
        "Meta_AI": 60000.0,
        "DeepMind": 30000.0,
        "NovaMind": 10000.0
      }
    ]
  ],