{
  "name": "NovaMind",
  "current_round": 29,
  "published_scores": [
    [
      0,
      0.4472987734608913
    ],
    [
      1,
      0.4648316508634295
    ],
    [
      2,
      0.492568464500155
    ],
    [
      3,
      0.44661581932123184
    ],
    [
      4,
      0.4379090961007608
    ],
    [
      5,
      0.43900583034220836
    ],
    [
      6,
      0.4393555795276151
    ],
    [
      7,
      0.4683708222811961
    ],
    [
      8,
      0.4963089913693457
    ],
    [
      9,
      0.3788766367560395
    ],
    [
      10,
      0.3691605310664192
    ],
    [
      11,
      0.5759253044934974
    ],
    [
      12,
      0.4800597789260732
    ],
    [
      13,
      0.5305357825782039
    ],
    [
      14,
      0.4945909277772104
    ],
    [
      15,
      0.5078521414189654
    ],
    [
      16,
      0.6241159367575168
    ],
    [
      17,
      0.5789764028903772
    ],
    [
      18,
      0.5111832185149966
    ],
    [
      19,
      0.36490506009976237
    ],
    [
      20,
      0.5462825388626233
    ],
    [
      21,
      0.4779090518700465
    ],
    [
      22,
      0.5435272937752886
    ],
    [
      23,
      0.4664989845601247
    ],
    [
      24,
      0.5964658644035887
    ],
    [
      25,
      0.4846846899796309
    ],
    [
      26,
      0.5848914596181213
    ],
    [
      27,
      0.4095534628559185
    ],
    [
      28,
      0.4967865636056993
    ],
    [
      29,
      0.47754726952121196
    ]
  ]
}