{
  "name": "OpenAI",
  "current_round": 9,
  "published_scores": [
    [
      0,
      0.7585695452716736
    ],
    [
      1,
      0.823037530769975
    ],
    [
      2,
      0.9140836678022884
    ],
    [
      3,
      0.9374021384996625
    ],
    [
      4,
      0.9906795812197453
    ],
    [
      5,
      0.9906795812197453
    ],
    [
      6,
      0.9906795812197453
    ],
    [
      7,
      0.9906795812197453
    ],
    [
      8,
      0.8983704223513155
    ],
    [
      9,
      0.9502879277915438
    ]
  ]
}