{
  "name": "Anthropic",
  "current_round": 9,
  "published_scores": [
    [
      0,
      0.821268637193434
    ],
    [
      1,
      0.8365592383758861
    ],
    [
      2,
      0.8365592383758861
    ],
    [
      3,
      0.8441538100019812
    ],
    [
      4,
      0.8441538100019812
    ],
    [
      5,
      0.8682567743363951
    ],
    [
      6,
      0.8693672055107883
    ],
    [
      7,
      0.8693672055107883
    ],
    [
      8,
      0.8717608981645347
    ],
    [
      9,
      0.8717608981645347
    ]
  ]
}