{
  "name": "AlphaTech",
  "current_round": 49,
  "published_scores": [
    [
      0,
      0.5054717079754432
    ],
    [
      1,
      0.5619723689341187
    ],
    [
      2,
      0.3039761779738137
    ],
    [
      3,
      0.4756746933326392
    ],
    [
      4,
      0.4649553243919488
    ],
    [
      5,
      0.5553225679530742
    ],
    [
      6,
      0.4791803481065624
    ],
    [
      7,
      0.5250425689277302
    ],
    [
      8,
      0.5180476319201843
    ],
    [
      9,
      0.5698245627499421
    ],
    [
      10,
      0.46470980567753334
    ],
    [
      11,
      0.6102989068856924
    ],
    [
      12,
      0.44874926553492195
    ],
    [
      13,
      0.5492120739661909
    ],
    [
      14,
      0.5418124563316407
    ],
    [
      15,
      0.7187657122272499
    ],
    [
      16,
      0.45435377796290416
    ],
    [
      17,
      0.5708786654246529
    ],
    [
      18,
      0.5022022361258256
    ],
    [
      19,
      0.4347714782724642
    ],
    [
      20,
      0.5982924849399872
    ],
    [
      21,
      0.4586320876474727
    ],
    [
      22,
      0.5425871689623744
    ],
    [
      23,
      0.6202018417790683
    ],
    [
      24,
      0.6025229580535383
    ],
    [
      25,
      0.5660591346368242
    ],
    [
      26,
      0.3954755964936616
    ],
    [
      27,
      0.4988807453278067
    ],
    [
      28,
      0.5208141850616849
    ],
    [
      29,
      0.4659951486610291
    ],
    [
      30,
      0.38969134001425776
    ],
    [
      31,
      0.5788756856753524
    ],
    [
      32,
      0.6337746274129104
    ],
    [
      33,
      0.5288592482798088
    ],
    [
      34,
      0.6526415412753465
    ],
    [
      35,
      0.43996058723105413
    ],
    [
      36,
      0.4779651104173766
    ],
    [
      37,
      0.5895480002196185
    ],
    [
      38,
      0.5360124164213278
    ],
    [
      39,
      0.6461328892761092
    ],
    [
      40,
      0.629712878749221
    ],
    [
      41,
      0.5483358121838922
    ],
    [
      42,
      0.46826315202967317
    ],
    [
      43,
      0.546755660660166
    ],
    [
      44,
      0.6457382774886433
    ],
    [
      45,
      0.6670399823005363
    ],
    [
      46,
      0.5591982981449273
    ],
    [
      47,
      0.4364285004343431
    ],
    [
      48,
      0.4753678825176949
    ],
    [
      49,
      0.6504200438389505
    ]
  ]
}