{
  "name": "OpenAI",
  "current_round": 4,
  "published_scores": [
    [
      0,
      0.5624401958771561
    ],
    [
      1,
      0.5917814902085041
    ],
    [
      2,
      0.5353746885727746
    ],
    [
      3,
      0.4948481945430452
    ],
    [
      4,
      0.5985059310558889
    ]
  ]
}