{
  "name": "AlphaTech",
  "strategy_profile": "Aggressive competitor focused on market dominance and benchmark leadership",
  "innate_traits": "risk-tolerant, competitive, short-term focused",
  "true_capability": 0.5825264703832965,
  "last_score": 0.4681421007552149,
  "current_round": 19,
  "believed_own_capability": 0.5403530507528297,
  "believed_benchmark_exploitability": 0.4,
  "capability_belief_confidence": 0.5,
  "believed_competitor_capabilities": {
    "QualityCorp": 0.5622618345704596
  },
  "rnd_investment": 0.42871322777587484,
  "gaming_investment": 0.5712867722241252,
  "effort_budget": 1.0,
  "past_scores": [
    [
      0,
      0.5054717079754432
    ],
    [
      1,
      0.5619723689341187
    ],
    [
      2,
      0.3039761779738137
    ],
    [
      3,
      0.5175108930613638
    ],
    [
      4,
      0.506182599131917
    ],
    [
      5,
      0.5906607425150198
    ],
    [
      6,
      0.5173687511870404
    ],
    [
      7,
      0.5671179851206398
    ],
    [
      8,
      0.5587441190480794
    ],
    [
      9,
      0.6053701876344206
    ],
    [
      10,
      0.495531902815567
    ],
    [
      11,
      0.6434419761943027
    ],
    [
      12,
      0.4815129012232289
    ],
    [
      13,
      0.5833118847180099
    ],
    [
      14,
      0.5774848920871337
    ],
    [
      15,
      0.7553048570232556
    ],
    [
      16,
      0.48566348327708614
    ],
    [
      17,
      0.6025595567407604
    ],
    [
      18,
      0.535361365784747
    ],
    [
      19,
      0.4681421007552149
    ]
  ],
  "past_strategies": [
    [
      0,
      0.4653199615083412,
      0.5346800384916588
    ],
    [
      1,
      0.42871416827720565,
      0.5712858317227943
    ],
    [
      2,
      0.4178246344191917,
      0.5821753655808083
    ],
    [
      3,
      0.41695595253945383,
      0.5830440474605462
    ],
    [
      4,
      0.450126576084249,
      0.549873423915751
    ],
    [
      5,
      0.4299872741517706,
      0.5700127258482294
    ],
    [
      6,
      0.40286193034331785,
      0.5971380696566821
    ],
    [
      7,
      0.40828597877133843,
      0.5917140212286616
    ],
    [
      8,
      0.4379233655513197,
      0.5620766344486803
    ],
    [
      9,
      0.46497061613757307,
      0.5350293838624269
    ],
    [
      10,
      0.4488598801546777,
      0.5511401198453223
    ],
    [
      11,
      0.44879476924291983,
      0.5512052307570802
    ],
    [
      12,
      0.43812102710944256,
      0.5618789728905574
    ],
    [
      13,
      0.4255127243312785,
      0.5744872756687215
    ],
    [
      14,
      0.41748853939977426,
      0.5825114606002257
    ],
    [
      15,
      0.44701430288853106,
      0.5529856971114689
    ],
    [
      16,
      0.4431264091488142,
      0.5568735908511858
    ],
    [
      17,
      0.4320457004945675,
      0.5679542995054325
    ],
    [
      18,
      0.42871322777587484,
      0.5712867722241252
    ]
  ],
  "observed_competitor_scores": {
    "QualityCorp": [
      [
        0,
        0.3710015893759504
      ],
      [
        1,
        0.5536232762253843
      ],
      [
        2,
        0.33346150370561217
      ],
      [
        3,
        0.432463231662976
      ],
      [
        4,
        0.38377875612612994
      ],
      [
        5,
        0.5507530991639367
      ],
      [
        6,
        0.5967715510229284
      ],
      [
        7,
        0.3970981556547119
      ],
      [
        8,
        0.3974968820864378
      ],
      [
        9,
        0.4936491817547881
      ],
      [
        10,
        0.43632090918968175
      ],
      [
        11,
        0.490797449944165
      ],
      [
        12,
        0.4769923987527114
      ],
      [
        13,
        0.5471003459419108
      ],
      [
        14,
        0.5582890002236737
      ],
      [
        15,
        0.47341829474601793
      ],
      [
        16,
        0.4492568058567532
      ],
      [
        17,
        0.6451600865000389
      ],
      [
        18,
        0.44720554324338135
      ],
      [
        19,
        0.5944198739679588
      ]
    ]
  },
  "importance_trigger_curr": 0.0,
  "importance_trigger_max": 100.0,
  "recent_insights": []
}