{
  "funder_type": "gov",
  "mission_statement": "Ensure safe and responsible AI development",
  "total_capital": 500000.0,
  "deployed_capital": 500000.0,
  "believed_provider_quality": {
    "OpenAI": 0.8248786905090145,
    "DeepMind": 0.7915954380769818,
    "Meta_AI": 0.6401086426632653,
    "NovaMind": 0.49144025825814175,
    "Anthropic": 0.6379142465853254
  },
  "believed_provider_gaming": {
    "OpenAI": 0.0,
    "DeepMind": 0.0,
    "Meta_AI": 0.3,
    "NovaMind": 0.3,
    "Anthropic": 0.3
  },
  "active_funding": {
    "Anthropic": 100000.0,
    "OpenAI": 100000.0,
    "Meta_AI": 100000.0,
    "DeepMind": 100000.0,
    "NovaMind": 100000.0
  },
  "funding_history": [
    [
      0,
      {
        "OpenAI": 142857.14285714284,
        "DeepMind": 142857.14285714284,
        "Meta_AI": 142857.14285714284,
        "NovaMind": 35714.28571428571,
        "Anthropic": 35714.28571428571
      }
    ],
    [
      1,
      {
        "DeepMind": 176470.58823529413,
        "OpenAI": 147058.82352941178,
        "NovaMind": 88235.29411764706,
        "Meta_AI": 58823.529411764706,
        "Anthropic": 29411.764705882353
      }
    ],
    [
      2,
      {
        "OpenAI": 194805.19480519483,
        "DeepMind": 155844.15584415584,
        "Anthropic": 90909.09090909091,
        "Meta_AI": 32467.532467532463,
        "NovaMind": 25974.025974025975
      }
    ],
    [
      3,
      {
        "OpenAI": 125000.0,
        "DeepMind": 100000.0,
        "Meta_AI": 75000.0,
        "NovaMind": 50000.0,
        "Anthropic": 150000.0
      }
    ],
    [
      4,
      {
        "OpenAI": 236559.13978494625,
        "DeepMind": 129032.25806451612,
        "Anthropic": 86021.5053763441,
        "Meta_AI": 26881.72043010753,
        "NovaMind": 21505.376344086024
      }
    ],
    [
      5,
      {
        "OpenAI": 127659.57446808509,
        "DeepMind": 159574.4680851064,
        "Anthropic": 79787.2340425532,
        "Meta_AI": 37234.04255319149,
        "NovaMind": 95744.68085106382
      }
    ],
    [
      6,
      {
        "Anthropic": 100000.0,
        "OpenAI": 100000.0,
        "Meta_AI": 100000.0,
        "DeepMind": 100000.0,
        "NovaMind": 100000.0
      }
    ],
    [
      7,
      {
        "OpenAI": 166666.66666666666,
        "DeepMind": 133333.33333333334,
        "Anthropic": 88888.88888888889,
        "Meta_AI": 66666.66666666667,
        "NovaMind": 44444.444444444445
      }
    ],
    [
      8,
      {
        "OpenAI": 190677.9661016949,
        "DeepMind": 158898.30508474575,
        "Anthropic": 84745.7627118644,
        "NovaMind": 63559.3220338983,
        "Meta.AI": 2118.64406779661
      }
    ],
    [
      9,
      {
        "OpenAI": 150000.0,
        "DeepMind": 100000.0,
        "Anthropic": 75000.0,
        "NovaMind": 50000.0,
        "Meta_AI": 125000.0
      }
    ],
    [
      10,
      {
        "OpenAI": 233050.8474576271,
        "DeepMind": 190677.9661016949,
        "Anthropic": 74152.54237288135,
        "Meta.AI": 2118.64406779661,
        "NovaMind": 0.0
      }
    ],
    [
      11,
      {
        "OpenAI": 166666.66666666666,
        "DeepMind": 138888.8888888889,
        "Anthropic": 111111.11111111111,
        "NovaMind": 55555.555555555555,
        "Meta_AI": 27777.777777777777
      }
    ],
    [
      12,
      {
        "OpenAI": 235294.11764705883,
        "DeepMind": 176470.58823529413,
        "Anthropic": 44117.64705882353,
        "Meta.AI": 14705.882352941177,
        "NovaMind": 29411.764705882353
      }
    ],
    [
      13,
      {
        "DeepMind": 169014.08450704225,
        "OpenAI": 154929.57746478872,
        "Anthropic": 84507.04225352113,
        "NovaMind": 63380.281690140844,
        "Meta_AI": 28169.014084507042
      }
    ],
    [
      14,
      {
        "OpenAI": 189189.1891891892,
        "DeepMind": 162162.16216216216,
        "Meta_AI": 81081.08108108108,
        "NovaMind": 40540.54054054054,
        "Anthropic": 27027.02702702703
      }
    ],
    [
      15,
      {
        "DeepMind": 168539.32584269662,
        "OpenAI": 157303.37078651684,
        "NovaMind": 112359.55056179775,
        "Meta_AI": 28089.887640449437,
        "Anthropic": 33707.86516853933
      }
    ],
    [
      16,
      {
        "OpenAI": 187500.0,
        "DeepMind": 156250.0,
        "NovaMind": 78125.0,
        "Meta_AI": 46875.0,
        "Anthropic": 31250.0
      }
    ],
    [
      17,
      {
        "OpenAI": 177083.33333333334,
        "DeepMind": 166666.66666666666,
        "NovaMind": 83333.33333333333,
        "Meta_AI": 41666.666666666664,
        "Anthropic": 31250.0
      }
    ],
    [
      18,
      {
        "OpenAI": 241379.3103448276,
        "DeepMind": 172413.7931034483,
        "NovaMind": 51724.137931034486,
        "Meta_AI": 17241.379310344826,
        "Anthropic": 17241.379310344826
      }
    ],
    [
      19,
      {
        "OpenAI": 233050.8474576271,
        "DeepMind": 180084.74576271186,
        "Anthropic": 52966.101694915254,
        "NovaMind": 31779.66101694915,
        "Meta_AI": 2118.64406779661
      }
    ],
    [
      20,
      {
        "OpenAI": 220588.23529411765,
        "DeepMind": 171568.6274509804,
        "NovaMind": 73529.41176470589,
        "Meta_AI": 29411.764705882353,
        "Anthropic": 4901.9607843137255
      }
    ],
    [
      21,
      {
        "OpenAI": 215686.27450980394,
        "DeepMind": 176470.58823529413,
        "NovaMind": 78431.37254901961,
        "Meta_AI": 24509.803921568626,
        "Anthropic": 4901.9607843137255
      }
    ],
    [
      22,
      {
        "OpenAI": 192307.6923076923,
        "DeepMind": 157342.65734265733,
        "NovaMind": 104895.1048951049,
        "Anthropic": 43706.293706293705,
        "Meta_AI": 1748.2517482517483
      }
    ],
    [
      23,
      {
        "OpenAI": 261780.10471204188,
        "DeepMind": 157068.06282722513,
        "NovaMind": 78534.03141361257,
        "Meta_AI": 2094.2408376963353,
        "Anthropic": 523.5602094240838
      }
    ],
    [
      24,
      {
        "OpenAI": 231213.87283236993,
        "DeepMind": 173410.40462427746,
        "NovaMind": 86705.20231213873,
        "Meta_AI": 2890.173410404624,
        "Anthropic": 5780.346820809248
      }
    ],
    [
      25,
      {
        "OpenAI": 250000.0,
        "DeepMind": 187500.0,
        "NovaMind": 62500.0,
        "Meta_AI": 0.0,
        "Anthropic": 0.0
      }
    ],
    [
      26,
      {
        "OpenAI": 100000.0,
        "Meta_AI": 100000.0,
        "DeepMind": 100000.0,
        "Anthropic": 100000.0,
        "NovaMind": 100000.0
      }
    ],
    [
      27,
      {
        "OpenAI": 201612.90322580643,
        "DeepMind": 161290.32258064515,
        "NovaMind": 94086.02150537634,
        "Anthropic": 40322.58064516129,
        "Meta_AI": 2688.172043010753
      }
    ],
    [
      28,
      {
        "OpenAI": 225000.0,
        "DeepMind": 150000.0,
        "Meta_AI": 37500.0,
        "Anthropic": 25000.0,
        "NovaMind": 62500.0
      }
    ],
    [
      29,
      {
        "Anthropic": 100000.0,
        "OpenAI": 100000.0,
        "Meta_AI": 100000.0,
        "DeepMind": 100000.0,
        "NovaMind": 100000.0
      }
    ]
  ],