{
  "name": "OpenAI",
  "current_round": 9,
  "published_scores": [
    [
      0,
      0.7585695452716736
    ],
    [
      1,
      0.8524533036303945
    ],
    [
      2,
      0.9402670472190064
    ],
    [
      3,
      0.9402670472190064
    ],
    [
      4,
      0.981298522692941
    ],
    [
      5,
      0.981298522692941
    ],
    [
      6,
      0.981298522692941
    ],
    [
      7,
      0.981298522692941
    ],
    [
      8,
      0.8932539075914372
    ],
    [
      9,
      0.9493770974812884
    ]
  ]
}