{
  "name": "DeepMind",
  "current_round": 29,
  "published_scores": [
    [
      0,
      0.739147385744404
    ],
    [
      1,
      0.8742964954373601
    ],
    [
      2,
      0.8899108245304262
    ],
    [
      3,
      0.8993094409063234
    ],
    [
      4,
      0.9306147933515273
    ],
    [
      5,
      0.9306147933515273
    ],
    [
      6,
      0.9306147933515273
    ],
    [
      7,
      0.9306147933515273
    ],
    [
      8,
      0.817267836018885
    ],
    [
      9,
      0.8660483056896529
    ],
    [
      10,
      0.8772120511218908
    ],
    [
      11,
      0.8772120511218908
    ],
    [
      12,
      0.8772120511218908
    ],
    [
      13,
      0.8887044280185239
    ],
    [
      14,
      0.8887044280185239
    ],
    [
      15,
      0.8633195247352057
    ],
    [
      16,
      0.9103756713211894
    ],
    [
      17,
      0.914666093383326
    ],
    [
      18,
      0.9217495306629493
    ],
    [
      19,
      0.9217495306629493
    ],
    [
      20,
      0.9217495306629493
    ],
    [
      21,
      0.9508302042671491
    ],
    [
      22,
      0.9537378980539561
    ],
    [
      23,
      0.954739466594864
    ],
    [
      24,
      0.9631226532003618
    ],
    [
      25,
      0.9631226532003618
    ],
    [
      26,
      0.9645469586510015
    ],
    [
      27,
      0.9730935710503982
    ],
    [
      28,
      0.9730935710503982
    ],
    [
      29,
      0.9255842431009167
    ]
  ]
}