{
  "name": "DeepMind",
  "current_round": 29,
  "published_scores": [
    [
      0,
      0.6779960888856542
    ],
    [
      1,
      0.8233118418146963
    ],
    [
      2,
      0.8538540586449432
    ],
    [
      3,
      0.8663236313550443
    ],
    [
      4,
      0.9054655445287028
    ],
    [
      5,
      0.9054655445287028
    ],
    [
      6,
      0.9054655445287028
    ],
    [
      7,
      0.8250040036764075
    ],
    [
      8,
      0.8278260981226575
    ],
    [
      9,
      0.8278260981226575
    ],
    [
      10,
      0.8278260981226575
    ],
    [
      11,
      0.8408677765046144
    ],
    [
      12,
      0.8408677765046144
    ],
    [
      13,
      0.7844293967690962
    ],
    [
      14,
      0.8182768663669426
    ],
    [
      15,
      0.8400559703513574
    ],
    [
      16,
      0.919643077829635
    ],
    [
      17,
      0.919643077829635
    ],
    [
      18,
      0.919643077829635
    ],
    [
      19,
      0.834220181512652
    ],
    [
      20,
      0.9214542216499868
    ],
    [
      21,
      0.9462949852945841
    ],
    [
      22,
      0.9695268550347667
    ],
    [
      23,
      0.9874365403998245
    ],
    [
      24,
      0.9874365403998245
    ],
    [
      25,
      0.965547718158313
    ],
    [
      26,
      0.9809531184600899
    ],
    [
      27,
      1.0
    ],
    [
      28,
      1.0
    ],
    [
      29,
      1.0
    ]
  ]
}