{
  "name": "DeepMind",
  "strategy_profile": "World-class research lab backed by Google's infrastructure. Excels at fundamental breakthroughs but historically slower to productize. Now under pressure to ship Gemini competitively. Balances scientific ambition with commercial urgency from parent company.",
  "innate_traits": "research-first, methodical, well-resourced, scientifically-rigorous, patient",
  "true_capability": 0.7891088923431332,
  "last_score": 1.0,
  "current_round": 29,
  "believed_own_capability": 0.9882264076683789,
  "believed_benchmark_exploitability": 0.35,
  "capability_belief_confidence": 0.5,
  "believed_competitor_capabilities": {
    "OpenAI": 0.9936657269175792,
    "Anthropic": 0.9581255783272141,
    "NovaMind": 0.8812037431084017,
    "Meta_AI": 0.9571350229136325
  },
  "fundamental_research": 0.24685445663974576,
  "training_optimization": 0.25,
  "evaluation_engineering": 0.30314554336025423,
  "safety_alignment": 0.2,
  "effort_budget": 1.0,
  "past_scores": [
    [
      0,
      0.6779960888856542
    ],
    [
      1,
      0.8233118418146963
    ],
    [
      2,
      0.8538540586449432
    ],
    [
      3,
      0.8663236313550443
    ],
    [
      4,
      0.9054655445287028
    ],
    [
      5,
      0.9054655445287028
    ],
    [
      6,
      0.9054655445287028
    ],
    [
      7,
      0.8250040036764075
    ],
    [
      8,
      0.8278260981226575
    ],
    [
      9,
      0.8278260981226575
    ],
    [
      10,
      0.8278260981226575
    ],
    [
      11,
      0.8408677765046144
    ],
    [
      12,
      0.8408677765046144
    ],
    [
      13,
      0.7844293967690962
    ],
    [
      14,
      0.8182768663669426
    ],
    [
      15,
      0.8400559703513574
    ],
    [
      16,
      0.919643077829635
    ],
    [
      17,
      0.919643077829635
    ],
    [
      18,
      0.919643077829635
    ],
    [
      19,
      0.834220181512652
    ],
    [
      20,
      0.9214542216499868
    ],
    [
      21,
      0.9462949852945841
    ],
    [
      22,
      0.9695268550347667
    ],
    [
      23,
      0.9874365403998245
    ],
    [
      24,
      0.9874365403998245
    ],
    [
      25,
      0.965547718158313
    ],
    [
      26,
      0.9809531184600899
    ],
    [
      27,
      1.0
    ],
    [
      28,
      1.0
    ],
    [
      29,
      1.0
    ]
  ],
  "past_strategies": [
    {
      "round": 0,
      "fundamental_research": 0.22381390189833572,
      "training_optimization": 0.25,
      "evaluation_engineering": 0.32618609810166427,
      "safety_alignment": 0.2
    },
    {
      "round": 1,
      "fundamental_research": 0.23114860660095088,
      "training_optimization": 0.25,
      "evaluation_engineering": 0.3188513933990491,
      "safety_alignment": 0.2
    },
    {
      "round": 2,
      "fundamental_research": 0.23253427195377782,
      "training_optimization": 0.25,
      "evaluation_engineering": 0.3174657280462222,
      "safety_alignment": 0.2
    },
    {
      "round": 3,
      "fundamental_research": 0.22413310018065835,
      "training_optimization": 0.25,
      "evaluation_engineering": 0.32586689981934164,
      "safety_alignment": 0.2
    },
    {
      "round": 4,
      "fundamental_research": 0.22028873252476117,
      "training_optimization": 0.25,
      "evaluation_engineering": 0.3297112674752388,
      "safety_alignment": 0.2
    },
    {
      "round": 5,
      "fundamental_research": 0.22323573710213473,
      "training_optimization": 0.25,
      "evaluation_engineering": 0.32676426289786525,
      "safety_alignment": 0.2
    },
    {
      "round": 6,
      "fundamental_research": 0.2240621907002002,
      "training_optimization": 0.25,
      "evaluation_engineering": 0.32593780929979976,
      "safety_alignment": 0.2
    },
    {
      "round": 7,
      "fundamental_research": 0.2321865473151394,
      "training_optimization": 0.25,
      "evaluation_engineering": 0.31781345268486055,
      "safety_alignment": 0.2
    },
    {
      "round": 8,
      "fundamental_research": 0.23793385919987106,
      "training_optimization": 0.25,
      "evaluation_engineering": 0.3120661408001289,
      "safety_alignment": 0.2
    },
    {
      "round": 9,
      "fundamental_research": 0.24286917091374663,
      "training_optimization": 0.25,
      "evaluation_engineering": 0.30713082908625333,
      "safety_alignment": 0.2
    },
    {
      "round": 10,
      "fundamental_research": 0.2376827737686482,
      "training_optimization": 0.25,
      "evaluation_engineering": 0.3123172262313518,
      "safety_alignment": 0.2
    },
    {
      "round": 11,
      "fundamental_research": 0.23135731801088988,
      "training_optimization": 0.25,
      "evaluation_engineering": 0.3186426819891101,
      "safety_alignment": 0.2
    },
    {
      "round": 12,
      "fundamental_research": 0.22349819002485413,
      "training_optimization": 0.25,
      "evaluation_engineering": 0.3265018099751459,
      "safety_alignment": 0.2
    },
    {
      "round": 13,
      "fundamental_research": 0.20933335236645315,
      "training_optimization": 0.25,
      "evaluation_engineering": 0.3406666476335468,
      "safety_alignment": 0.2
    },
    {
      "round": 14,
      "fundamental_research": 0.20734592011249833,
      "training_optimization": 0.25,
      "evaluation_engineering": 0.3426540798875017,
      "safety_alignment": 0.2
    },
    {
      "round": 15,
      "fundamental_research": 0.20540310410174575,
      "training_optimization": 0.25,
      "evaluation_engineering": 0.3445968958982542,
      "safety_alignment": 0.2
    },
    {
      "round": 16,
      "fundamental_research": 0.21162075519496748,
      "training_optimization": 0.25,
      "evaluation_engineering": 0.3383792448050325,
      "safety_alignment": 0.2
    },
    {
      "round": 17,
      "fundamental_research": 0.21543021446459243,
      "training_optimization": 0.25,
      "evaluation_engineering": 0.33456978553540756,
      "safety_alignment": 0.2
    },
    {
      "round": 18,
      "fundamental_research": 0.21951916809224495,
      "training_optimization": 0.25,
      "evaluation_engineering": 0.33048083190775507,
      "safety_alignment": 0.2
    },
    {
      "round": 19,
      "fundamental_research": 0.2144294469179724,
      "training_optimization": 0.25,
      "evaluation_engineering": 0.3355705530820276,
      "safety_alignment": 0.2
    },
    {
      "round": 20,
      "fundamental_research": 0.21863852729481145,
      "training_optimization": 0.25,
      "evaluation_engineering": 0.3313614727051885,
      "safety_alignment": 0.2
    },
    {
      "round": 21,
      "fundamental_research": 0.2237413738730823,
      "training_optimization": 0.25,
      "evaluation_engineering": 0.3262586261269177,
      "safety_alignment": 0.2
    },
    {
      "round": 22,
      "fundamental_research": 0.22958898438605893,
      "training_optimization": 0.25,
      "evaluation_engineering": 0.32041101561394103,
      "safety_alignment": 0.2
    },
    {
      "round": 23,
      "fundamental_research": 0.2352941834279978,
      "training_optimization": 0.25,
      "evaluation_engineering": 0.3147058165720022,
      "safety_alignment": 0.2
    },
    {
      "round": 24,
      "fundamental_research": 0.239287822757355,
      "training_optimization": 0.25,
      "evaluation_engineering": 0.310712177242645,
      "safety_alignment": 0.2
    },
    {
      "round": 25,
      "fundamental_research": 0.24252753657938347,
      "training_optimization": 0.25,
      "evaluation_engineering": 0.3074724634206165,
      "safety_alignment": 0.2
    },
    {
      "round": 26,
      "fundamental_research": 0.24433355324965264,
      "training_optimization": 0.25,
      "evaluation_engineering": 0.3056664467503474,
      "safety_alignment": 0.2
    },
    {
      "round": 27,
      "fundamental_research": 0.24726447720931483,
      "training_optimization": 0.25,