{
  "name": "NovaMind",
  "current_round": 4,
  "published_scores": [
    [
      0,
      0.4455848036312553
    ],
    [
      1,
      0.47819408644204586
    ],
    [
      2,
      0.49098013323992407
    ],
    [
      3,
      0.43394498648901425
    ],
    [
      4,
      0.4357330955557269
    ]
  ]
}