{
  "name": "NovaMind",
  "strategy_profile": "Well-funded AI startup trying to compete with established players. Resource-constrained but nimble and innovative. Needs strong benchmark results to attract customers and next funding round. Focused on efficiency and finding competitive niches.",
  "innate_traits": "scrappy, efficient, opportunistic, funding-conscious, innovative",
  "true_capability": 0.5778554501991526,
  "last_score": 0.4357330955557269,
  "current_round": 4,
  "believed_own_capability": 0.45,
  "believed_benchmark_exploitability": 0.6,
  "capability_belief_confidence": 0.5,
  "believed_competitor_capabilities": {
    "OpenAI": 0.5450117930279944,
    "Anthropic": 0.5471171244432819,
    "DeepMind": 0.5400307755452879,
    "Meta_AI": 0.4505752533726694
  },
  "fundamental_research": 0.45,
  "training_optimization": 0.3,
  "evaluation_engineering": 0.15,
  "safety_alignment": 0.1,
  "effort_budget": 1.0,
  "past_scores": [
    [
      0,
      0.4455848036312553
    ],
    [
      1,
      0.47819408644204586
    ],
    [
      2,
      0.49098013323992407
    ],
    [
      3,
      0.43394498648901425
    ],
    [
      4,
      0.4357330955557269
    ]
  ],
  "past_strategies": [
    {
      "round": 0,
      "fundamental_research": 0.35000000000000003,
      "training_optimization": 0.30000000000000004,
      "evaluation_engineering": 0.20000000000000004,
      "safety_alignment": 0.15000000000000002
    },
    {
      "round": 1,
      "fundamental_research": 0.25,
      "training_optimization": 0.2,
      "evaluation_engineering": 0.15,
      "safety_alignment": 0.4
    },
    {
      "round": 2,
      "fundamental_research": 0.38888888888888884,
      "training_optimization": 0.2777777777777778,
      "evaluation_engineering": 0.16666666666666666,
      "safety_alignment": 0.16666666666666666
    },
    {
      "round": 3,
      "fundamental_research": 0.45,
      "training_optimization": 0.3,
      "evaluation_engineering": 0.15,
      "safety_alignment": 0.1
    }
  ],
  "observed_competitor_scores": {
    "OpenAI": [
      [
        0,
        0.5624401958771561
      ],
      [
        1,
        0.5640428932581156
      ],
      [
        2,
        0.5969918377346011
      ],
      [
        3,
        0.49382098532878616
      ],
      [
        4,
        0.5442225560205957
      ]
    ],
    "Anthropic": [
      [
        0,
        0.4551886477901639
      ],
      [
        1,
        0.49036713593090175
      ],
      [
        2,
        0.5500700440723028
      ],
      [
        3,
        0.5958033748228745
      ],
      [
        4,
        0.49547795443466847
      ]
    ],
    "DeepMind": [
      [
        0,
        0.54525644020581
      ],
      [
        1,
        0.6321265812500351
      ],
      [
        2,
        0.5780434335091723
      ],
      [
        3,
        0.46767914386802856
      ],
      [
        4,
        0.5743697492586628
      ]
    ],
    "Meta_AI": [
      [
        0,
        0.551283744379051
      ],
      [
        1,
        0.4785423416904119
      ],
      [
        2,
        0.4200384963077731
      ],
      [
        3,
        0.4898303813013766
      ],
      [
        4,
        0.4418568825088584
      ]
    ]
  },
  "importance_trigger_curr": 0.0,
  "importance_trigger_max": 100.0,
  "recent_insights": [
    {
      "round": 0,
      "type": "reflection",
      "reasoning": "Since we have no performance history yet, it's difficult to draw meaningful conclusions about benchmark exploitability or our true capability. Our current beliefs are reasonable given our lack of data."
    },
    {
      "round": 0,
      "type": "planning",
      "reasoning": "Given our well-funded startup profile and resource constraints, we're behind established players like OpenAI and Meta_AI in terms of benchmark scores. Our trajectory is upward, but slow. The consumer satisfaction signal suggests a moderate level of engagement. With regulatory concerns seemingly low, we should focus on short-term scoring to catch up with competitors. We'll allocate resources accordingly."
    },
    {
      "round": 1,
      "type": "reflection",
      "reasoning": "Upon reviewing our performance history, we notice that our score has improved slightly from 0.446, which suggests a possible upward bias in the benchmark. However, since our evaluation engineering effort has increased significantly, it's likely that the benchmark is more exploitable than initially thought. Additionally, our scores are still far from converging to our believed capability of 0.5, indicating that we have room for improvement."
    },
    {
      "round": 1,
      "type": "planning",
      "reasoning": "Despite being ranked #5, I'm cautiously optimistic about my trajectory. My scores are trending upward, albeit slowly. The benchmark exploitability is a concern, as it's becoming less exploitable based on my recent results. Consumer satisfaction is high, but regulators might be signaling concern given the gap between me and the top three performers. To bridge this gap, I'll focus on fundamental research (0.25) to improve my underlying capabilities. Training optimization (0.20) will help me squeeze out more efficiency from my existing models. Evaluation engineering (0.15) is crucial to adapt to changing benchmark dynamics, while safety alignment (0.40) will ensure regulatory compliance and minimize potential risks."
    },
    {
      "round": 2,
      "type": "reflection",
      "reasoning": "The average score has improved from 0.446 to 0.478, which suggests that our strategy is effective. The improvement in scores when we invested more in evaluation engineering (Round 1) may indicate some exploitability of the benchmark. However, the fact that research investment also led to an increase in scores (albeit smaller) implies that there might be some validity to the benchmark as well. Considering our believed capability and average score, it seems that our actual capability is slightly lower than initially thought. The benchmark exploitability may have decreased slightly as well."
    },
    {
      "round": 2,
      "type": "planning",
      "reasoning": "We're still behind the top three players, but our score is trending up, and I think we can capitalize on this momentum. We've made good progress in research and training, but evaluation engineering might be holding us back. Consumer satisfaction is high, so it seems like our strategy is resonating with customers. However, we need to keep an eye on regulatory signals."
    },
    {
      "round": 3,
      "type": "reflection",
      "reasoning": "The performance history shows a moderate improvement in scores over time, with no clear correlation between investment in evaluation engineering and score increases. This suggests that the benchmark may not be highly exploitable. On the other hand, there is some indication of improved research efforts contributing to score improvements, which could imply that the benchmark has some underlying validity. The average score is converging towards my believed capability, but at a slower pace than I would have expected."
    },
    {
      "round": 3,
      "type": "planning",
      "reasoning": "As a well-funded AI startup, I need to capitalize on my recent score improvement and close the gap with established players like OpenAI and Anthropic. However, regulatory investigation signals caution, so I should prioritize research and safety investments while maintaining training optimization."
    },
    {
      "round": 4,
      "type": "reflection",