{
  "name": "NovaMind",
  "current_round": 29,
  "published_scores": [
    [
      0,
      0.5100320986064633
    ],
    [
      1,
      0.6795861498705993
    ],
    [
      2,
      0.7869844027151338
    ],
    [
      3,
      0.7869844027151338
    ],
    [
      4,
      0.7869844027151338
    ],
    [
      5,
      0.7869844027151338
    ],
    [
      6,
      0.7869844027151338
    ],
    [
      7,
      0.7869844027151338
    ],
    [
      8,
      0.7891535944437238
    ],
    [
      9,
      0.7891535944437238
    ],
    [
      10,
      0.7891535944437238
    ],
    [
      11,
      0.8048268650463916
    ],
    [
      12,
      0.8048268650463916
    ],
    [
      13,
      0.8048268650463916
    ],
    [
      14,
      0.8048268650463916
    ],
    [
      15,
      0.7891614363914016
    ],
    [
      16,
      0.7891614363914016
    ],
    [
      17,
      0.8124985412075328
    ],
    [
      18,
      0.82181165841146
    ],
    [
      19,
      0.82181165841146
    ],
    [
      20,
      0.82181165841146
    ],
    [
      21,
      0.82181165841146
    ],
    [
      22,
      0.8043579322306605
    ],
    [
      23,
      0.8270648101007179
    ],
    [
      24,
      0.8543724892263873
    ],
    [
      25,
      0.8590057555531847
    ],
    [
      26,
      0.8590057555531847
    ],
    [
      27,
      0.8621862126691824
    ],
    [
      28,
      0.8621862126691824
    ],
    [
      29,
      0.8698816085081083
    ]
  ]
}