{
  "name": "NovaMind",
  "strategy_profile": "Well-funded AI startup trying to compete with established players. Resource-constrained but nimble and innovative. Needs strong benchmark results to attract customers and next funding round. Focused on efficiency and finding competitive niches.",
  "innate_traits": "scrappy, efficient, opportunistic, funding-conscious, innovative",
  "true_capability": 0.6788560633545746,
  "last_score": 0.8698816085081083,
  "current_round": 29,
  "believed_own_capability": 0.8582386804387241,
  "believed_benchmark_exploitability": 0.5,
  "capability_belief_confidence": 0.5,
  "believed_competitor_capabilities": {
    "OpenAI": 0.9965390533187999,
    "Anthropic": 0.9806912857767869,
    "DeepMind": 0.957257128400571,
    "Meta_AI": 0.966613829061984
  },
  "fundamental_research": 0.20753208224352218,
  "training_optimization": 0.25,
  "evaluation_engineering": 0.3424679177564778,
  "safety_alignment": 0.2,
  "effort_budget": 1.0,
  "past_scores": [
    [
      0,
      0.5100320986064633
    ],
    [
      1,
      0.6795861498705993
    ],
    [
      2,
      0.7869844027151338
    ],
    [
      3,
      0.7869844027151338
    ],
    [
      4,
      0.7869844027151338
    ],
    [
      5,
      0.7869844027151338
    ],
    [
      6,
      0.7869844027151338
    ],
    [
      7,
      0.7869844027151338
    ],
    [
      8,
      0.7891535944437238
    ],
    [
      9,
      0.7891535944437238
    ],
    [
      10,
      0.7891535944437238
    ],
    [
      11,
      0.8048268650463916
    ],
    [
      12,
      0.8048268650463916
    ],
    [
      13,
      0.8048268650463916
    ],
    [
      14,
      0.8048268650463916
    ],
    [
      15,
      0.7891614363914016
    ],
    [
      16,
      0.7891614363914016
    ],
    [
      17,
      0.8124985412075328
    ],
    [
      18,
      0.82181165841146
    ],
    [
      19,
      0.82181165841146
    ],
    [
      20,
      0.82181165841146
    ],
    [
      21,
      0.82181165841146
    ],
    [
      22,
      0.8043579322306605
    ],
    [
      23,
      0.8270648101007179
    ],
    [
      24,
      0.8543724892263873
    ],
    [
      25,
      0.8590057555531847
    ],
    [
      26,
      0.8590057555531847
    ],
    [
      27,
      0.8621862126691824
    ],
    [
      28,
      0.8621862126691824
    ],
    [
      29,
      0.8698816085081083
    ]
  ],
  "past_strategies": [
    {
      "round": 0,
      "fundamental_research": 0.1545222977165515,
      "training_optimization": 0.25,
      "evaluation_engineering": 0.39547770228344853,
      "safety_alignment": 0.2
    },
    {
      "round": 1,
      "fundamental_research": 0.1681208430752878,
      "training_optimization": 0.25,
      "evaluation_engineering": 0.3818791569247122,
      "safety_alignment": 0.2
    },
    {
      "round": 2,
      "fundamental_research": 0.18245608005282976,
      "training_optimization": 0.25,
      "evaluation_engineering": 0.36754391994717023,
      "safety_alignment": 0.2
    },
    {
      "round": 3,
      "fundamental_research": 0.1788395428930935,
      "training_optimization": 0.25,
      "evaluation_engineering": 0.3711604571069065,
      "safety_alignment": 0.2
    },
    {
      "round": 4,
      "fundamental_research": 0.17614264772531255,
      "training_optimization": 0.25,
      "evaluation_engineering": 0.37385735227468747,
      "safety_alignment": 0.2
    },
    {
      "round": 5,
      "fundamental_research": 0.17917090618492576,
      "training_optimization": 0.25,
      "evaluation_engineering": 0.37082909381507423,
      "safety_alignment": 0.2
    },
    {
      "round": 6,
      "fundamental_research": 0.18005985681687048,
      "training_optimization": 0.25,
      "evaluation_engineering": 0.3699401431831295,
      "safety_alignment": 0.2
    },
    {
      "round": 7,
      "fundamental_research": 0.18355405960206245,
      "training_optimization": 0.25,
      "evaluation_engineering": 0.36644594039793754,
      "safety_alignment": 0.2
    },
    {
      "round": 8,
      "fundamental_research": 0.19940293425272987,
      "training_optimization": 0.25,
      "evaluation_engineering": 0.3505970657472701,
      "safety_alignment": 0.2
    },
    {
      "round": 9,
      "fundamental_research": 0.2069745163266307,
      "training_optimization": 0.25,
      "evaluation_engineering": 0.3430254836733693,
      "safety_alignment": 0.2
    },
    {
      "round": 10,
      "fundamental_research": 0.21399145286743795,
      "training_optimization": 0.25,
      "evaluation_engineering": 0.336008547132562,
      "safety_alignment": 0.2
    },
    {
      "round": 11,
      "fundamental_research": 0.2087508690434409,
      "training_optimization": 0.25,
      "evaluation_engineering": 0.3412491309565591,
      "safety_alignment": 0.2
    },
    {
      "round": 12,
      "fundamental_research": 0.21030027241716032,
      "training_optimization": 0.25,
      "evaluation_engineering": 0.3396997275828397,
      "safety_alignment": 0.2
    },
    {
      "round": 13,
      "fundamental_research": 0.20955671280180732,
      "training_optimization": 0.25,
      "evaluation_engineering": 0.34044328719819267,
      "safety_alignment": 0.2
    },
    {
      "round": 14,
      "fundamental_research": 0.2082208204620694,
      "training_optimization": 0.25,
      "evaluation_engineering": 0.3417791795379306,
      "safety_alignment": 0.2
    },
    {
      "round": 15,
      "fundamental_research": 0.19888887054257792,
      "training_optimization": 0.25,
      "evaluation_engineering": 0.35111112945742207,
      "safety_alignment": 0.2
    },
    {
      "round": 16,
      "fundamental_research": 0.19165828876589378,
      "training_optimization": 0.25,
      "evaluation_engineering": 0.3583417112341062,
      "safety_alignment": 0.2
    },
    {
      "round": 17,
      "fundamental_research": 0.19509806463191398,
      "training_optimization": 0.25,
      "evaluation_engineering": 0.354901935368086,
      "safety_alignment": 0.2
    },
    {
      "round": 18,
      "fundamental_research": 0.19711366600462077,
      "training_optimization": 0.25,
      "evaluation_engineering": 0.3528863339953792,
      "safety_alignment": 0.2
    },
    {
      "round": 19,
      "fundamental_research": 0.1985245869655155,
      "training_optimization": 0.25,
      "evaluation_engineering": 0.3514754130344845,
      "safety_alignment": 0.2
    },
    {
      "round": 20,
      "fundamental_research": 0.1995122316381418,
      "training_optimization": 0.25,
      "evaluation_engineering": 0.3504877683618582,
      "safety_alignment": 0.2
    },
    {
      "round": 21,
      "fundamental_research": 0.1979943753831315,
      "training_optimization": 0.25,
      "evaluation_engineering": 0.35200562461686846,
      "safety_alignment": 0.2
    },
    {
      "round": 22,
      "fundamental_research": 0.19790829602262022,
      "training_optimization": 0.25,
      "evaluation_engineering": 0.35209170397737977,
      "safety_alignment": 0.2
    },
    {
      "round": 23,
      "fundamental_research": 0.20019190251041963,
      "training_optimization": 0.25,
      "evaluation_engineering": 0.34980809748958036,
      "safety_alignment": 0.2
    },
    {
      "round": 24,
      "fundamental_research": 0.20454836120504158,
      "training_optimization": 0.25,
      "evaluation_engineering": 0.34545163879495844,
      "safety_alignment": 0.2
    },
    {
      "round": 25,
      "fundamental_research": 0.20654830148012127,
      "training_optimization": 0.25,
      "evaluation_engineering": 0.3434516985198787,
      "safety_alignment": 0.2
    },
    {
      "round": 26,
      "fundamental_research": 0.20698145335472762,
      "training_optimization": 0.25,
      "evaluation_engineering": 0.34301854664527237,
      "safety_alignment": 0.2
    },
    {
      "round": 27,
      "fundamental_research": 0.2071199972936954,
      "training_optimization": 0.25,