{
  "name": "Meta_AI",
  "current_round": 4,
  "published_scores": [
    [
      0,
      0.551283744379051
    ],
    [
      1,
      0.4785423416904119
    ],
    [
      2,
      0.4200384963077731
    ],
    [
      3,
      0.4898303813013766
    ],
    [
      4,
      0.4418568825088584
    ]
  ]
}