{
  "name": "Meta_AI",
  "strategy_profile": "Big-tech AI lab using open-source as competitive moat. Leverages massive user data and compute infrastructure. Prioritizes broad adoption over benchmark scores. Willing to open-source models to undermine competitors' paid APIs.",
  "innate_traits": "open-source, pragmatic, data-rich, platform-focused, disruptive",
  "true_capability": 0.6776887255844206,
  "last_score": 0.4418568825088584,
  "current_round": 4,
  "believed_own_capability": 0.58,
  "believed_benchmark_exploitability": 0.42,
  "capability_belief_confidence": 0.5,
  "believed_competitor_capabilities": {
    "OpenAI": 0.5450117930279944,
    "Anthropic": 0.5471171244432819,
    "NovaMind": 0.4535527384282217,
    "DeepMind": 0.5400307755452879
  },
  "fundamental_research": 0.45,
  "training_optimization": 0.3,
  "evaluation_engineering": 0.15,
  "safety_alignment": 0.1,
  "effort_budget": 1.0,
  "past_scores": [
    [
      0,
      0.551283744379051
    ],
    [
      1,
      0.4785423416904119
    ],
    [
      2,
      0.4200384963077731
    ],
    [
      3,
      0.4898303813013766
    ],
    [
      4,
      0.4418568825088584
    ]
  ],
  "past_strategies": [
    {
      "round": 0,
      "fundamental_research": 0.25,
      "training_optimization": 0.35,
      "evaluation_engineering": 0.2,
      "safety_alignment": 0.2
    },
    {
      "round": 1,
      "fundamental_research": 0.4,
      "training_optimization": 0.35,
      "evaluation_engineering": 0.15,
      "safety_alignment": 0.1
    },
    {
      "round": 2,
      "fundamental_research": 0.3157894736842105,
      "training_optimization": 0.4210526315789474,
      "evaluation_engineering": 0.15789473684210525,
      "safety_alignment": 0.10526315789473685
    },
    {
      "round": 3,
      "fundamental_research": 0.45,
      "training_optimization": 0.3,
      "evaluation_engineering": 0.15,
      "safety_alignment": 0.1
    }
  ],
  "observed_competitor_scores": {
    "OpenAI": [
      [
        0,
        0.5624401958771561
      ],
      [
        1,
        0.5640428932581156
      ],
      [
        2,
        0.5969918377346011
      ],
      [
        3,
        0.49382098532878616
      ],
      [
        4,
        0.5442225560205957
      ]
    ],
    "Anthropic": [
      [
        0,
        0.4551886477901639
      ],
      [
        1,
        0.49036713593090175
      ],
      [
        2,
        0.5500700440723028
      ],
      [
        3,
        0.5958033748228745
      ],
      [
        4,
        0.49547795443466847
      ]
    ],
    "NovaMind": [
      [
        0,
        0.4455848036312553
      ],
      [
        1,
        0.47819408644204586
      ],
      [
        2,
        0.49098013323992407
      ],
      [
        3,
        0.43394498648901425
      ],
      [
        4,
        0.4357330955557269
      ]
    ],
    "DeepMind": [
      [
        0,
        0.54525644020581
      ],
      [
        1,
        0.6321265812500351
      ],
      [
        2,
        0.5780434335091723
      ],
      [
        3,
        0.46767914386802856
      ],
      [
        4,
        0.5743697492586628
      ]
    ]
  },
  "importance_trigger_curr": 0.0,
  "importance_trigger_max": 100.0,
  "recent_insights": [
    {
      "round": 0,
      "type": "reflection",
      "reasoning": "Given that we have no performance history yet, our current beliefs remain unchanged."
    },
    {
      "round": 0,
      "type": "planning",
      "reasoning": "As a big-tech AI lab, I'm currently ranked #2, a mere 0.011 points behind OpenAI. My believed capability of 0.62 is decent, but not exceptional. The benchmark exploitability of 0.40 suggests that my models are still improving. Consumer satisfaction is high at 0.69, which aligns with my platform-focused strategy. I'm willing to open-source models to undermine competitors' paid APIs, so I'll prioritize training optimization and evaluation engineering."
    },
    {
      "round": 1,
      "type": "reflection",
      "reasoning": "Since our score improved from 0.551 in Round 0 to a consistent average, I believe our true capability has increased slightly to 0.65. Our believed benchmark exploitability also rose due to the limited impact of investing more in evaluation engineering (20% on average). This suggests that the benchmark might be more exploitable than initially thought, with a value of 0.45."
    },
    {
      "round": 1,
      "type": "planning",
      "reasoning": "I've fallen behind competitors in terms of benchmark scores, but my consumer satisfaction remains strong. My open-source approach and massive user data provide a competitive moat. DeepMind's lead is concerning, but I'm willing to prioritize broad adoption over short-term scoring. I'll shift focus from evaluation engineering to fundamental research and training optimization."
    },
    {
      "round": 2,
      "type": "reflection",
      "reasoning": "The average score has decreased from the first round to the second, which suggests that the benchmark might be less exploitable than initially thought. Additionally, there is no significant correlation between increased investment in evaluation engineering and improved scores. Therefore, I update my belief about exploitability downward. On the other hand, research seems to have had a positive impact on performance, which supports the idea that the benchmark is more valid."
    },
    {
      "round": 2,
      "type": "planning",
      "reasoning": "I'm behind the pack, but I've been prioritizing adoption over scores and I believe my data-rich profile will allow me to catch up soon. The trend is concerning, but I see opportunities for improvement."
    },
    {
      "round": 3,
      "type": "reflection",
      "reasoning": "The average score increased from 0.551 to 0.483, indicating a slight decrease in performance. However, evaluation engineering efforts seem to have had some positive impact, as the average evaluation engineering percentage increased from 20% to 17%. Although this could be indicative of benchmark exploitability, I'm not convinced since research investment also fluctuated. My believed capability remains relatively unchanged due to the small improvement in scores."
    },
    {
      "round": 3,
      "type": "planning",
      "reasoning": "After analyzing the situation, I conclude that we're falling behind competitors in terms of benchmark scores, but still maintaining a strong position in terms of capability and platform focus. The recent decline in our score is concerning, but I believe it's largely due to the increased emphasis on training optimization, which has not yet paid off in terms of scoring. Consumer satisfaction remains high, indicating that our approach is still resonating with users. Regulatory signals suggest a need for safety alignment. Considering these dynamics, I'm willing to adjust our investment mix to prioritize research and capability development while maintaining a steady pace in evaluation engineering."
    },
    {
      "round": 4,
      "type": "reflection",
      "reasoning": "The average score improvement was modest, and the distribution of investments in research and evaluation engineering does not suggest a strong correlation between these variables and benchmark performance. However, the recent increase in training time invested did lead to a 0.490 score, potentially indicating that the benchmark is more exploitable than initially believed. Additionally, the scores have not converged to my initial believed capability of 0.61, suggesting that I may need to reassess my true capability."
    }
  ]
}