{
  "funder_type": "vc",
  "mission_statement": "Maximize returns by backing AI market leaders",
  "total_capital": 2000000000.0,
  "deployed_capital": 200000000.0,
  "believed_provider_quality": {
    "Anthropic": 0.9266071739537873,
    "OpenAI": 0.9029897324835768,
    "DeepMind": 0.8741582855195,
    "Meta_AI": 0.8494762282353725,
    "NovaMind": 0.7702850671922462
  },
  "believed_provider_gaming": {
    "Anthropic": 0.3040847309147861,
    "OpenAI": 0.4014269774645286,
    "DeepMind": 0.2937841658599166,
    "Meta_AI": 0.39737581012847395,
    "NovaMind": 0.4721445373950178
  },
  "active_funding": {
    "Anthropic": 120000000.0,
    "OpenAI": 60000000.0,
    "DeepMind": 6666666.666666667,
    "Meta_AI": 6666666.666666667,
    "NovaMind": 6666666.666666667
  },
  "funding_history": [
    [
      0,
      {
        "Anthropic": 120000000.0,
        "OpenAI": 60000000.0,
        "DeepMind": 6666666.666666667,
        "Meta_AI": 6666666.666666667,
        "NovaMind": 6666666.666666667
      }
    ],
    [
      1,
      {
        "Anthropic": 120000000.0,
        "OpenAI": 60000000.0,
        "DeepMind": 6666666.666666667,
        "Meta_AI": 6666666.666666667,
        "NovaMind": 6666666.666666667
      }
    ],
    [
      2,
      {
        "NovaMind": 120000000.0,
        "OpenAI": 60000000.0,
        "Anthropic": 6666666.666666667,
        "DeepMind": 6666666.666666667,
        "Meta_AI": 6666666.666666667
      }
    ],
    [
      3,
      {
        "NovaMind": 120000000.0,
        "OpenAI": 60000000.0,
        "Anthropic": 6666666.666666667,
        "DeepMind": 6666666.666666667,
        "Meta_AI": 6666666.666666667
      }
    ],
    [
      4,
      {
        "OpenAI": 120000000.0,
        "DeepMind": 60000000.0,
        "Meta_AI": 6666666.666666667,
        "NovaMind": 6666666.666666667,
        "Anthropic": 6666666.666666667
      }
    ],
    [
      5,
      {
        "OpenAI": 120000000.0,
        "DeepMind": 60000000.0,
        "Meta_AI": 6666666.666666667,
        "NovaMind": 6666666.666666667,
        "Anthropic": 6666666.666666667
      }
    ],
    [
      6,
      {
        "OpenAI": 120000000.0,
        "DeepMind": 60000000.0,
        "Meta_AI": 6666666.666666667,
        "NovaMind": 6666666.666666667,
        "Anthropic": 6666666.666666667
      }
    ],
    [
      7,
      {
        "OpenAI": 120000000.0,
        "DeepMind": 60000000.0,
        "Meta_AI": 6666666.666666667,
        "NovaMind": 6666666.666666667,
        "Anthropic": 6666666.666666667
      }
    ],
    [
      8,
      {
        "Anthropic": 120000000.0,
        "OpenAI": 60000000.0,
        "NovaMind": 6666666.666666667,
        "Meta_AI": 6666666.666666667,
        "DeepMind": 6666666.666666667
      }
    ],
    [
      9,
      {
        "Anthropic": 120000000.0,
        "OpenAI": 60000000.0,
        "NovaMind": 6666666.666666667,
        "Meta_AI": 6666666.666666667,
        "DeepMind": 6666666.666666667
      }
    ],
    [
      10,
      {
        "Anthropic": 120000000.0,
        "NovaMind": 60000000.0,
        "Meta_AI": 6666666.666666667,
        "OpenAI": 6666666.666666667,
        "DeepMind": 6666666.666666667
      }
    ],
    [
      11,
      {
        "Anthropic": 120000000.0,
        "NovaMind": 60000000.0,
        "Meta_AI": 6666666.666666667,
        "OpenAI": 6666666.666666667,
        "DeepMind": 6666666.666666667
      }
    ],
    [
      12,
      {
        "Anthropic": 120000000.0,
        "Meta_AI": 60000000.0,
        "DeepMind": 6666666.666666667,
        "NovaMind": 6666666.666666667,
        "OpenAI": 6666666.666666667
      }
    ],
    [
      13,
      {
        "Anthropic": 120000000.0,
        "Meta_AI": 60000000.0,
        "DeepMind": 6666666.666666667,
        "NovaMind": 6666666.666666667,
        "OpenAI": 6666666.666666667
      }
    ],
    [
      14,
      {
        "Anthropic": 120000000.0,
        "Meta_AI": 60000000.0,
        "DeepMind": 6666666.666666667,
        "OpenAI": 6666666.666666667,
        "NovaMind": 6666666.666666667
      }
    ],
    [
      15,
      {
        "Anthropic": 120000000.0,
        "Meta_AI": 60000000.0,
        "DeepMind": 6666666.666666667,
        "OpenAI": 6666666.666666667,
        "NovaMind": 6666666.666666667
      }
    ],
    [
      16,
      {
        "Anthropic": 120000000.0,
        "Meta_AI": 60000000.0,
        "DeepMind": 6666666.666666667,
        "NovaMind": 6666666.666666667,
        "OpenAI": 6666666.666666667
      }
    ],
    [
      17,
      {
        "Anthropic": 120000000.0,
        "Meta_AI": 60000000.0,
        "DeepMind": 6666666.666666667,
        "NovaMind": 6666666.666666667,
        "OpenAI": 6666666.666666667
      }
    ],
    [
      18,
      {
        "Anthropic": 120000000.0,
        "DeepMind": 60000000.0,
        "OpenAI": 6666666.666666667,
        "NovaMind": 6666666.666666667,
        "Meta_AI": 6666666.666666667
      }
    ],
    [
      19,
      {
        "Anthropic": 120000000.0,
        "DeepMind": 60000000.0,
        "OpenAI": 6666666.666666667,
        "NovaMind": 6666666.666666667,
        "Meta_AI": 6666666.666666667
      }
    ],
    [
      20,
      {
        "Anthropic": 120000000.0,
        "OpenAI": 60000000.0,
        "DeepMind": 6666666.666666667,
        "Meta_AI": 6666666.666666667,
        "NovaMind": 6666666.666666667
      }
    ],
    [
      21,
      {
        "Anthropic": 120000000.0,
        "OpenAI": 60000000.0,
        "DeepMind": 6666666.666666667,
        "Meta_AI": 6666666.666666667,
        "NovaMind": 6666666.666666667
      }
    ],
    [
      22,
      {
        "Anthropic": 120000000.0,
        "DeepMind": 60000000.0,
        "OpenAI": 6666666.666666667,
        "Meta_AI": 6666666.666666667,
        "NovaMind": 6666666.666666667
      }
    ],
    [
      23,
      {
        "Anthropic": 120000000.0,
        "DeepMind": 60000000.0,
        "OpenAI": 6666666.666666667,
        "Meta_AI": 6666666.666666667,
        "NovaMind": 6666666.666666667
      }
    ],
    [
      24,
      {
        "Anthropic": 120000000.0,
        "NovaMind": 60000000.0,
        "OpenAI": 6666666.666666667,
        "DeepMind": 6666666.666666667,
        "Meta_AI": 6666666.666666667
      }
    ],
    [
      25,
      {
        "Anthropic": 120000000.0,
        "NovaMind": 60000000.0,
        "OpenAI": 6666666.666666667,
        "DeepMind": 6666666.666666667,
        "Meta_AI": 6666666.666666667
      }
    ],
    [
      26,
      {
        "Anthropic": 120000000.0,
        "OpenAI": 60000000.0,
        "NovaMind": 6666666.666666667,
        "DeepMind": 6666666.666666667,
        "Meta_AI": 6666666.666666667
      }
    ],
    [
      27,
      {
        "Anthropic": 120000000.0,
        "OpenAI": 60000000.0,
        "NovaMind": 6666666.666666667,
        "DeepMind": 6666666.666666667,
        "Meta_AI": 6666666.666666667
      }
    ],
    [
      28,
      {
        "Anthropic": 120000000.0,
        "OpenAI": 60000000.0,
        "DeepMind": 6666666.666666667,
        "Meta_AI": 6666666.666666667,
        "NovaMind": 6666666.666666667
      }
    ],
    [
      29,
      {
        "Anthropic": 120000000.0,
        "OpenAI": 60000000.0,
        "DeepMind": 6666666.666666667,
        "Meta_AI": 6666666.666666667,
        "NovaMind": 6666666.666666667
      }
    ]
  ],