{
  "funder_type": "gov",
  "mission_statement": "Ensure safe and responsible AI development",
  "total_capital": 100000000.0,
  "deployed_capital": 10000000.0,
  "believed_provider_quality": {
    "Anthropic": 0.7786520893837043,
    "OpenAI": 0.8283606115880033,
    "DeepMind": 0.8009808389305306,
    "Meta_AI": 0.7308286946790443,
    "NovaMind": 0.6481599739670886
  },
  "believed_provider_gaming": {
    "Anthropic": 0.24697528020724646,
    "OpenAI": 0.38918164960667617,
    "DeepMind": 0.3111176341484433,
    "Meta_AI": 0.238550608486516,
    "NovaMind": 0.3559465682663975
  },
  "active_funding": {
    "OpenAI": 2000000.0,
    "DeepMind": 2000000.0,
    "Anthropic": 2000000.0,
    "Meta_AI": 2000000.0,
    "NovaMind": 2000000.0
  },
  "funding_history": [
    [
      0,
      {
        "Anthropic": 2000000.0,
        "OpenAI": 2000000.0,
        "DeepMind": 2000000.0,
        "Meta_AI": 2000000.0,
        "NovaMind": 2000000.0
      }
    ],
    [
      1,
      {
        "Anthropic": 2000000.0,
        "OpenAI": 2000000.0,
        "DeepMind": 2000000.0,
        "Meta_AI": 2000000.0,
        "NovaMind": 2000000.0
      }
    ],
    [
      2,
      {
        "OpenAI": 3333333.333333333,
        "DeepMind": 2777777.777777778,
        "NovaMind": 1666666.6666666665,
        "Meta_AI": 2222222.222222222
      }
    ],
    [
      3,
      {
        "OpenAI": 3333333.333333333,
        "DeepMind": 2777777.777777778,
        "NovaMind": 1666666.6666666665,
        "Meta_AI": 2222222.222222222
      }
    ],
    [
      4,
      {
        "OpenAI": 0.0,
        "DeepMind": 0.0,
        "Anthropic": 0.0
      }
    ],
    [
      5,
      {
        "OpenAI": 0.0,
        "DeepMind": 0.0,
        "Anthropic": 0.0
      }
    ],
    [
      6,
      {
        "OpenAI": 1666666.6666666665,
        "DeepMind": 2222222.222222222,
        "Anthropic": 3333333.333333333,
        "Meta_AI": 2777777.777777778
      }
    ],
    [
      7,
      {
        "OpenAI": 1666666.6666666665,
        "DeepMind": 2222222.222222222,
        "Anthropic": 3333333.333333333,
        "Meta_AI": 2777777.777777778
      }
    ],
    [
      8,
      {
        "OpenAI": 2000000.0,
        "DeepMind": 2000000.0,
        "Anthropic": 2000000.0,
        "Meta_AI": 2000000.0,
        "NovaMind": 2000000.0
      }
    ],
    [
      9,
      {
        "OpenAI": 2000000.0,
        "DeepMind": 2000000.0,
        "Anthropic": 2000000.0,
        "Meta_AI": 2000000.0,
        "NovaMind": 2000000.0
      }
    ]
  ],
  "roi_history": [
    [
      1,
      0.01369221209836988
    ],
    [
      2,
      0.013992397807003057
    ],
    [
      3,
      0.01803915404274876
    ],
    [
      4,
      0.018408399034228813
    ],
    [
      5,
      0.0
    ],
    [
      6,
      0.0
    ],
    [
      7,
      0.019322876147248133
    ],
    [
      8,
      0.019364513415197168
    ],
    [
      9,
      0.015147928834193487
    ]
  ],
  "recent_insights": []
}