{
  "name": "Anthropic",
  "current_round": 4,
  "published_scores": [
    [
      0,
      0.4551886477901639
    ],
    [
      1,
      0.4604912061914357
    ],
    [
      2,
      0.5657431115902984
    ],
    [
      3,
      0.5968526605721634
    ],
    [
      4,
      0.4965359238343766
    ]
  ]
}