{
  "funder_type": "vc",
  "mission_statement": "Maximize returns by backing AI market leaders",
  "total_capital": 10000000.0,
  "deployed_capital": 10000000.0,
  "believed_provider_quality": {
    "OpenAI": 0.8248786905090145,
    "DeepMind": 0.7915954380769818,
    "Meta_AI": 0.6401086426632653,
    "NovaMind": 0.49144025825814175,
    "Anthropic": 0.6379142465853254
  },
  "believed_provider_gaming": {
    "OpenAI": 0.0,
    "DeepMind": 0.0,
    "Meta_AI": 0.3,
    "NovaMind": 0.3,
    "Anthropic": 0.3
  },
  "active_funding": {
    "OpenAI": 8717948.717948718,
    "DeepMind": 1282051.282051282
  },
  "funding_history": [
    [
      0,
      {
        "OpenAI": 2000000.0,
        "DeepMind": 2000000.0,
        "Meta_AI": 2000000.0,
        "NovaMind": 2000000.0,
        "Anthropic": 2000000.0
      }
    ],
    [
      1,
      {
        "DeepMind": 6000000.0,
        "OpenAI": 4000000.0
      }
    ],
    [
      2,
      {
        "OpenAI": 3636363.6363636362,
        "DeepMind": 5454545.454545454,
        "Anthropic": 909090.9090909091
      }
    ],
    [
      3,
      {
        "OpenAI": 8000000.0,
        "DeepMind": 2000000.0
      }
    ],
    [
      4,
      {
        "DeepMind": 7500000.0,
        "OpenAI": 2500000.0
      }
    ],
    [
      5,
      {
        "OpenAI": 7009345.794392523,
        "DeepMind": 2056074.7663551401,
        "Anthropic": 560747.6635514018,
        "Meta_AI": 280373.8317757009,
        "NovaMind": 93457.94392523365
      }
    ],
    [
      6,
      {
        "OpenAI": 8317025.440313112,
        "DeepMind": 1467710.371819961,
        "Anthropic": 195694.71624266144,
        "Meta_AI": 9784.735812133073,
        "NovaMind": 9784.735812133073
      }
    ],
    [
      7,
      {
        "DeepMind": 4800000.0,
        "OpenAI": 3200000.0,
        "Anthropic": 1200000.0,
        "Meta_AI": 600000.0,
        "NovaMind": 200000.0
      }
    ],
    [
      8,
      {
        "OpenAI": 2000000.0,
        "DeepMind": 2000000.0,
        "Anthropic": 2000000.0,
        "NovaMind": 2000000.0,
        "Meta_AI": 2000000.0
      }
    ],
    [
      9,
      {
        "DeepMind": 5454545.454545454,
        "OpenAI": 3636363.6363636362,
        "Anthropic": 454545.45454545453,
        "Meta_AI": 454545.45454545453,
        "NovaMind": 0.0
      }
    ],
    [
      10,
      {
        "OpenAI": 2000000.0,
        "DeepMind": 2000000.0,
        "Anthropic": 2000000.0,
        "Meta_AI": 2000000.0,
        "NovaMind": 2000000.0
      }
    ],
    [
      11,
      {
        "OpenAI": 2000000.0,
        "NovaMind": 2000000.0,
        "Meta_AI": 2000000.0,
        "Anthropic": 2000000.0,
        "DeepMind": 2000000.0
      }
    ],
    [
      12,
      {
        "DeepMind": 7000000.0,
        "OpenAI": 3000000.0
      }
    ],
    [
      13,
      {
        "DeepMind": 8000000.0,
        "OpenAI": 2000000.0
      }
    ],
    [
      14,
      {
        "OpenAI": 8000000.0,
        "DeepMind": 2000000.0
      }
    ],
    [
      15,
      {
        "DeepMind": 8000000.0,
        "OpenAI": 2000000.0
      }
    ],
    [
      16,
      {
        "OpenAI": 7000000.0,
        "DeepMind": 3000000.0
      }
    ],
    [
      17,
      {
        "OpenAI": 8421052.631578946,
        "DeepMind": 1578947.3684210526
      }
    ],
    [
      18,
      {
        "OpenAI": 8000000.0,
        "DeepMind": 2000000.0
      }
    ],
    [
      19,
      {
        "Anthropic": 2000000.0,
        "DeepMind": 2000000.0,
        "OpenAI": 2000000.0,
        "Meta_AI": 2000000.0,
        "NovaMind": 2000000.0
      }
    ],
    [
      20,
      {
        "OpenAI": 6315789.47368421,
        "DeepMind": 3684210.526315789
      }
    ],
    [
      21,
      {
        "Anthropic": 2000000.0,
        "OpenAI": 2000000.0,
        "Meta_AI": 2000000.0,
        "DeepMind": 2000000.0,
        "NovaMind": 2000000.0
      }
    ],
    [
      22,
      {
        "OpenAI": 4634397.528321318,
        "DeepMind": 3295571.57569516,
        "Meta.AI": 1338825.9526261587,
        "Anthropic": 720906.2821833162,
        "NovaMind": 10298.661174047373
      }
    ],
    [
      23,
      {
        "OpenAI": 8000000.0,
        "Meta_AI": 0.0,
        "Anthropic": 0.0,
        "DeepMind": 0.0,
        "NovaMind": 2000000.0
      }
    ],
    [
      24,
      {
        "OpenAI": 8000000.0,
        "DeepMind": 2000000.0
      }
    ],
    [
      25,
      {
        "OpenAI": 8500000.0,
        "DeepMind": 1200000.0,
        "Meta.AI": 75000.0,
        "Anthropic": 75000.0,
        "NovaMind": 150000.0
      }
    ],
    [
      26,
      {
        "OpenAI": 2000000.0,
        "Meta_AI": 2000000.0,
        "DeepMind": 2000000.0,
        "Anthropic": 2000000.0,
        "NovaMind": 2000000.0
      }
    ],
    [
      27,
      {
        "OpenAI": 5000000.0,
        "DeepMind": 2500000.0,
        "Meta_AI": 625000.0,
        "Anthropic": 625000.0,
        "NovaMind": 1250000.0
      }
    ],
    [
      28,
      {
        "OpenAI": 6435643.564356436,
        "DeepMind": 3217821.782178218,
        "Meta_AI": 198019.801980198,
        "Anthropic": 148514.8514851485
      }
    ],
    [
      29,
      {
        "OpenAI": 8717948.717948718,
        "DeepMind": 1282051.282051282
      }
    ]
  ],
  "roi_history": [
    [
      1,
      0.11027771803797251
    ],
    [
      2,
      0.3293287618547174
    ],
    [
      3,
      0.21294370016179195
    ],
    [
      4,
      0.33049158414160457
    ],
    [
      5,
      0.32946935945841804
    ],
    [
      6,
      0.1310937757130404
    ],
    [
      7,
      0.13321353362269361
    ],
    [
      8,
      0.12811811191795347
    ],
    [
      9,
      0.11491617711895467
    ],
    [
      10,
      0.1363184122386098
    ],
    [
      11,
      0.11714568808196577
    ],
    [
      12,
      0.1185712297913623
    ],
    [
      13,
      0.35827048629923297
    ],
    [
      14,
      0.36113731356809387
    ],
    [
      15,
      0.36337585047906223
    ],
    [
      16,
      0.3663350968114607
    ],
    [
      17,
      0.371509081247082
    ],
    [
      18,
      0.37478925854366485
    ],
    [
      19,
      0.3777101271801225
    ],
    [
      20,
      0.12655388928909223
    ],
    [
      21,
      0.38381347391318554
    ],
    [
      22,
      0.1300990849758034
    ],
    [
      23,
      0.16488974783906102
    ],
    [
      24,
      0.1492413862729288
    ],
    [
      25,
      0.3988157844338681
    ],
    [
      26,
      0.19919995653692685
    ],
    [
      27,
      0.1341444873897275
    ],
    [
      28,
      0.15006823159692112
    ],
    [
      29,
      0.20193330513809996
    ]
  ],
  "recent_insights": []
}