{
  "name": "Meta_AI",
  "current_round": 29,
  "published_scores": [
    [
      0,
      0.5568605548520735
    ],
    [
      1,
      0.4824995258119856
    ],
    [
      2,
      0.43852277051106103
    ],
    [
      3,
      0.5021779097096181
    ],
    [
      4,
      0.44381912280933855
    ],
    [
      5,
      0.45033822300998916
    ],
    [
      6,
      0.49029436936811915
    ],
    [
      7,
      0.4492371902347499
    ],
    [
      8,
      0.42734911090008715
    ],
    [
      9,
      0.522309334270809
    ],
    [
      10,
      0.510683312242575
    ],
    [
      11,
      0.5757676836632595
    ],
    [
      12,
      0.614232188795267
    ],
    [
      13,
      0.5409437668483699
    ],
    [
      14,
      0.5338891401705681
    ],
    [
      15,
      0.6726756321765691
    ],
    [
      16,
      0.572820162019399
    ],
    [
      17,
      0.5747719057145209
    ],
    [
      18,
      0.6117400355317122
    ],
    [
      19,
      0.45940363074764623
    ],
    [
      20,
      0.5296446811162008
    ],
    [
      21,
      0.6117978280928635
    ],
    [
      22,
      0.6532652090199327
    ],
    [
      23,
      0.6813257492842848
    ],
    [
      24,
      0.5611026619678903
    ],
    [
      25,
      0.5831915761349825
    ],
    [
      26,
      0.6918741171272297
    ],
    [
      27,
      0.6041440742995967
    ],
    [
      28,
      0.6587678908700932
    ],
    [
      29,
      0.662596289897527
    ]
  ]
}