{
  "funder_type": "gov",
  "mission_statement": "Ensure safe and responsible AI development",
  "total_capital": 100000000.0,
  "deployed_capital": 10000000.0,
  "believed_provider_quality": {
    "Anthropic": 0.7760289125018645,
    "OpenAI": 0.8326775478367233,
    "DeepMind": 0.7945745993629529,
    "Meta_AI": 0.7396364915584325,
    "NovaMind": 0.6603336697614727
  },
  "believed_provider_gaming": {
    "Anthropic": 0.30078104826900076,
    "OpenAI": 0.3628451113544946,
    "DeepMind": 0.3256545513616299,
    "Meta_AI": 0.30387182554618203,
    "NovaMind": 0.4029648413000336
  },
  "active_funding": {
    "OpenAI": 3210752.213150793,
    "Anthropic": 1808365.7115191813,
    "DeepMind": 1736101.1454207348,
    "Meta_AI": 1697166.0396535993,
    "NovaMind": 1547614.890255692
  },
  "funding_history": [
    [
      0,
      {
        "Anthropic": 2630045.9713099576,
        "OpenAI": 2193964.405857703,
        "DeepMind": 2031233.197533761,
        "Meta_AI": 1786307.2065066746,
        "NovaMind": 1358449.2187919049
      }
    ],
    [
      1,
      {
        "Anthropic": 2630045.9713099576,
        "OpenAI": 2193964.405857703,
        "DeepMind": 2031233.197533761,
        "Meta_AI": 1786307.2065066746,
        "NovaMind": 1358449.2187919049
      }
    ],
    [
      2,
      {
        "OpenAI": 2855944.318431218,
        "DeepMind": 2016624.2432579238,
        "Anthropic": 1718116.0854972582,
        "Meta_AI": 1656048.917303239,
        "NovaMind": 1753266.435510361
      }
    ],
    [
      3,
      {
        "OpenAI": 2855944.318431218,
        "DeepMind": 2016624.2432579238,
        "Anthropic": 1718116.0854972582,
        "Meta_AI": 1656048.917303239,
        "NovaMind": 1753266.435510361
      }
    ],
    [
      4,
      {
        "OpenAI": 3072228.45314898,
        "DeepMind": 2120748.307990732,
        "Meta_AI": 1715123.374044557,
        "Anthropic": 1563372.3600319237,
        "NovaMind": 1528527.5047838064
      }
    ],
    [
      5,
      {
        "OpenAI": 3072228.45314898,
        "DeepMind": 2120748.307990732,
        "Meta_AI": 1715123.374044557,
        "Anthropic": 1563372.3600319237,
        "NovaMind": 1528527.5047838064
      }
    ],
    [
      6,
      {
        "OpenAI": 3385075.475197588,
        "DeepMind": 1793625.4360509072,
        "Anthropic": 1719261.0255596167,
        "Meta_AI": 1648898.7181540406,
        "NovaMind": 1453139.3450378468
      }
    ],
    [
      7,
      {
        "OpenAI": 3385075.475197588,
        "DeepMind": 1793625.4360509072,
        "Anthropic": 1719261.0255596167,
        "Meta_AI": 1648898.7181540406,
        "NovaMind": 1453139.3450378468
      }
    ],
    [
      8,
      {
        "OpenAI": 3210752.213150793,
        "Anthropic": 1808365.7115191813,
        "DeepMind": 1736101.1454207348,
        "Meta_AI": 1697166.0396535993,
        "NovaMind": 1547614.890255692
      }
    ],
    [
      9,
      {
        "OpenAI": 3210752.213150793,
        "Anthropic": 1808365.7115191813,
        "DeepMind": 1736101.1454207348,
        "Meta_AI": 1697166.0396535993,
        "NovaMind": 1547614.890255692
      }
    ]
  ],
  "roi_history": [
    [
      1,
      0.01404054685601859
    ],
    [
      2,
      0.014339561782798497
    ],
    [
      3,
      0.014538329115813093
    ],
    [
      4,
      0.014794178040741443
    ],
    [
      5,
      0.01508273424542941
    ],
    [
      6,
      0.015248198251499484
    ],
    [
      7,
      0.015425793355395017
    ],
    [
      8,
      0.015431735680208544
    ],
    [
      9,
      0.015467110766342834
    ]
  ],
  "recent_insights": []
}