{
  "funder_type": "foundation",
  "mission_statement": "Support authentic capability advancement for societal benefit",
  "total_capital": 300000.0,
  "deployed_capital": 300000.0,
  "believed_provider_quality": {
    "DeepMind": 0.9034582910880622,
    "OpenAI": 0.7219346114578841,
    "NovaMind": 0.6191121439749304,
    "Anthropic": 0.7386109879608753,
    "Meta_AI": 0.705146471343643
  },
  "believed_provider_gaming": {
    "DeepMind": 0.0,
    "OpenAI": 0.3,
    "NovaMind": 0.3,
    "Anthropic": 0.3,
    "Meta_AI": 0.3
  },
  "active_funding": {
    "DeepMind": 60000.0,
    "Meta_AI": 60000.0,
    "Anthropic": 60000.0,
    "OpenAI": 60000.0,
    "NovaMind": 60000.0
  },
  "funding_history": [
    [
      0,
      {
        "DeepMind": 138461.53846153847,
        "OpenAI": 92307.69230769231,
        "NovaMind": 34615.38461538462,
        "Anthropic": 23076.923076923078,
        "Meta_AI": 11538.461538461539
      }
    ],
    [
      1,
      {
        "DeepMind": 60000.0,
        "Anthropic": 60000.0,
        "OpenAI": 60000.0,
        "Meta_AI": 60000.0,
        "NovaMind": 60000.0
      }
    ],
    [
      2,
      {
        "DeepMind": 152866.24203821656,
        "OpenAI": 76433.12101910828,
        "NovaMind": 38216.56050955414,
        "Anthropic": 30573.248407643314,
        "Meta_AI": 1910.8280254777071
      }
    ],
    [
      3,
      {
        "DeepMind": 60000.0,
        "Anthropic": 60000.0,
        "Meta_AI": 60000.0,
        "OpenAI": 60000.0,
        "NovaMind": 60000.0
      }
    ],
    [
      4,
      {
        "NovaMind": 60000.0,
        "DeepMind": 60000.0,
        "OpenAI": 60000.0,
        "Anthropic": 60000.0,
        "Meta_AI": 60000.0
      }
    ],
    [
      5,
      {
        "DeepMind": 60000.0,
        "Anthropic": 60000.0,
        "Meta_AI": 60000.0,
        "OpenAI": 60000.0,
        "NovaMind": 60000.0
      }
    ],
    [
      6,
      {
        "OpenAI": 60000.0,
        "Meta_AI": 60000.0,
        "Anthropic": 60000.0,
        "DeepMind": 60000.0,
        "NovaMind": 60000.0
      }
    ],
    [
      7,
      {
        "OpenAI": 60000.0,
        "Meta_AI": 60000.0,
        "Anthropic": 60000.0,
        "DeepMind": 60000.0,
        "NovaMind": 60000.0
      }
    ],
    [
      8,
      {
        "OpenAI": 60000.0,
        "Anthropic": 60000.0,
        "DeepMind": 60000.0,
        "Meta_AI": 60000.0,
        "NovaMind": 60000.0
      }
    ],
    [
      9,
      {
        "DeepMind": 60000.0,
        "Anthropic": 60000.0,
        "OpenAI": 60000.0,
        "Meta_AI": 60000.0,
        "NovaMind": 60000.0
      }
    ],
    [
      10,
      {
        "Anthropic": 60000.0,
        "OpenAI": 60000.0,
        "DeepMind": 60000.0,
        "Meta_AI": 60000.0,
        "NovaMind": 60000.0
      }
    ],
    [
      11,
      {
        "DeepMind": 135338.34586466165,
        "OpenAI": 101503.75939849623,
        "Meta_AI": 33834.58646616541,
        "Anthropic": 22556.390977443607,
        "NovaMind": 6766.917293233082
      }
    ],
    [
      12,
      {
        "DeepMind": 60000.0,
        "Meta_AI": 60000.0,
        "Anthropic": 60000.0,
        "NovaMind": 60000.0,
        "OpenAI": 60000.0
      }
    ],
    [
      13,
      {
        "DeepMind": 157894.73684210525,
        "OpenAI": 78947.36842105263,
        "Meta_AI": 31578.94736842105,
        "Anthropic": 26315.78947368421,
        "NovaMind": 5263.157894736842
      }
    ],
    [
      14,
      {
        "DeepMind": 60000.0,
        "Meta_AI": 60000.0,
        "OpenAI": 60000.0,
        "Anthropic": 60000.0,
        "NovaMind": 60000.0
      }
    ],
    [
      15,
      {
        "OpenAI": 60000.0,
        "DeepMind": 60000.0,
        "Meta_AI": 60000.0,
        "Anthropic": 60000.0,
        "NovaMind": 60000.0
      }
    ],
    [
      16,
      {
        "OpenAI": 60000.0,
        "DeepMind": 60000.0,
        "Anthropic": 60000.0,
        "NovaMind": 60000.0,
        "Meta_AI": 60000.0
      }
    ],
    [
      17,
      {
        "DeepMind": 60000.0,
        "OpenAI": 60000.0,
        "Meta_AI": 60000.0,
        "Anthropic": 60000.0,
        "NovaMind": 60000.0
      }
    ],
    [
      18,
      {
        "DeepMind": 171428.57142857142,
        "OpenAI": 85714.28571428571,
        "Anthropic": 42857.142857142855
      }
    ],
    [
      19,
      {
        "DeepMind": 60000.0,
        "OpenAI": 60000.0,
        "Meta_AI": 60000.0,
        "Anthropic": 60000.0,
        "NovaMind": 60000.0
      }
    ],
    [
      20,
      {
        "DeepMind": 144000.0,
        "OpenAI": 96000.0,
        "NovaMind": 36000.0,
        "Meta_AI": 0.0,
        "Anthropic": 24000.0
      }
    ],
    [
      21,
      {
        "DeepMind": 60000.0,
        "OpenAI": 60000.0,
        "Anthropic": 60000.0,
        "NovaMind": 60000.0,
        "Meta_AI": 60000.0
      }
    ],
    [
      22,
      {
        "OpenAI": 60000.0,
        "Anthropic": 60000.0,
        "Meta_AI": 60000.0,
        "DeepMind": 60000.0,
        "NovaMind": 60000.0
      }
    ],
    [
      23,
      {
        "DeepMind": 60000.0,
        "Anthropic": 60000.0,
        "OpenAI": 60000.0,
        "Meta_AI": 60000.0,
        "NovaMind": 60000.0
      }
    ],
    [
      24,
      {
        "DeepMind": 60000.0,
        "Meta_AI": 60000.0,
        "Anthropic": 60000.0,
        "OpenAI": 60000.0,
        "NovaMind": 60000.0
      }
    ]
  ],
  "roi_history": [
    [
      1,
      0.11542305457984454
    ],
    [
      2,
      0.10718172817029134
    ],
    [
      3,
      0.12264423151325017
    ],
    [
      4,
      0.11128823963615446
    ],
    [
      5,
      0.1150901808722006
    ],
    [
      6,
      0.11872556759250734
    ],
    [
      7,
      0.1207066940642753
    ],
    [
      8,
      0.12289110388763565
    ],
    [
      9,
      0.12616835889017747
    ],
    [
      10,
      0.1256233177692975
    ],
    [
      11,
      0.12835333930994902
    ],
    [
      12,
      0.13683741504197627
    ],
    [
      13,
      0.1309868382012846
    ],
    [
      14,
      0.14288831932791357
    ],
    [
      15,
      0.13175908255676388
    ],
    [
      16,
      0.13169553982098012
    ],
    [
      17,
      0.13518519414067853
    ],
    [
      18,
      0.13547242295091416
    ],
    [
      19,
      0.2559312812815695
    ],
    [
      20,
      0.13676262291526553
    ],
    [
      21,
      0.1537101205336987
    ],
    [
      22,
      0.1403216783613153
    ],
    [
      23,
      0.14375782100228504
    ],
    [
      24,
      0.14753050023301578
    ]
  ],
  "recent_insights": []
}