{
  "funder_type": "gov",
  "mission_statement": "Ensure safe and responsible AI development",
  "total_capital": 100000000.0,
  "deployed_capital": 10000000.0,
  "believed_provider_quality": {
    "Anthropic": 0.9266071739537873,
    "OpenAI": 0.9029897324835768,
    "DeepMind": 0.8741582855195,
    "Meta_AI": 0.8494762282353725,
    "NovaMind": 0.7702850671922462
  },
  "believed_provider_gaming": {
    "Anthropic": 0.3040847309147861,
    "OpenAI": 0.4014269774645286,
    "DeepMind": 0.2937841658599166,
    "Meta_AI": 0.39737581012847395,
    "NovaMind": 0.4721445373950178
  },
  "active_funding": {
    "Anthropic": 2905825.5491686934,
    "OpenAI": 1904017.2394716654,
    "Meta_AI": 1776315.4059063764,
    "DeepMind": 1821116.1990222274,
    "NovaMind": 1592725.6064310374
  },
  "funding_history": [
    [
      0,
      {
        "Anthropic": 2625254.814362181,
        "OpenAI": 2069319.7607696995,
        "DeepMind": 1995120.7469461418,
        "Meta_AI": 1818259.842492789,
        "NovaMind": 1492044.8354291886
      }
    ],
    [
      1,
      {
        "Anthropic": 2625254.814362181,
        "OpenAI": 2069319.7607696995,
        "DeepMind": 1995120.7469461418,
        "Meta_AI": 1818259.842492789,
        "NovaMind": 1492044.8354291886
      }
    ],
    [
      2,
      {
        "OpenAI": 2078976.7543890208,
        "DeepMind": 1867786.1288167974,
        "Anthropic": 2506520.5457291286,
        "Meta_AI": 1715893.3745327515,
        "NovaMind": 1830823.1965323016
      }
    ],
    [
      3,
      {
        "OpenAI": 2078976.7543890208,
        "DeepMind": 1867786.1288167974,
        "Anthropic": 2506520.5457291286,
        "Meta_AI": 1715893.3745327515,
        "NovaMind": 1830823.1965323016
      }
    ],
    [
      4,
      {
        "OpenAI": 2305850.72543936,
        "DeepMind": 1931141.5531366235,
        "Anthropic": 2437421.044328517,
        "Meta_AI": 1761480.2082876756,
        "NovaMind": 1564106.4688078237
      }
    ],
    [
      5,
      {
        "OpenAI": 2305850.72543936,
        "DeepMind": 1931141.5531366235,
        "Anthropic": 2437421.044328517,
        "Meta_AI": 1761480.2082876756,
        "NovaMind": 1564106.4688078237
      }
    ],
    [
      6,
      {
        "OpenAI": 2729524.637571112,
        "DeepMind": 1987840.7106515972,
        "Anthropic": 2111617.498072594,
        "Meta_AI": 1684267.8472489403,
        "NovaMind": 1486749.3064557558
      }
    ],
    [
      7,
      {
        "OpenAI": 2729524.637571112,
        "DeepMind": 1987840.7106515972,
        "Anthropic": 2111617.498072594,
        "Meta_AI": 1684267.8472489403,
        "NovaMind": 1486749.3064557558
      }
    ],
    [
      8,
      {
        "Anthropic": 2515710.8257272313,
        "Meta_AI": 1662569.0722124912,
        "OpenAI": 2694881.2140636267,
        "NovaMind": 1498800.9262859197,
        "DeepMind": 1628037.9617107306
      }
    ],
    [
      9,
      {
        "Anthropic": 2515710.8257272313,
        "Meta_AI": 1662569.0722124912,
        "OpenAI": 2694881.2140636267,
        "NovaMind": 1498800.9262859197,
        "DeepMind": 1628037.9617107306
      }
    ],
    [
      10,
      {
        "Anthropic": 2612870.843653701,
        "OpenAI": 2348659.2902926356,
        "DeepMind": 1772849.5886141283,
        "Meta_AI": 1683559.5832831166,
        "NovaMind": 1582060.6941564183
      }
    ],
    [
      11,
      {
        "Anthropic": 2612870.843653701,
        "OpenAI": 2348659.2902926356,
        "DeepMind": 1772849.5886141283,
        "Meta_AI": 1683559.5832831166,
        "NovaMind": 1582060.6941564183
      }
    ],
    [
      12,
      {
        "Anthropic": 2645204.4225813416,
        "OpenAI": 2208389.819222436,
        "Meta_AI": 1809806.132528124,
        "DeepMind": 1791722.3692160368,
        "NovaMind": 1544877.2564520626
      }
    ],
    [
      13,
      {
        "Anthropic": 2645204.4225813416,
        "OpenAI": 2208389.819222436,
        "Meta_AI": 1809806.132528124,
        "DeepMind": 1791722.3692160368,
        "NovaMind": 1544877.2564520626
      }
    ],
    [
      14,
      {
        "Meta_AI": 1865002.2006221057,
        "Anthropic": 2721524.218752166,
        "OpenAI": 2099462.6276970226,
        "DeepMind": 1791851.9043982988,
        "NovaMind": 1522159.048530408
      }
    ],
    [
      15,
      {
        "Meta_AI": 1865002.2006221057,
        "Anthropic": 2721524.218752166,
        "OpenAI": 2099462.6276970226,
        "DeepMind": 1791851.9043982988,
        "NovaMind": 1522159.048530408
      }
    ],
    [
      16,
      {
        "Meta_AI": 1872145.427986812,
        "Anthropic": 2802566.862968886,
        "OpenAI": 1977724.7126543077,
        "DeepMind": 1835341.932481525,
        "NovaMind": 1512221.0639084685
      }
    ],
    [
      17,
      {
        "Meta_AI": 1872145.427986812,
        "Anthropic": 2802566.862968886,
        "OpenAI": 1977724.7126543077,
        "DeepMind": 1835341.932481525,
        "NovaMind": 1512221.0639084685
      }
    ],
    [
      18,
      {
        "Anthropic": 2904167.6168233287,
        "Meta_AI": 1732096.9274952025,
        "OpenAI": 1985567.1030090507,
        "DeepMind": 1830841.3075817095,
        "NovaMind": 1547327.0450907084
      }
    ],
    [
      19,
      {
        "Anthropic": 2904167.6168233287,
        "Meta_AI": 1732096.9274952025,
        "OpenAI": 1985567.1030090507,
        "DeepMind": 1830841.3075817095,
        "NovaMind": 1547327.0450907084
      }
    ],
    [
      20,
      {
        "Anthropic": 2879303.9860232035,
        "OpenAI": 2015803.6273658085,
        "Meta_AI": 1766007.2302046001,
        "DeepMind": 1795710.076506584,
        "NovaMind": 1543175.0798998042
      }
    ],
    [
      21,
      {
        "Anthropic": 2879303.9860232035,
        "OpenAI": 2015803.6273658085,
        "Meta_AI": 1766007.2302046001,
        "DeepMind": 1795710.076506584,
        "NovaMind": 1543175.0798998042
      }
    ],
    [
      22,
      {
        "OpenAI": 1941637.6260337697,
        "DeepMind": 1878130.3685162372,
        "Meta_AI": 1767056.5086990418,
        "Anthropic": 2860324.6167581426,
        "NovaMind": 1552850.8799928087
      }
    ],
    [
      23,
      {
        "OpenAI": 1941637.6260337697,
        "DeepMind": 1878130.3685162372,
        "Meta_AI": 1767056.5086990418,
        "Anthropic": 2860324.6167581426,
        "NovaMind": 1552850.8799928087
      }
    ],
    [
      24,
      {
        "OpenAI": 1917302.0697802836,
        "Meta_AI": 1770646.5468925007,
        "Anthropic": 2853303.5930266716,
        "DeepMind": 1818568.7923733431,
        "NovaMind": 1640178.9979272014
      }
    ],
    [
      25,
      {
        "OpenAI": 1917302.0697802836,
        "Meta_AI": 1770646.5468925007,
        "Anthropic": 2853303.5930266716,
        "DeepMind": 1818568.7923733431,
        "NovaMind": 1640178.9979272014
      }
    ],
    [
      26,
      {
        "Anthropic": 2910526.2446237127,
        "OpenAI": 1907930.0502198564,
        "Meta_AI": 1758666.7389579169,
        "DeepMind": 1805813.4996715013,
        "NovaMind": 1617063.4665270126
      }
    ],
    [
      27,
      {
        "Anthropic": 2910526.2446237127,
        "OpenAI": 1907930.0502198564,
        "Meta_AI": 1758666.7389579169,
        "DeepMind": 1805813.4996715013,
        "NovaMind": 1617063.4665270126
      }
    ],
    [
      28,
      {
        "Anthropic": 2905825.5491686934,
        "OpenAI": 1904017.2394716654,
        "Meta_AI": 1776315.4059063764,
        "DeepMind": 1821116.1990222274,
        "NovaMind": 1592725.6064310374
      }
    ],
    [
      29,
      {
        "Anthropic": 2905825.5491686934,
        "OpenAI": 1904017.2394716654,
        "Meta_AI": 1776315.4059063764,
        "DeepMind": 1821116.1990222274,
        "NovaMind": 1592725.6064310374
      }
    ]
  ],