{
  "name": "OpenAI",
  "current_round": 29,
  "published_scores": [
    [
      0,
      0.5681676664139594
    ],
    [
      1,
      0.5837079886426377
    ],
    [
      2,
      0.5793158779077185
    ],
    [
      3,
      0.5140553847650372
    ],
    [
      4,
      0.5485742152297899
    ],
    [
      5,
      0.5866422722791289
    ],
    [
      6,
      0.5660181045605639
    ],
    [
      7,
      0.49182694293616996
    ],
    [
      8,
      0.625686614119238
    ],
    [
      9,
      0.6357452704539011
    ],
    [
      10,
      0.6554396588377983
    ],
    [
      11,
      0.6048032358737354
    ],
    [
      12,
      0.6428171004972925
    ],
    [
      13,
      0.5516917890217096
    ],
    [
      14,
      0.6353668107960645
    ],
    [
      15,
      0.5589458540831265
    ],
    [
      16,
      0.6447736539345654
    ],
    [
      17,
      0.6625961519996159
    ],
    [
      18,
      0.6189163324164622
    ],
    [
      19,
      0.6287167879232
    ],
    [
      20,
      0.6574946122205723
    ],
    [
      21,
      0.6825265965273017
    ],
    [
      22,
      0.642884805049001
    ],
    [
      23,
      0.7013547316555229
    ],
    [
      24,
      0.723094856259528
    ],
    [
      25,
      0.6671893436219196
    ],
    [
      26,
      0.7085756725529102
    ],
    [
      27,
      0.6169923823281824
    ],
    [
      28,
      0.7548201238107666
    ],
    [
      29,
      0.6780515124241104
    ]
  ]
}