{
  "name": "Meta_AI",
  "current_round": 29,
  "published_scores": [
    [
      0,
      0.6781146875909649
    ],
    [
      1,
      0.7363100682859388
    ],
    [
      2,
      0.8025414277544488
    ],
    [
      3,
      0.8488841185940978
    ],
    [
      4,
      0.8488841185940978
    ],
    [
      5,
      0.8488841185940978
    ],
    [
      6,
      0.8488841185940978
    ],
    [
      7,
      0.7817274632432344
    ],
    [
      8,
      0.8295343581589725
    ],
    [
      9,
      0.8762131668847388
    ],
    [
      10,
      0.9090946037193637
    ],
    [
      11,
      0.9090946037193637
    ],
    [
      12,
      0.9353715451893301
    ],
    [
      13,
      0.8176469988808363
    ],
    [
      14,
      0.8809455723581809
    ],
    [
      15,
      0.8809455723581809
    ],
    [
      16,
      0.8809455723581809
    ],
    [
      17,
      0.8809455723581809
    ],
    [
      18,
      0.9199351695685946
    ],
    [
      19,
      0.9144881223336454
    ],
    [
      20,
      0.9144881223336454
    ],
    [
      21,
      0.9471083009227632
    ],
    [
      22,
      0.9499835994445743
    ],
    [
      23,
      0.9499835994445743
    ],
    [
      24,
      0.9499835994445743
    ],
    [
      25,
      0.9396724113267672
    ],
    [
      26,
      0.9571350229136325
    ],
    [
      27,
      0.9571350229136325
    ],
    [
      28,
      0.9571350229136325
    ],
    [
      29,
      0.9571350229136325
    ]
  ]
}