{
  "name": "Meta_AI",
  "current_round": 29,
  "published_scores": [
    [
      0,
      0.6682919380793964
    ],
    [
      1,
      0.7467338829200588
    ],
    [
      2,
      0.8118597854873136
    ],
    [
      3,
      0.8487487264284922
    ],
    [
      4,
      0.8487487264284922
    ],
    [
      5,
      0.8487487264284922
    ],
    [
      6,
      0.8487487264284922
    ],
    [
      7,
      0.8487487264284922
    ],
    [
      8,
      0.8208888530206981
    ],
    [
      9,
      0.8208888530206981
    ],
    [
      10,
      0.8208888530206981
    ],
    [
      11,
      0.878061888078637
    ],
    [
      12,
      0.8976399719698412
    ],
    [
      13,
      0.9160925736976563
    ],
    [
      14,
      1.0
    ],
    [
      15,
      0.9824225388305602
    ],
    [
      16,
      0.9824225388305602
    ],
    [
      17,
      0.9824225388305602
    ],
    [
      18,
      0.9824225388305602
    ],
    [
      19,
      0.9824225388305602
    ],
    [
      20,
      0.9824225388305602
    ],
    [
      21,
      0.9824225388305602
    ],
    [
      22,
      0.9496313059661
    ],
    [
      23,
      0.9777599091833952
    ],
    [
      24,
      0.9777599091833952
    ],
    [
      25,
      0.9777599091833952
    ],
    [
      26,
      0.9777599091833952
    ],
    [
      27,
      0.9777599091833952
    ],
    [
      28,
      0.992242687089619
    ],
    [
      29,
      0.9298388909129377
    ]
  ]
}