{
  "name": "Meta_AI",
  "strategy_profile": "Big-tech AI lab using open-source as competitive moat. Leverages massive user data and compute infrastructure. Prioritizes broad adoption over benchmark scores. Willing to open-source models to undermine competitors' paid APIs.",
  "innate_traits": "open-source, pragmatic, data-rich, platform-focused, disruptive",
  "true_capability": 0.7848256177829972,
  "last_score": 0.9298388909129377,
  "current_round": 29,
  "believed_own_capability": 0.9656653062453966,
  "believed_benchmark_exploitability": 0.4,
  "capability_belief_confidence": 0.5,
  "believed_competitor_capabilities": {
    "OpenAI": 0.9965390533187999,
    "Anthropic": 0.9806912857767869,
    "NovaMind": 0.864751344615491,
    "DeepMind": 0.957257128400571
  },
  "fundamental_research": 0.2458632712800466,
  "training_optimization": 0.25,
  "evaluation_engineering": 0.3041367287199534,
  "safety_alignment": 0.2,
  "effort_budget": 1.0,
  "past_scores": [
    [
      0,
      0.6682919380793964
    ],
    [
      1,
      0.7467338829200588
    ],
    [
      2,
      0.8118597854873136
    ],
    [
      3,
      0.8487487264284922
    ],
    [
      4,
      0.8487487264284922
    ],
    [
      5,
      0.8487487264284922
    ],
    [
      6,
      0.8487487264284922
    ],
    [
      7,
      0.8487487264284922
    ],
    [
      8,
      0.8208888530206981
    ],
    [
      9,
      0.8208888530206981
    ],
    [
      10,
      0.8208888530206981
    ],
    [
      11,
      0.878061888078637
    ],
    [
      12,
      0.8976399719698412
    ],
    [
      13,
      0.9160925736976563
    ],
    [
      14,
      1.0
    ],
    [
      15,
      0.9824225388305602
    ],
    [
      16,
      0.9824225388305602
    ],
    [
      17,
      0.9824225388305602
    ],
    [
      18,
      0.9824225388305602
    ],
    [
      19,
      0.9824225388305602
    ],
    [
      20,
      0.9824225388305602
    ],
    [
      21,
      0.9824225388305602
    ],
    [
      22,
      0.9496313059661
    ],
    [
      23,
      0.9777599091833952
    ],
    [
      24,
      0.9777599091833952
    ],
    [
      25,
      0.9777599091833952
    ],
    [
      26,
      0.9777599091833952
    ],
    [
      27,
      0.9777599091833952
    ],
    [
      28,
      0.992242687089619
    ],
    [
      29,
      0.9298388909129377
    ]
  ],
  "past_strategies": [
    {
      "round": 0,
      "fundamental_research": 0.19396568326911545,
      "training_optimization": 0.25,
      "evaluation_engineering": 0.35603431673088454,
      "safety_alignment": 0.2
    },
    {
      "round": 1,
      "fundamental_research": 0.20177450893653395,
      "training_optimization": 0.25,
      "evaluation_engineering": 0.348225491063466,
      "safety_alignment": 0.2
    },
    {
      "round": 2,
      "fundamental_research": 0.20825243060519824,
      "training_optimization": 0.25,
      "evaluation_engineering": 0.3417475693948017,
      "safety_alignment": 0.2
    },
    {
      "round": 3,
      "fundamental_research": 0.20245577741395368,
      "training_optimization": 0.25,
      "evaluation_engineering": 0.3475442225860463,
      "safety_alignment": 0.2
    },
    {
      "round": 4,
      "fundamental_research": 0.19823280102411694,
      "training_optimization": 0.25,
      "evaluation_engineering": 0.35176719897588304,
      "safety_alignment": 0.2
    },
    {
      "round": 5,
      "fundamental_research": 0.20019280262829114,
      "training_optimization": 0.25,
      "evaluation_engineering": 0.34980719737170884,
      "safety_alignment": 0.2
    },
    {
      "round": 6,
      "fundamental_research": 0.2003339734614285,
      "training_optimization": 0.25,
      "evaluation_engineering": 0.3496660265385715,
      "safety_alignment": 0.2
    },
    {
      "round": 7,
      "fundamental_research": 0.20330473038745528,
      "training_optimization": 0.25,
      "evaluation_engineering": 0.3466952696125447,
      "safety_alignment": 0.2
    },
    {
      "round": 8,
      "fundamental_research": 0.21608457707443257,
      "training_optimization": 0.25,
      "evaluation_engineering": 0.3339154229255674,
      "safety_alignment": 0.2
    },
    {
      "round": 9,
      "fundamental_research": 0.22150783957375028,
      "training_optimization": 0.25,
      "evaluation_engineering": 0.32849216042624974,
      "safety_alignment": 0.2
    },
    {
      "round": 10,
      "fundamental_research": 0.22702095241234935,
      "training_optimization": 0.25,
      "evaluation_engineering": 0.3229790475876506,
      "safety_alignment": 0.2
    },
    {
      "round": 11,
      "fundamental_research": 0.22446267079778098,
      "training_optimization": 0.25,
      "evaluation_engineering": 0.325537329202219,
      "safety_alignment": 0.2
    },
    {
      "round": 12,
      "fundamental_research": 0.22965171326830883,
      "training_optimization": 0.25,
      "evaluation_engineering": 0.32034828673169113,
      "safety_alignment": 0.2
    },
    {
      "round": 13,
      "fundamental_research": 0.2331166351762251,
      "training_optimization": 0.25,
      "evaluation_engineering": 0.3168833648237749,
      "safety_alignment": 0.2
    },
    {
      "round": 14,
      "fundamental_research": 0.24260231063222143,
      "training_optimization": 0.25,
      "evaluation_engineering": 0.30739768936777856,
      "safety_alignment": 0.2
    },
    {
      "round": 15,
      "fundamental_research": 0.25116739381261705,
      "training_optimization": 0.25,
      "evaluation_engineering": 0.29883260618738294,
      "safety_alignment": 0.2
    },
    {
      "round": 16,
      "fundamental_research": 0.25691366373499497,
      "training_optimization": 0.25,
      "evaluation_engineering": 0.293086336265005,
      "safety_alignment": 0.2
    },
    {
      "round": 17,
      "fundamental_research": 0.26133219865218976,
      "training_optimization": 0.25,
      "evaluation_engineering": 0.2886678013478102,
      "safety_alignment": 0.2
    },
    {
      "round": 18,
      "fundamental_research": 0.2574327352924128,
      "training_optimization": 0.25,
      "evaluation_engineering": 0.2925672647075872,
      "safety_alignment": 0.2
    },
    {
      "round": 19,
      "fundamental_research": 0.2529368983386812,
      "training_optimization": 0.25,
      "evaluation_engineering": 0.2970631016613188,
      "safety_alignment": 0.2
    },
    {
      "round": 20,
      "fundamental_research": 0.24798564827817193,
      "training_optimization": 0.25,
      "evaluation_engineering": 0.30201435172182806,
      "safety_alignment": 0.2
    },
    {
      "round": 21,
      "fundamental_research": 0.2460551625227646,
      "training_optimization": 0.25,
      "evaluation_engineering": 0.3039448374772354,
      "safety_alignment": 0.2
    },
    {
      "round": 22,
      "fundamental_research": 0.24462545065655295,
      "training_optimization": 0.25,
      "evaluation_engineering": 0.30537454934344704,
      "safety_alignment": 0.2
    },
    {
      "round": 23,
      "fundamental_research": 0.24645646967161347,
      "training_optimization": 0.25,
      "evaluation_engineering": 0.30354353032838655,
      "safety_alignment": 0.2
    },
    {
      "round": 24,
      "fundamental_research": 0.24803842601400797,
      "training_optimization": 0.25,
      "evaluation_engineering": 0.301961573985992,
      "safety_alignment": 0.2
    },
    {
      "round": 25,
      "fundamental_research": 0.2476792206731167,
      "training_optimization": 0.25,
      "evaluation_engineering": 0.3023207793268833,
      "safety_alignment": 0.2
    },
    {
      "round": 26,
      "fundamental_research": 0.24646097061654337,
      "training_optimization": 0.25,
      "evaluation_engineering": 0.3035390293834566,
      "safety_alignment": 0.2
    },
    {
      "round": 27,
      "fundamental_research": 0.2451572920632456,
      "training_optimization": 0.25,