{
  "provider_names": [
    "OpenAI",
    "Anthropic",
    "NovaMind",
    "DeepMind",
    "Meta_AI"
  ],
  "brand_recognition": {
    "OpenAI": 0.9,
    "Anthropic": 0.7,
    "NovaMind": 0.15,
    "DeepMind": 0.8,
    "Meta_AI": 0.6
  },
  "current_round": 29,
  "segments": [
    {
      "name": "software_dev_leaderboard_follower",
      "archetype": "leaderboard_follower",
      "use_case": "software_dev",
      "market_fraction": 0.1,
      "benchmark_weights": {
        "coding_bench": 0.5,
        "reasoning_bench": 0.14285714285714288,
        "reasoning": 0.14285714285714288,
        "question_answering": 0.07142857142857144,
        "factual_recall": 0.07142857142857144,
        "accounting": 0.07142857142857144
      },
      "leaderboard_trust": 0.765,
      "switching_cost": 0.05,
      "switching_threshold": 0.15,
      "provider_shares": {
        "OpenAI": 0.031179569202160938,
        "Anthropic": 0.9672184286300711,
        "NovaMind": 0.0001938665748135344,
        "DeepMind": 0.0006154516021989726,
        "Meta_AI": 0.0007926839907554743
      },
      "believed_quality": {
        "Anthropic": 0.998165807023268,
        "OpenAI": 0.9972820444438152,
        "DeepMind": 0.9812971277217194,
        "Meta_AI": 0.9890231556410572,
        "NovaMind": 0.9532112871537901
      },
      "satisfaction": {
        "OpenAI": 0.8530403067171242,
        "Anthropic": 0.8943798707492033,
        "NovaMind": 0.6865171123477881,
        "DeepMind": 0.8246836847071803,
        "Meta_AI": 0.7799810112395171
      },
      "tenure": {
        "OpenAI": 14,
        "Anthropic": 15,
        "NovaMind": 0,
        "DeepMind": 0,
        "Meta_AI": 0
      }
    },
    {
      "name": "software_dev_experience_driven",
      "archetype": "experience_driven",
      "use_case": "software_dev",
      "market_fraction": 0.0875,
      "benchmark_weights": {
        "coding_bench": 0.5,
        "reasoning_bench": 0.14285714285714288,
        "reasoning": 0.14285714285714288,
        "question_answering": 0.07142857142857144,
        "factual_recall": 0.07142857142857144,
        "accounting": 0.07142857142857144
      },
      "leaderboard_trust": 0.315,
      "switching_cost": 0.08,
      "switching_threshold": 0.08,
      "provider_shares": {
        "OpenAI": 0.0037338239477931008,
        "Anthropic": 0.9945105884350508,
        "NovaMind": 0.0003624901602776603,
        "DeepMind": 0.0007964901959807341,
        "Meta_AI": 0.0005966072608975907
      },
      "believed_quality": {
        "Anthropic": 0.998165807023268,
        "OpenAI": 0.9972820444438152,
        "DeepMind": 0.9812971277217194,
        "Meta_AI": 0.9890231556410572,
        "NovaMind": 0.9532112871537901
      },
      "satisfaction": {
        "OpenAI": 0.8530403067171242,
        "Anthropic": 0.8943798707492033,
        "NovaMind": 0.6865171123477881,
        "DeepMind": 0.8246836847071803,
        "Meta_AI": 0.7799810112395171
      },
      "tenure": {
        "OpenAI": 7,
        "Anthropic": 20,
        "NovaMind": 0,
        "DeepMind": 0,
        "Meta_AI": 0
      }
    },
    {
      "name": "software_dev_cautious",
      "archetype": "cautious",
      "use_case": "software_dev",
      "market_fraction": 0.0625,
      "benchmark_weights": {
        "coding_bench": 0.5,
        "reasoning_bench": 0.14285714285714288,
        "reasoning": 0.14285714285714288,
        "question_answering": 0.07142857142857144,
        "factual_recall": 0.07142857142857144,
        "accounting": 0.07142857142857144
      },
      "leaderboard_trust": 0.45,
      "switching_cost": 0.2,
      "switching_threshold": 0.25,
      "provider_shares": {
        "OpenAI": 0.32993793725343823,
        "Anthropic": 0.6667783960264464,
        "NovaMind": 0.0008532337143993023,
        "DeepMind": 0.0014372730727903033,
        "Meta_AI": 0.00099315993292588
      },
      "believed_quality": {
        "Anthropic": 0.998165807023268,
        "OpenAI": 0.9972820444438152,
        "DeepMind": 0.9812971277217194,
        "Meta_AI": 0.9890231556410572,
        "NovaMind": 0.9532112871537901
      },
      "satisfaction": {
        "OpenAI": 0.8530403067171242,
        "Anthropic": 0.8943798707492033,
        "NovaMind": 0.6865171123477881,
        "DeepMind": 0.8246836847071803,
        "Meta_AI": 0.7799810112395171
      },
      "tenure": {
        "OpenAI": 13,
        "Anthropic": 18,
        "NovaMind": 0,
        "DeepMind": 0,
        "Meta_AI": 0
      }
    },
    {
      "name": "content_writer_leaderboard_follower",
      "archetype": "leaderboard_follower",
      "use_case": "content_writer",
      "market_fraction": 0.1,
      "benchmark_weights": {
        "coding_bench": 0.125,
        "reasoning_bench": 0.25,
        "reasoning": 0.25,
        "question_answering": 0.125,
        "factual_recall": 0.125,
        "accounting": 0.125
      },
      "leaderboard_trust": 0.765,
      "switching_cost": 0.05,
      "switching_threshold": 0.15,
      "provider_shares": {
        "OpenAI": 0.007453990079083632,
        "Anthropic": 0.9910275377687262,
        "NovaMind": 0.0002337300434152321,
        "DeepMind": 0.000846709138577078,
        "Meta_AI": 0.00043803297019791597
      },
      "believed_quality": {
        "Anthropic": 0.9967809920005493,
        "OpenAI": 0.994860740872016,
        "DeepMind": 0.9713170272461498,
        "Meta_AI": 0.9805956486361396,
        "NovaMind": 0.9257413385780666
      },
      "satisfaction": {
        "OpenAI": 0.8530403067171242,
        "Anthropic": 0.8943798707492033,
        "NovaMind": 0.6865171123477881,
        "DeepMind": 0.8246836847071803,
        "Meta_AI": 0.7799810112395171
      },
      "tenure": {
        "OpenAI": 5,
        "Anthropic": 24,
        "NovaMind": 0,
        "DeepMind": 0,
        "Meta_AI": 0
      }
    },
    {
      "name": "content_writer_experience_driven",
      "archetype": "experience_driven",
      "use_case": "content_writer",
      "market_fraction": 0.0875,
      "benchmark_weights": {
        "coding_bench": 0.125,
        "reasoning_bench": 0.25,
        "reasoning": 0.25,
        "question_answering": 0.125,
        "factual_recall": 0.125,
        "accounting": 0.125
      },
      "leaderboard_trust": 0.315,
      "switching_cost": 0.08,
      "switching_threshold": 0.08,
      "provider_shares": {
        "OpenAI": 0.00351665160987888,
        "Anthropic": 0.9948411683515795,
        "NovaMind": 0.00039542664305197527,
        "DeepMind": 0.0007990628751881195,
        "Meta_AI": 0.0004476905203015115
      },
      "believed_quality": {
        "Anthropic": 0.9967809920005493,
        "OpenAI": 0.994860740872016,
        "DeepMind": 0.9713170272461498,
        "Meta_AI": 0.9805956486361396,
        "NovaMind": 0.9257413385780666
      },
      "satisfaction": {
        "OpenAI": 0.8530403067171242,
        "Anthropic": 0.8943798707492033,
        "NovaMind": 0.6865171123477881,
        "DeepMind": 0.8246836847071803,
        "Meta_AI": 0.7799810112395171
      },
      "tenure": {
        "OpenAI": 3,
        "Anthropic": 24,
        "NovaMind": 0,
        "DeepMind": 0,
        "Meta_AI": 0
      }
    },
    {
      "name": "content_writer_cautious",
      "archetype": "cautious",
      "use_case": "content_writer",
      "market_fraction": 0.0625,
      "benchmark_weights": {
        "coding_bench": 0.125,
        "reasoning_bench": 0.25,
        "reasoning": 0.25,
        "question_answering": 0.125,
        "factual_recall": 0.125,
        "accounting": 0.125
      },
      "leaderboard_trust": 0.45,
      "switching_cost": 0.2,
      "switching_threshold": 0.25,
      "provider_shares": {
        "OpenAI": 0.11731236975313036,
        "Anthropic": 0.8791957286537507,
        "NovaMind": 0.0007257621286297907,
        "DeepMind": 0.001853137570502536,
        "Meta_AI": 0.0009130018939866311
      },
      "believed_quality": {
        "Anthropic": 0.9967809920005493,
        "OpenAI": 0.994860740872016,