{
  "name": "DeepMind",
  "current_round": 9,
  "published_scores": [
    [
      0,
      0.739147385744404
    ],
    [
      1,
      0.8742964954373601
    ],
    [
      2,
      0.8899107978048604
    ],
    [
      3,
      0.8993094020994926
    ],
    [
      4,
      0.9306147692498548
    ],
    [
      5,
      0.9306147692498548
    ],
    [
      6,
      0.9306147692498548
    ],
    [
      7,
      0.9306147692498548
    ],
    [
      8,
      0.8550491897803836
    ],
    [
      9,
      0.8876167720688041
    ]
  ]
}