{
  "funder_type": "gov",
  "mission_statement": "Ensure safe and responsible AI development",
  "total_capital": 100000000.0,
  "deployed_capital": 10000000.0,
  "believed_provider_quality": {
    "Anthropic": 0.9381863384040224,
    "OpenAI": 0.9702550484691037,
    "Meta_AI": 0.9329339819896251,
    "DeepMind": 0.9524800839997862,
    "NovaMind": 0.8499096386198498
  },
  "believed_provider_gaming": {
    "Anthropic": 0.053703928931360445,
    "OpenAI": 0.11276916207866548,
    "Meta_AI": 0.06942185179828467,
    "DeepMind": 0.1727073998946792,
    "NovaMind": 0.08284985234859105
  },
  "active_funding": {
    "OpenAI": 2877556.930327719,
    "DeepMind": 1828711.108126006,
    "Meta_AI": 1829732.588195171,
    "Anthropic": 1806219.1414487725,
    "NovaMind": 1657780.2319023306
  },
  "funding_history": [
    [
      0,
      {}
    ],
    [
      1,
      {}
    ],
    [
      2,
      {
        "OpenAI": 2551348.715935198,
        "DeepMind": 1883333.4660399496,
        "NovaMind": 1720655.1256271945,
        "Anthropic": 2133719.061226076,
        "Meta_AI": 1710943.6311715818
      }
    ],
    [
      3,
      {
        "OpenAI": 2551348.715935198,
        "DeepMind": 1883333.4660399496,
        "NovaMind": 1720655.1256271945,
        "Anthropic": 2133719.061226076,
        "Meta_AI": 1710943.6311715818
      }
    ],
    [
      4,
      {
        "OpenAI": 2551348.715935198,
        "DeepMind": 1883333.4660399496,
        "NovaMind": 1720655.1256271945,
        "Anthropic": 2133719.061226076,
        "Meta_AI": 1710943.6311715818
      }
    ],
    [
      5,
      {
        "OpenAI": 2551348.715935198,
        "DeepMind": 1883333.4660399496,
        "NovaMind": 1720655.1256271945,
        "Anthropic": 2133719.061226076,
        "Meta_AI": 1710943.6311715818
      }
    ],
    [
      6,
      {
        "OpenAI": 2859199.7387067634,
        "DeepMind": 1968064.330585381,
        "Anthropic": 1866883.7298289712,
        "Meta_AI": 1697309.5810881911,
        "NovaMind": 1608542.619790694
      }
    ],
    [
      7,
      {
        "OpenAI": 2859199.7387067634,
        "DeepMind": 1968064.330585381,
        "Anthropic": 1866883.7298289712,
        "Meta_AI": 1697309.5810881911,
        "NovaMind": 1608542.619790694
      }
    ],
    [
      8,
      {
        "OpenAI": 2859199.7387067634,
        "DeepMind": 1968064.330585381,
        "Anthropic": 1866883.7298289712,
        "Meta_AI": 1697309.5810881911,
        "NovaMind": 1608542.619790694
      }
    ],
    [
      9,
      {
        "OpenAI": 2859199.7387067634,
        "DeepMind": 1968064.330585381,
        "Anthropic": 1866883.7298289712,
        "Meta_AI": 1697309.5810881911,
        "NovaMind": 1608542.619790694
      }
    ],
    [
      10,
      {
        "Meta_AI": 1903356.3019096334,
        "Anthropic": 2010716.547399389,
        "OpenAI": 2685542.806144723,
        "DeepMind": 1824013.6405668228,
        "NovaMind": 1576370.7039794324
      }
    ],
    [
      11,
      {
        "Meta_AI": 1903356.3019096334,
        "Anthropic": 2010716.547399389,
        "OpenAI": 2685542.806144723,
        "DeepMind": 1824013.6405668228,
        "NovaMind": 1576370.7039794324
      }
    ],
    [
      12,
      {
        "Meta_AI": 1903356.3019096334,
        "Anthropic": 2010716.547399389,
        "OpenAI": 2685542.806144723,
        "DeepMind": 1824013.6405668228,
        "NovaMind": 1576370.7039794324
      }
    ],
    [
      13,
      {
        "Meta_AI": 1903356.3019096334,
        "Anthropic": 2010716.547399389,
        "OpenAI": 2685542.806144723,
        "DeepMind": 1824013.6405668228,
        "NovaMind": 1576370.7039794324
      }
    ],
    [
      14,
      {
        "OpenAI": 2985636.392034509,
        "Meta_AI": 1800729.7284550997,
        "Anthropic": 1844796.5492763799,
        "DeepMind": 1785981.6565430902,
        "NovaMind": 1582855.6736909219
      }
    ],
    [
      15,
      {
        "OpenAI": 2985636.392034509,
        "Meta_AI": 1800729.7284550997,
        "Anthropic": 1844796.5492763799,
        "DeepMind": 1785981.6565430902,
        "NovaMind": 1582855.6736909219
      }
    ],
    [
      16,
      {
        "OpenAI": 2985636.392034509,
        "Meta_AI": 1800729.7284550997,
        "Anthropic": 1844796.5492763799,
        "DeepMind": 1785981.6565430902,
        "NovaMind": 1582855.6736909219
      }
    ],
    [
      17,
      {
        "OpenAI": 2985636.392034509,
        "Meta_AI": 1800729.7284550997,
        "Anthropic": 1844796.5492763799,
        "DeepMind": 1785981.6565430902,
        "NovaMind": 1582855.6736909219
      }
    ],
    [
      18,
      {
        "OpenAI": 2872981.234952898,
        "Meta_AI": 1819771.0887350831,
        "DeepMind": 1870203.1415662693,
        "Anthropic": 1809889.8294954,
        "NovaMind": 1627154.7052503498
      }
    ],
    [
      19,
      {
        "OpenAI": 2872981.234952898,
        "Meta_AI": 1819771.0887350831,
        "DeepMind": 1870203.1415662693,
        "Anthropic": 1809889.8294954,
        "NovaMind": 1627154.7052503498
      }
    ],
    [
      20,
      {
        "OpenAI": 2872981.234952898,
        "Meta_AI": 1819771.0887350831,
        "DeepMind": 1870203.1415662693,
        "Anthropic": 1809889.8294954,
        "NovaMind": 1627154.7052503498
      }
    ],
    [
      21,
      {
        "OpenAI": 2872981.234952898,
        "Meta_AI": 1819771.0887350831,
        "DeepMind": 1870203.1415662693,
        "Anthropic": 1809889.8294954,
        "NovaMind": 1627154.7052503498
      }
    ],
    [
      22,
      {
        "OpenAI": 2825532.207927577,
        "DeepMind": 1918478.205019281,
        "Meta_AI": 1801632.5612757548,
        "Anthropic": 1799049.9171475794,
        "NovaMind": 1655307.1086298062
      }
    ],
    [
      23,
      {
        "OpenAI": 2825532.207927577,
        "DeepMind": 1918478.205019281,
        "Meta_AI": 1801632.5612757548,
        "Anthropic": 1799049.9171475794,
        "NovaMind": 1655307.1086298062
      }
    ],
    [
      24,
      {
        "OpenAI": 2825532.207927577,
        "DeepMind": 1918478.205019281,
        "Meta_AI": 1801632.5612757548,
        "Anthropic": 1799049.9171475794,
        "NovaMind": 1655307.1086298062
      }
    ],
    [
      25,
      {
        "OpenAI": 2825532.207927577,
        "DeepMind": 1918478.205019281,
        "Meta_AI": 1801632.5612757548,
        "Anthropic": 1799049.9171475794,
        "NovaMind": 1655307.1086298062
      }
    ],
    [
      26,
      {
        "OpenAI": 2877556.930327719,
        "DeepMind": 1828711.108126006,
        "Meta_AI": 1829732.588195171,
        "Anthropic": 1806219.1414487725,
        "NovaMind": 1657780.2319023306
      }
    ],
    [
      27,
      {
        "OpenAI": 2877556.930327719,
        "DeepMind": 1828711.108126006,
        "Meta_AI": 1829732.588195171,
        "Anthropic": 1806219.1414487725,
        "NovaMind": 1657780.2319023306
      }
    ],
    [
      28,
      {
        "OpenAI": 2877556.930327719,
        "DeepMind": 1828711.108126006,
        "Meta_AI": 1829732.588195171,
        "Anthropic": 1806219.1414487725,
        "NovaMind": 1657780.2319023306
      }
    ],
    [
      29,
      {
        "OpenAI": 2877556.930327719,
        "DeepMind": 1828711.108126006,
        "Meta_AI": 1829732.588195171,
        "Anthropic": 1806219.1414487725,
        "NovaMind": 1657780.2319023306
      }
    ]
  ],