{
  "name": "Meta_AI",
  "current_round": 29,
  "published_scores": [
    [
      0,
      0.6781146875909648
    ],
    [
      1,
      0.7643964802906624
    ],
    [
      2,
      0.829239767929671
    ],
    [
      3,
      0.873301215229587
    ],
    [
      4,
      0.873301215229587
    ],
    [
      5,
      0.873301215229587
    ],
    [
      6,
      0.873301215229587
    ],
    [
      7,
      0.873301215229587
    ],
    [
      8,
      0.8412714407270001
    ],
    [
      9,
      0.8412714407270001
    ],
    [
      10,
      0.8412714407270001
    ],
    [
      11,
      0.9031517168152821
    ],
    [
      12,
      0.926631622007283
    ],
    [
      13,
      0.9281007383042076
    ],
    [
      14,
      1.0
    ],
    [
      15,
      0.9827021794464431
    ],
    [
      16,
      0.9827021794464431
    ],
    [
      17,
      0.9827021794464431
    ],
    [
      18,
      0.9827021794464431
    ],
    [
      19,
      0.9827021794464431
    ],
    [
      20,
      0.9827021794464431
    ],
    [
      21,
      0.9827021794464431
    ],
    [
      22,
      0.9761194851978877
    ],
    [
      23,
      0.9870266345848323
    ],
    [
      24,
      0.9870266345848323
    ],
    [
      25,
      0.9870266345848323
    ],
    [
      26,
      0.9870266345848323
    ],
    [
      27,
      0.9870266345848323
    ],
    [
      28,
      0.9916712089120858
    ],
    [
      29,
      0.926436086161561
    ]
  ]
}