{
  "provider_names": [
    "OpenAI",
    "Anthropic",
    "NovaMind",
    "DeepMind",
    "Meta_AI"
  ],
  "brand_recognition": {
    "OpenAI": 0.9,
    "Anthropic": 0.7,
    "NovaMind": 0.15,
    "DeepMind": 0.8,
    "Meta_AI": 0.6
  },
  "current_round": 29,
  "segments": [
    {
      "name": "software_dev_leaderboard_follower",
      "archetype": "leaderboard_follower",
      "use_case": "software_dev",
      "market_fraction": 0.1,
      "benchmark_weights": {
        "coding_bench": 0.5,
        "reasoning_bench": 0.14285714285714288,
        "reasoning": 0.14285714285714288,
        "question_answering": 0.07142857142857144,
        "factual_recall": 0.07142857142857144,
        "accounting": 0.07142857142857144
      },
      "leaderboard_trust": 0.765,
      "switching_cost": 0.05,
      "switching_threshold": 0.15,
      "provider_shares": {
        "OpenAI": 0.9895581290123628,
        "Anthropic": 0.008606245302208854,
        "NovaMind": 0.0002395508658676478,
        "DeepMind": 0.0006900990712395815,
        "Meta_AI": 0.0009059757483211291
      },
      "believed_quality": {
        "Anthropic": 0.996783496930164,
        "OpenAI": 0.9989176427519902,
        "DeepMind": 0.9809898063096837,
        "Meta_AI": 0.988570832052891,
        "NovaMind": 0.9540697661084812
      },
      "satisfaction": {
        "OpenAI": 0.8817922209217999,
        "Anthropic": 0.8599548261477689,
        "NovaMind": 0.6888318403345598,
        "DeepMind": 0.8239205798427308,
        "Meta_AI": 0.7741415432880522
      },
      "tenure": {
        "OpenAI": 27,
        "Anthropic": 1,
        "NovaMind": 0,
        "DeepMind": 0,
        "Meta_AI": 0
      }
    },
    {
      "name": "software_dev_experience_driven",
      "archetype": "experience_driven",
      "use_case": "software_dev",
      "market_fraction": 0.0875,
      "benchmark_weights": {
        "coding_bench": 0.5,
        "reasoning_bench": 0.14285714285714288,
        "reasoning": 0.14285714285714288,
        "question_answering": 0.07142857142857144,
        "factual_recall": 0.07142857142857144,
        "accounting": 0.07142857142857144
      },
      "leaderboard_trust": 0.315,
      "switching_cost": 0.08,
      "switching_threshold": 0.08,
      "provider_shares": {
        "OpenAI": 0.9970783075309589,
        "Anthropic": 0.0009734573910747913,
        "NovaMind": 0.0004332574966569707,
        "DeepMind": 0.0008567352399038188,
        "Meta_AI": 0.0006582423414054736
      },
      "believed_quality": {
        "Anthropic": 0.996783496930164,
        "OpenAI": 0.9989176427519902,
        "DeepMind": 0.9809898063096837,
        "Meta_AI": 0.988570832052891,
        "NovaMind": 0.9540697661084812
      },
      "satisfaction": {
        "OpenAI": 0.8817922209217999,
        "Anthropic": 0.8599548261477689,
        "NovaMind": 0.6888318403345598,
        "DeepMind": 0.8239205798427308,
        "Meta_AI": 0.7741415432880522
      },
      "tenure": {
        "OpenAI": 29,
        "Anthropic": 0,
        "NovaMind": 0,
        "DeepMind": 0,
        "Meta_AI": 0
      }
    },
    {
      "name": "software_dev_cautious",
      "archetype": "cautious",
      "use_case": "software_dev",
      "market_fraction": 0.0625,
      "benchmark_weights": {
        "coding_bench": 0.5,
        "reasoning_bench": 0.14285714285714288,
        "reasoning": 0.14285714285714288,
        "question_answering": 0.07142857142857144,
        "factual_recall": 0.07142857142857144,
        "accounting": 0.07142857142857144
      },
      "leaderboard_trust": 0.45,
      "switching_cost": 0.2,
      "switching_threshold": 0.25,
      "provider_shares": {
        "OpenAI": 0.9710279716724608,
        "Anthropic": 0.025434149914781035,
        "NovaMind": 0.0009784176893042945,
        "DeepMind": 0.0017125765725526834,
        "Meta_AI": 0.000846884150901233
      },
      "believed_quality": {
        "Anthropic": 0.996783496930164,
        "OpenAI": 0.9989176427519902,
        "DeepMind": 0.9809898063096837,
        "Meta_AI": 0.988570832052891,
        "NovaMind": 0.9540697661084812
      },
      "satisfaction": {
        "OpenAI": 0.8817922209217999,
        "Anthropic": 0.8599548261477689,
        "NovaMind": 0.6888318403345598,
        "DeepMind": 0.8239205798427308,
        "Meta_AI": 0.7741415432880522
      },
      "tenure": {
        "OpenAI": 29,
        "Anthropic": 2,
        "NovaMind": 0,
        "DeepMind": 0,
        "Meta_AI": 0
      }
    },
    {
      "name": "content_writer_leaderboard_follower",
      "archetype": "leaderboard_follower",
      "use_case": "content_writer",
      "market_fraction": 0.1,
      "benchmark_weights": {
        "coding_bench": 0.125,
        "reasoning_bench": 0.25,
        "reasoning": 0.25,
        "question_answering": 0.125,
        "factual_recall": 0.125,
        "accounting": 0.125
      },
      "leaderboard_trust": 0.765,
      "switching_cost": 0.05,
      "switching_threshold": 0.15,
      "provider_shares": {
        "OpenAI": 0.8367353996203878,
        "Anthropic": 0.16176116332156287,
        "NovaMind": 0.0002864941147575755,
        "DeepMind": 0.0005530467591828556,
        "Meta_AI": 0.0006638961841089195
      },
      "believed_quality": {
        "Anthropic": 0.9944312547513952,
        "OpenAI": 0.9978946181895737,
        "DeepMind": 0.970556653083245,
        "Meta_AI": 0.9797632236850866,
        "NovaMind": 0.9266854984238003
      },
      "satisfaction": {
        "OpenAI": 0.8817922209217999,
        "Anthropic": 0.8599548261477689,
        "NovaMind": 0.6888318403345598,
        "DeepMind": 0.8239205798427308,
        "Meta_AI": 0.7741415432880522
      },
      "tenure": {
        "OpenAI": 17,
        "Anthropic": 14,
        "NovaMind": 0,
        "DeepMind": 0,
        "Meta_AI": 0
      }
    },
    {
      "name": "content_writer_experience_driven",
      "archetype": "experience_driven",
      "use_case": "content_writer",
      "market_fraction": 0.0875,
      "benchmark_weights": {
        "coding_bench": 0.125,
        "reasoning_bench": 0.25,
        "reasoning": 0.25,
        "question_answering": 0.125,
        "factual_recall": 0.125,
        "accounting": 0.125
      },
      "leaderboard_trust": 0.315,
      "switching_cost": 0.08,
      "switching_threshold": 0.08,
      "provider_shares": {
        "OpenAI": 0.9973414135419649,
        "Anthropic": 0.0006992761219704332,
        "NovaMind": 0.0005054196410227056,
        "DeepMind": 0.0008407583964699329,
        "Meta_AI": 0.0006131322985720904
      },
      "believed_quality": {
        "Anthropic": 0.9944312547513952,
        "OpenAI": 0.9978946181895737,
        "DeepMind": 0.970556653083245,
        "Meta_AI": 0.9797632236850866,
        "NovaMind": 0.9266854984238003
      },
      "satisfaction": {
        "OpenAI": 0.8817922209217999,
        "Anthropic": 0.8599548261477689,
        "NovaMind": 0.6888318403345598,
        "DeepMind": 0.8239205798427308,
        "Meta_AI": 0.7741415432880522
      },
      "tenure": {
        "OpenAI": 27,
        "Anthropic": 0,
        "NovaMind": 0,
        "DeepMind": 0,
        "Meta_AI": 0
      }
    },
    {
      "name": "content_writer_cautious",
      "archetype": "cautious",
      "use_case": "content_writer",
      "market_fraction": 0.0625,
      "benchmark_weights": {
        "coding_bench": 0.125,
        "reasoning_bench": 0.25,
        "reasoning": 0.25,
        "question_answering": 0.125,
        "factual_recall": 0.125,
        "accounting": 0.125
      },
      "leaderboard_trust": 0.45,
      "switching_cost": 0.2,
      "switching_threshold": 0.25,
      "provider_shares": {
        "OpenAI": 0.7702320316849743,
        "Anthropic": 0.22533747468276952,
        "NovaMind": 0.0009068150594793909,
        "DeepMind": 0.0025540650071538395,
        "Meta_AI": 0.0009696135656230117
      },
      "believed_quality": {
        "Anthropic": 0.9944312547513952,
        "OpenAI": 0.9978946181895737,