{
  "name": "Meta_AI",
  "current_round": 29,
  "published_scores": [
    [
      0,
      0.6781146875909648
    ],
    [
      1,
      0.767910204625667
    ],
    [
      2,
      0.8326244090590715
    ],
    [
      3,
      0.8756462437677663
    ],
    [
      4,
      0.8756462437677663
    ],
    [
      5,
      0.8756462437677663
    ],
    [
      6,
      0.8756462437677663
    ],
    [
      7,
      0.8756462437677663
    ],
    [
      8,
      0.8412335357234995
    ],
    [
      9,
      0.8412335357234995
    ],
    [
      10,
      0.8412335357234995
    ],
    [
      11,
      0.9019620269119354
    ],
    [
      12,
      0.9258877159411893
    ],
    [
      13,
      0.9273361028688702
    ],
    [
      14,
      1.0
    ],
    [
      15,
      0.9810361609248123
    ],
    [
      16,
      0.9810361609248123
    ],
    [
      17,
      0.9810361609248123
    ],
    [
      18,
      0.9810361609248123
    ],
    [
      19,
      0.9810361609248123
    ],
    [
      20,
      0.9810361609248123
    ],
    [
      21,
      0.9810361609248123
    ],
    [
      22,
      0.9725807798462537
    ],
    [
      23,
      0.9857771206936092
    ],
    [
      24,
      0.9857771206936092
    ],
    [
      25,
      0.9857771206936092
    ],
    [
      26,
      0.9857771206936092
    ],
    [
      27,
      0.9857771206936092
    ],
    [
      28,
      0.9895334275574226
    ],
    [
      29,
      0.9230314724644149
    ]
  ]
}