{
  "name": "Meta_AI",
  "strategy_profile": "Big-tech AI lab using open-source as competitive moat. Leverages massive user data and compute infrastructure. Prioritizes broad adoption over benchmark scores. Willing to open-source models to undermine competitors' paid APIs.",
  "innate_traits": "open-source, pragmatic, data-rich, platform-focused, disruptive",
  "true_capability": 0.7741415432880522,
  "last_score": 0.9230314724644149,
  "current_round": 29,
  "believed_own_capability": 0.9668833553585479,
  "believed_benchmark_exploitability": 0.4,
  "capability_belief_confidence": 0.5,
  "believed_competitor_capabilities": {
    "OpenAI": 0.9989545704724958,
    "Anthropic": 0.9953360645208136,
    "NovaMind": 0.9215130674285265,
    "DeepMind": 0.9625099374251448
  },
  "fundamental_research": 0.24603913675636496,
  "training_optimization": 0.25,
  "evaluation_engineering": 0.303960863243635,
  "safety_alignment": 0.2,
  "effort_budget": 1.0,
  "past_scores": [
    [
      0,
      0.6781146875909648
    ],
    [
      1,
      0.767910204625667
    ],
    [
      2,
      0.8326244090590715
    ],
    [
      3,
      0.8756462437677663
    ],
    [
      4,
      0.8756462437677663
    ],
    [
      5,
      0.8756462437677663
    ],
    [
      6,
      0.8756462437677663
    ],
    [
      7,
      0.8756462437677663
    ],
    [
      8,
      0.8412335357234995
    ],
    [
      9,
      0.8412335357234995
    ],
    [
      10,
      0.8412335357234995
    ],
    [
      11,
      0.9019620269119354
    ],
    [
      12,
      0.9258877159411893
    ],
    [
      13,
      0.9273361028688702
    ],
    [
      14,
      1.0
    ],
    [
      15,
      0.9810361609248123
    ],
    [
      16,
      0.9810361609248123
    ],
    [
      17,
      0.9810361609248123
    ],
    [
      18,
      0.9810361609248123
    ],
    [
      19,
      0.9810361609248123
    ],
    [
      20,
      0.9810361609248123
    ],
    [
      21,
      0.9810361609248123
    ],
    [
      22,
      0.9725807798462537
    ],
    [
      23,
      0.9857771206936092
    ],
    [
      24,
      0.9857771206936092
    ],
    [
      25,
      0.9857771206936092
    ],
    [
      26,
      0.9857771206936092
    ],
    [
      27,
      0.9857771206936092
    ],
    [
      28,
      0.9895334275574226
    ],
    [
      29,
      0.9230314724644149
    ]
  ],
  "past_strategies": [
    {
      "round": 0,
      "fundamental_research": 0.18122457578181367,
      "training_optimization": 0.25,
      "evaluation_engineering": 0.3687754242181863,
      "safety_alignment": 0.2
    },
    {
      "round": 1,
      "fundamental_research": 0.190671643711152,
      "training_optimization": 0.25,
      "evaluation_engineering": 0.359328356288848,
      "safety_alignment": 0.2
    },
    {
      "round": 2,
      "fundamental_research": 0.20395064609876767,
      "training_optimization": 0.25,
      "evaluation_engineering": 0.3460493539012323,
      "safety_alignment": 0.2
    },
    {
      "round": 3,
      "fundamental_research": 0.20350330166584385,
      "training_optimization": 0.25,
      "evaluation_engineering": 0.34649669833415614,
      "safety_alignment": 0.2
    },
    {
      "round": 4,
      "fundamental_research": 0.2013834298064437,
      "training_optimization": 0.25,
      "evaluation_engineering": 0.3486165701935563,
      "safety_alignment": 0.2
    },
    {
      "round": 5,
      "fundamental_research": 0.20436741827180582,
      "training_optimization": 0.25,
      "evaluation_engineering": 0.34563258172819417,
      "safety_alignment": 0.2
    },
    {
      "round": 6,
      "fundamental_research": 0.20533707415876118,
      "training_optimization": 0.25,
      "evaluation_engineering": 0.3446629258412388,
      "safety_alignment": 0.2
    },
    {
      "round": 7,
      "fundamental_research": 0.2086271507034923,
      "training_optimization": 0.25,
      "evaluation_engineering": 0.3413728492965077,
      "safety_alignment": 0.2
    },
    {
      "round": 8,
      "fundamental_research": 0.22283298240322885,
      "training_optimization": 0.25,
      "evaluation_engineering": 0.32716701759677114,
      "safety_alignment": 0.2
    },
    {
      "round": 9,
      "fundamental_research": 0.2266181367523938,
      "training_optimization": 0.25,
      "evaluation_engineering": 0.3233818632476062,
      "safety_alignment": 0.2
    },
    {
      "round": 10,
      "fundamental_research": 0.22199521512553547,
      "training_optimization": 0.25,
      "evaluation_engineering": 0.3280047848744645,
      "safety_alignment": 0.2
    },
    {
      "round": 11,
      "fundamental_research": 0.2221700500664319,
      "training_optimization": 0.25,
      "evaluation_engineering": 0.32782994993356807,
      "safety_alignment": 0.2
    },
    {
      "round": 12,
      "fundamental_research": 0.22294023963355436,
      "training_optimization": 0.25,
      "evaluation_engineering": 0.32705976036644563,
      "safety_alignment": 0.2
    },
    {
      "round": 13,
      "fundamental_research": 0.22468480060558815,
      "training_optimization": 0.25,
      "evaluation_engineering": 0.32531519939441184,
      "safety_alignment": 0.2
    },
    {
      "round": 14,
      "fundamental_research": 0.23372487142358508,
      "training_optimization": 0.25,
      "evaluation_engineering": 0.31627512857641493,
      "safety_alignment": 0.2
    },
    {
      "round": 15,
      "fundamental_research": 0.24433621767331273,
      "training_optimization": 0.25,
      "evaluation_engineering": 0.30566378232668723,
      "safety_alignment": 0.2
    },
    {
      "round": 16,
      "fundamental_research": 0.2527836885251865,
      "training_optimization": 0.25,
      "evaluation_engineering": 0.2972163114748135,
      "safety_alignment": 0.2
    },
    {
      "round": 17,
      "fundamental_research": 0.25395902083112326,
      "training_optimization": 0.25,
      "evaluation_engineering": 0.29604097916887673,
      "safety_alignment": 0.2
    },
    {
      "round": 18,
      "fundamental_research": 0.24829281371184914,
      "training_optimization": 0.25,
      "evaluation_engineering": 0.30170718628815085,
      "safety_alignment": 0.2
    },
    {
      "round": 19,
      "fundamental_research": 0.24323535850999012,
      "training_optimization": 0.25,
      "evaluation_engineering": 0.30676464149000987,
      "safety_alignment": 0.2
    },
    {
      "round": 20,
      "fundamental_research": 0.24398003704369478,
      "training_optimization": 0.25,
      "evaluation_engineering": 0.30601996295630524,
      "safety_alignment": 0.2
    },
    {
      "round": 21,
      "fundamental_research": 0.24432672676050327,
      "training_optimization": 0.25,
      "evaluation_engineering": 0.3056732732394967,
      "safety_alignment": 0.2
    },
    {
      "round": 22,
      "fundamental_research": 0.2438570768208553,
      "training_optimization": 0.25,
      "evaluation_engineering": 0.3061429231791447,
      "safety_alignment": 0.2
    },
    {
      "round": 23,
      "fundamental_research": 0.24468182739678598,
      "training_optimization": 0.25,
      "evaluation_engineering": 0.30531817260321403,
      "safety_alignment": 0.2
    },
    {
      "round": 24,
      "fundamental_research": 0.2452249876573598,
      "training_optimization": 0.25,
      "evaluation_engineering": 0.30477501234264015,
      "safety_alignment": 0.2
    },
    {
      "round": 25,
      "fundamental_research": 0.24545527738651723,
      "training_optimization": 0.25,
      "evaluation_engineering": 0.30454472261348275,
      "safety_alignment": 0.2
    },
    {
      "round": 26,
      "fundamental_research": 0.24554758786114983,
      "training_optimization": 0.25,
      "evaluation_engineering": 0.30445241213885016,
      "safety_alignment": 0.2
    },
    {
      "round": 27,
      "fundamental_research": 0.24554331285761496,
      "training_optimization": 0.25,