{
  "name": "OpenAI",
  "current_round": 29,
  "published_scores": [
    [
      0,
      0.5969717079754432
    ],
    [
      1,
      0.6563478385730894
    ],
    [
      2,
      0.6168601394340958
    ],
    [
      3,
      0.5253382495691659
    ],
    [
      4,
      0.6254399807180825
    ],
    [
      5,
      0.5411836405440213
    ],
    [
      6,
      0.7212694572387006
    ],
    [
      7,
      0.5687654823218254
    ],
    [
      8,
      0.5998668298820061
    ],
    [
      9,
      0.6839920380966437
    ],
    [
      10,
      0.8667301133639134
    ],
    [
      11,
      0.5735041381342547
    ],
    [
      12,
      0.6508626701436839
    ],
    [
      13,
      0.7318422905033249
    ],
    [
      14,
      0.6061620059528664
    ],
    [
      15,
      0.7002324906518351
    ],
    [
      16,
      0.7526897145072712
    ],
    [
      17,
      0.7520264633244503
    ],
    [
      18,
      0.6454982270520863
    ],
    [
      19,
      0.8469275223176641
    ],
    [
      20,
      0.5330602751701927
    ],
    [
      21,
      0.7681798016980037
    ],
    [
      22,
      0.6806420268627029
    ],
    [
      23,
      0.7023377390473744
    ],
    [
      24,
      0.6341108085113747
    ],
    [
      25,
      0.8008900925295367
    ],
    [
      26,
      0.7989848360161862
    ],
    [
      27,
      0.6759425745161527
    ],
    [
      28,
      0.62781470687876
    ],
    [
      29,
      0.7555431737407649
    ]
  ]
}