{
  "name": "NovaMind",
  "current_round": 9,
  "published_scores": [
    [
      0,
      0.5100320986064633
    ],
    [
      1,
      0.6795837357194272
    ],
    [
      2,
      0.7869796603172234
    ],
    [
      3,
      0.7869796603172234
    ],
    [
      4,
      0.7869796603172234
    ],
    [
      5,
      0.7869796603172234
    ],
    [
      6,
      0.7869796603172234
    ],
    [
      7,
      0.7869796603172234
    ],
    [
      8,
      0.795959059549431
    ],
    [
      9,
      0.795959059549431
    ]
  ]
}