{
  "funder_type": "gov",
  "mission_statement": "Ensure safe and responsible AI development",
  "total_capital": 100000000.0,
  "deployed_capital": 10000000.0,
  "believed_provider_quality": {
    "Anthropic": 0.8831102685532686,
    "OpenAI": 0.9250665065394847,
    "DeepMind": 0.8727766920096189,
    "Meta_AI": 0.8513889385241018,
    "NovaMind": 0.7667735289409087
  },
  "believed_provider_gaming": {
    "Anthropic": 0.3405107411497736,
    "OpenAI": 0.2609235766882372,
    "DeepMind": 0.29352720698308654,
    "Meta_AI": 0.3940670899439947,
    "NovaMind": 0.47445397259031075
  },
  "active_funding": {
    "OpenAI": 2947150.437633258,
    "Anthropic": 1850225.795315579,
    "Meta_AI": 1786177.801917354,
    "DeepMind": 1825693.4191865278,
    "NovaMind": 1590752.5459472819
  },
  "funding_history": [
    [
      0,
      {
        "Anthropic": 2453739.8981864974,
        "OpenAI": 2158791.328993917,
        "DeepMind": 2032482.1792694766,
        "Meta_AI": 1848294.3525482642,
        "NovaMind": 1506692.2410018446
      }
    ],
    [
      1,
      {
        "Anthropic": 2453739.8981864974,
        "OpenAI": 2158791.328993917,
        "DeepMind": 2032482.1792694766,
        "Meta_AI": 1848294.3525482642,
        "NovaMind": 1506692.2410018446
      }
    ],
    [
      2,
      {
        "OpenAI": 2598543.7105827807,
        "DeepMind": 1912676.2188751725,
        "Anthropic": 1921249.789787067,
        "Meta_AI": 1726937.51190038,
        "NovaMind": 1840592.7688545997
      }
    ],
    [
      3,
      {
        "OpenAI": 2598543.7105827807,
        "DeepMind": 1912676.2188751725,
        "Anthropic": 1921249.789787067,
        "Meta_AI": 1726937.51190038,
        "NovaMind": 1840592.7688545997
      }
    ],
    [
      4,
      {
        "OpenAI": 2802331.092063236,
        "DeepMind": 2097330.5448515113,
        "Meta_AI": 1776186.2910582307,
        "Anthropic": 1750416.8726638048,
        "NovaMind": 1573735.1993632172
      }
    ],
    [
      5,
      {
        "OpenAI": 2802331.092063236,
        "DeepMind": 2097330.5448515113,
        "Meta_AI": 1776186.2910582307,
        "Anthropic": 1750416.8726638048,
        "NovaMind": 1573735.1993632172
      }
    ],
    [
      6,
      {
        "OpenAI": 3065437.284258542,
        "DeepMind": 1906277.237292295,
        "Anthropic": 1838991.4331433321,
        "Meta_AI": 1695906.449499996,
        "NovaMind": 1493387.5958058345
      }
    ],
    [
      7,
      {
        "OpenAI": 3065437.284258542,
        "DeepMind": 1906277.237292295,
        "Anthropic": 1838991.4331433321,
        "Meta_AI": 1695906.449499996,
        "NovaMind": 1493387.5958058345
      }
    ],
    [
      8,
      {
        "Anthropic": 1940181.898577234,
        "Meta_AI": 1688504.8934301084,
        "OpenAI": 3200839.38436095,
        "NovaMind": 1512749.9068431188,
        "DeepMind": 1657723.916788589
      }
    ],
    [
      9,
      {
        "Anthropic": 1940181.898577234,
        "Meta_AI": 1688504.8934301084,
        "OpenAI": 3200839.38436095,
        "NovaMind": 1512749.9068431188,
        "DeepMind": 1657723.916788589
      }
    ],
    [
      10,
      {
        "Anthropic": 1969266.856201833,
        "OpenAI": 2957554.596210117,
        "DeepMind": 1786868.037147776,
        "Meta_AI": 1698446.1973651089,
        "NovaMind": 1587864.3130751657
      }
    ],
    [
      11,
      {
        "Anthropic": 1969266.856201833,
        "OpenAI": 2957554.596210117,
        "DeepMind": 1786868.037147776,
        "Meta_AI": 1698446.1973651089,
        "NovaMind": 1587864.3130751657
      }
    ],
    [
      12,
      {
        "Anthropic": 1913278.3741181316,
        "OpenAI": 2915533.5037829992,
        "Meta_AI": 1823531.782548815,
        "DeepMind": 1805321.3098099004,
        "NovaMind": 1542335.0297401533
      }
    ],
    [
      13,
      {
        "Anthropic": 1913278.3741181316,
        "OpenAI": 2915533.5037829992,
        "Meta_AI": 1823531.782548815,
        "DeepMind": 1805321.3098099004,
        "NovaMind": 1542335.0297401533
      }
    ],
    [
      14,
      {
        "Meta_AI": 1878363.0775982696,
        "Anthropic": 1833360.566836616,
        "OpenAI": 2958758.3562316406,
        "DeepMind": 1806019.1743627896,
        "NovaMind": 1523498.824970685
      }
    ],
    [
      15,
      {
        "Meta_AI": 1878363.0775982696,
        "Anthropic": 1833360.566836616,
        "OpenAI": 2958758.3562316406,
        "DeepMind": 1806019.1743627896,
        "NovaMind": 1523498.824970685
      }
    ],
    [
      16,
      {
        "Meta_AI": 1889969.9501932294,
        "OpenAI": 2973360.90760448,
        "DeepMind": 1852171.2159657327,
        "Anthropic": 1769509.7255500203,
        "NovaMind": 1514988.2006865367
      }
    ],
    [
      17,
      {
        "Meta_AI": 1889969.9501932294,
        "OpenAI": 2973360.90760448,
        "DeepMind": 1852171.2159657327,
        "Anthropic": 1769509.7255500203,
        "NovaMind": 1514988.2006865367
      }
    ],
    [
      18,
      {
        "Meta_AI": 1744343.4658685233,
        "Anthropic": 1959267.3119058348,
        "OpenAI": 2906080.9279715545,
        "DeepMind": 1842531.1807331226,
        "NovaMind": 1547777.1135209645
      }
    ],
    [
      19,
      {
        "Meta_AI": 1744343.4658685233,
        "Anthropic": 1959267.3119058348,
        "OpenAI": 2906080.9279715545,
        "DeepMind": 1842531.1807331226,
        "NovaMind": 1547777.1135209645
      }
    ],
    [
      20,
      {
        "OpenAI": 3043867.4343912182,
        "Anthropic": 1833372.2011787873,
        "Meta_AI": 1777686.5038989226,
        "DeepMind": 1803110.6860173861,
        "NovaMind": 1541963.1745136855
      }
    ],
    [
      21,
      {
        "OpenAI": 3043867.4343912182,
        "Anthropic": 1833372.2011787873,
        "Meta_AI": 1777686.5038989226,
        "DeepMind": 1803110.6860173861,
        "NovaMind": 1541963.1745136855
      }
    ],
    [
      22,
      {
        "OpenAI": 2982308.11071845,
        "DeepMind": 1889723.1345531754,
        "Meta_AI": 1784235.966841498,
        "Anthropic": 1788062.3393433131,
        "NovaMind": 1555670.4485435637
      }
    ],
    [
      23,
      {
        "OpenAI": 2982308.11071845,
        "DeepMind": 1889723.1345531754,
        "Meta_AI": 1784235.966841498,
        "Anthropic": 1788062.3393433131,
        "NovaMind": 1555670.4485435637
      }
    ],
    [
      24,
      {
        "OpenAI": 2958879.911829399,
        "Meta_AI": 1787986.343788067,
        "DeepMind": 1832147.2876550516,
        "Anthropic": 1774142.8584298408,
        "NovaMind": 1646843.5982976425
      }
    ],
    [
      25,
      {
        "OpenAI": 2958879.911829399,
        "Meta_AI": 1787986.343788067,
        "DeepMind": 1832147.2876550516,
        "Anthropic": 1774142.8584298408,
        "NovaMind": 1646843.5982976425
      }
    ],
    [
      26,
      {
        "OpenAI": 2937201.7133684526,
        "Anthropic": 1862592.0146795574,
        "Meta_AI": 1770099.8085255795,
        "DeepMind": 1812265.213168255,
        "NovaMind": 1617841.2502581554
      }
    ],
    [
      27,
      {
        "OpenAI": 2937201.7133684526,
        "Anthropic": 1862592.0146795574,
        "Meta_AI": 1770099.8085255795,
        "DeepMind": 1812265.213168255,
        "NovaMind": 1617841.2502581554
      }
    ],
    [
      28,
      {
        "OpenAI": 2947150.437633258,
        "Anthropic": 1850225.795315579,
        "Meta_AI": 1786177.801917354,
        "DeepMind": 1825693.4191865278,
        "NovaMind": 1590752.5459472819
      }
    ],
    [
      29,
      {
        "OpenAI": 2947150.437633258,
        "Anthropic": 1850225.795315579,
        "Meta_AI": 1786177.801917354,
        "DeepMind": 1825693.4191865278,
        "NovaMind": 1590752.5459472819
      }
    ]
  ],