{
  "funder_type": "gov",
  "mission_statement": "Ensure safe and responsible AI development",
  "total_capital": 500000.0,
  "deployed_capital": 500000.0,
  "believed_provider_quality": {
    "OpenAI": 0.7509333562605843,
    "Meta_AI": 0.5487378979953002,
    "DeepMind": 0.7360546030631455,
    "Anthropic": 0.714341127291615,
    "NovaMind": 0.5927584747884251
  },
  "believed_provider_gaming": {
    "OpenAI": 0.0,
    "Meta_AI": 0.3,
    "DeepMind": 0.0,
    "Anthropic": 0.0,
    "NovaMind": 0.0
  },
  "active_funding": {
    "Anthropic": 100000.0,
    "OpenAI": 100000.0,
    "DeepMind": 100000.0,
    "Meta_AI": 100000.0,
    "NovaMind": 100000.0
  },
  "funding_history": [
    [
      0,
      {
        "OpenAI": 100000.0,
        "DeepMind": 116666.66666666667,
        "Meta_AI": 33333.333333333336,
        "Anthropic": 50000.0,
        "NovaMind": 200000.0
      }
    ],
    [
      1,
      {
        "DeepMind": 215827.3381294964,
        "OpenAI": 179856.11510791365,
        "Anthropic": 57553.95683453238,
        "Meta_AI": 43165.467625899284,
        "NovaMind": 3597.1223021582737
      }
    ],
    [
      2,
      {
        "OpenAI": 153846.15384615384,
        "DeepMind": 166666.66666666666,
        "Anthropic": 51282.05128205128,
        "NovaMind": 102564.10256410256,
        "Meta_AI": 25641.02564102564
      }
    ],
    [
      3,
      {
        "OpenAI": 166666.66666666666,
        "DeepMind": 154761.90476190476,
        "Meta_AI": 47619.04761904762,
        "Anthropic": 95238.09523809524,
        "NovaMind": 35714.28571428571
      }
    ],
    [
      4,
      {
        "DeepMind": 150000.0,
        "OpenAI": 150000.0,
        "Anthropic": 100000.0,
        "NovaMind": 75000.0,
        "Meta_AI": 25000.0
      }
    ],
    [
      5,
      {
        "OpenAI": 174418.6046511628,
        "DeepMind": 145348.83720930232,
        "Anthropic": 81395.34883720931,
        "NovaMind": 69767.44186046511,
        "Meta_AI": 29069.767441860466
      }
    ],
    [
      6,
      {
        "Anthropic": 100000.0,
        "OpenAI": 100000.0,
        "Meta_AI": 100000.0,
        "DeepMind": 100000.0,
        "NovaMind": 100000.0
      }
    ],
    [
      7,
      {
        "DeepMind": 166666.66666666666,
        "OpenAI": 152777.77777777778,
        "Anthropic": 111111.11111111111,
        "NovaMind": 27777.777777777777,
        "Meta_AI": 41666.666666666664
      }
    ],
    [
      8,
      {
        "OpenAI": 120000.0,
        "DeepMind": 120000.0,
        "Anthropic": 120000.0,
        "NovaMind": 80000.0,
        "Meta_AI": 60000.0
      }
    ],
    [
      9,
      {
        "DeepMind": 139534.88372093023,
        "Anthropic": 127906.97674418605,
        "OpenAI": 116279.06976744186,
        "NovaMind": 81395.34883720931,
        "Meta_AI": 34883.72093023256
      }
    ],
    [
      10,
      {
        "OpenAI": 100000.0,
        "DeepMind": 100000.0,
        "Anthropic": 100000.0,
        "Meta_AI": 100000.0,
        "NovaMind": 100000.0
      }
    ],
    [
      11,
      {
        "OpenAI": 133333.33333333334,
        "NovaMind": 155555.55555555556,
        "Anthropic": 88888.88888888889,
        "DeepMind": 77777.77777777778,
        "Meta_AI": 44444.444444444445
      }
    ],
    [
      12,
      {
        "DeepMind": 187500.0,
        "OpenAI": 150000.0,
        "NovaMind": 100000.0,
        "Anthropic": 37500.0,
        "Meta_AI": 25000.0
      }
    ],
    [
      13,
      {
        "DeepMind": 100000.0,
        "Anthropic": 100000.0,
        "OpenAI": 100000.0,
        "Meta_AI": 100000.0,
        "NovaMind": 100000.0
      }
    ],
    [
      14,
      {
        "OpenAI": 222222.22222222222,
        "DeepMind": 166666.66666666666,
        "NovaMind": 83333.33333333333,
        "Anthropic": 27777.777777777777
      }
    ],
    [
      15,
      {
        "OpenAI": 224489.79591836734,
        "DeepMind": 163265.30612244896,
        "NovaMind": 81632.65306122448,
        "Anthropic": 30612.244897959183,
        "Meta_AI": 0.0
      }
    ],
    [
      16,
      {
        "OpenAI": 235294.11764705883,
        "DeepMind": 176470.58823529413,
        "NovaMind": 44117.64705882353,
        "Meta_AI": 14705.882352941177,
        "Anthropic": 29411.764705882353
      }
    ],
    [
      17,
      {
        "OpenAI": 196428.57142857142,
        "DeepMind": 160714.28571428574,
        "NovaMind": 35714.28571428571,
        "Meta_AI": 44642.857142857145,
        "Anthropic": 62500.0
      }
    ],
    [
      18,
      {
        "OpenAI": 185185.18518518517,
        "DeepMind": 148148.14814814815,
        "NovaMind": 86419.75308641975,
        "Anthropic": 77777.77777777778,
        "Meta_AI": 2469.135802469136
      }
    ],
    [
      19,
      {
        "Anthropic": 100000.0,
        "OpenAI": 100000.0,
        "DeepMind": 100000.0,
        "Meta_AI": 100000.0,
        "NovaMind": 100000.0
      }
    ]
  ],
  "roi_history": [
    [
      1,
      0.11657380675850086
    ],
    [
      2,
      0.12725039087126902
    ],
    [
      3,
      0.12239728551193758
    ],
    [
      4,
      0.12464335383539286
    ],
    [
      5,
      0.12463790015308958
    ],
    [
      6,
      0.12568470013134453
    ],
    [
      7,
      0.1188618952681086
    ],
    [
      8,
      0.12834601116660446
    ],
    [
      9,
      0.12706205135145948
    ],
    [
      10,
      0.12965943589169215
    ],
    [
      11,
      0.12544796545812492
    ],
    [
      12,
      0.1288177712662864
    ],
    [
      13,
      0.13486134986343498
    ],
    [
      14,
      0.1292623209741473
    ],
    [
      15,
      0.1741521188942805
    ],
    [
      16,
      0.14095815236647066
    ],
    [
      17,
      0.1427861308370062
    ],
    [
      18,
      0.1423144004950334
    ],
    [
      19,
      0.14249906955911962
    ]
  ],
  "recent_insights": []
}