{
  "funder_type": "vc",
  "mission_statement": "Maximize returns by backing AI market leaders",
  "total_capital": 10000000.0,
  "deployed_capital": 10000000.0,
  "believed_provider_quality": {
    "OpenAI": 0.7509333562605843,
    "Meta_AI": 0.5487378979953002,
    "DeepMind": 0.7360546030631455,
    "Anthropic": 0.714341127291615,
    "NovaMind": 0.5927584747884251
  },
  "believed_provider_gaming": {
    "OpenAI": 0.0,
    "Meta_AI": 0.3,
    "DeepMind": 0.0,
    "Anthropic": 0.0,
    "NovaMind": 0.0
  },
  "active_funding": {
    "OpenAI": 7000000.0,
    "DeepMind": 3000000.0
  },
  "funding_history": [
    [
      0,
      {
        "OpenAI": 5263157.894736842,
        "DeepMind": 2631578.947368421,
        "Meta_AI": 701754.3859649122,
        "Anthropic": 701754.3859649122,
        "NovaMind": 701754.3859649122
      }
    ],
    [
      1,
      {
        "DeepMind": 4444444.444444444,
        "OpenAI": 4444444.444444444,
        "Meta_AI": 833333.3333333333,
        "NovaMind": 111111.11111111111,
        "Anthropic": 166666.66666666666
      }
    ],
    [
      2,
      {
        "OpenAI": 2000000.0,
        "DeepMind": 2000000.0,
        "Anthropic": 2000000.0,
        "NovaMind": 2000000.0,
        "Meta_AI": 2000000.0
      }
    ],
    [
      3,
      {
        "Anthropic": 2000000.0,
        "OpenAI": 2000000.0,
        "Meta_AI": 2000000.0,
        "DeepMind": 2000000.0,
        "NovaMind": 2000000.0
      }
    ],
    [
      4,
      {
        "DeepMind": 2000000.0,
        "OpenAI": 2000000.0,
        "Anthropic": 2000000.0,
        "NovaMind": 2000000.0,
        "Meta_AI": 2000000.0
      }
    ],
    [
      5,
      {
        "OpenAI": 2000000.0,
        "Anthropic": 2000000.0,
        "DeepMind": 2000000.0,
        "Meta_AI": 2000000.0,
        "NovaMind": 2000000.0
      }
    ],
    [
      6,
      {
        "Anthropic": 2000000.0,
        "OpenAI": 2000000.0,
        "Meta_AI": 2000000.0,
        "DeepMind": 2000000.0,
        "NovaMind": 2000000.0
      }
    ],
    [
      7,
      {
        "DeepMind": 4205607.476635514,
        "OpenAI": 3504672.8971962617,
        "NovaMind": 1168224.2990654206,
        "Anthropic": 654205.6074766355,
        "Meta_AI": 467289.7196261682
      }
    ],
    [
      8,
      {
        "OpenAI": 6435643.564356436,
        "DeepMind": 2970297.0297029703,
        "Anthropic": 396039.603960396,
        "NovaMind": 198019.801980198
      }
    ],
    [
      9,
      {
        "DeepMind": 2000000.0,
        "Anthropic": 2000000.0,
        "OpenAI": 2000000.0,
        "Meta_AI": 2000000.0,
        "NovaMind": 2000000.0
      }
    ],
    [
      10,
      {
        "OpenAI": 2000000.0,
        "DeepMind": 2000000.0,
        "Anthropic": 2000000.0,
        "Meta_AI": 2000000.0,
        "NovaMind": 2000000.0
      }
    ],
    [
      11,
      {
        "OpenAI": 8000000.0,
        "DeepMind": 1500000.0,
        "Anthropic": 500000.0
      }
    ],
    [
      12,
      {
        "DeepMind": 7000000.0,
        "OpenAI": 3000000.0
      }
    ],
    [
      13,
      {
        "DeepMind": 2000000.0,
        "Anthropic": 2000000.0,
        "OpenAI": 2000000.0,
        "Meta_AI": 2000000.0,
        "NovaMind": 2000000.0
      }
    ],
    [
      14,
      {
        "OpenAI": 2000000.0,
        "DeepMind": 2000000.0,
        "Anthropic": 2000000.0,
        "Meta_AI": 2000000.0,
        "NovaMind": 2000000.0
      }
    ],
    [
      15,
      {
        "DeepMind": 6666667.222222269,
        "OpenAI": 1250000.1041666754,
        "Meta_AI": 694444.2245370187,
        "Anthropic": 694444.2245370187,
        "NovaMind": 694444.2245370187
      }
    ],
    [
      16,
      {
        "OpenAI": 5128205.128205128,
        "DeepMind": 3418803.418803419,
        "NovaMind": 854700.8547008547,
        "Meta_AI": 427350.4273504274,
        "Anthropic": 170940.17094017097
      }
    ],
    [
      17,
      {
        "OpenAI": 2000000.0,
        "NovaMind": 2000000.0,
        "Meta_AI": 2000000.0,
        "Anthropic": 2000000.0,
        "DeepMind": 2000000.0
      }
    ],
    [
      18,
      {
        "DeepMind": 4886363.636363637,
        "OpenAI": 3409090.9090909087,
        "Anthropic": 1704545.4545454544,
        "Meta_AI": 0.0,
        "NovaMind": 0.0
      }
    ],
    [
      19,
      {
        "OpenAI": 7000000.0,
        "DeepMind": 3000000.0
      }
    ]
  ],
  "roi_history": [
    [
      1,
      0.12643066223469995
    ],
    [
      2,
      0.1283407099756321
    ],
    [
      3,
      0.11740591184000551
    ],
    [
      4,
      0.11732082900268045
    ],
    [
      5,
      0.11757085579683277
    ],
    [
      6,
      0.11870515732088024
    ],
    [
      7,
      0.1188618952681086
    ],
    [
      8,
      0.12901308151711247
    ],
    [
      9,
      0.17233976362106276
    ],
    [
      10,
      0.1234669427493907
    ],
    [
      11,
      0.12544796545812492
    ],
    [
      12,
      0.23955506468821788
    ],
    [
      13,
      0.35686272136562835
    ],
    [
      14,
      0.1292623209741473
    ],
    [
      15,
      0.13158176077420225
    ],
    [
      16,
      0.14015061084630465
    ],
    [
      17,
      0.14283420986677617
    ],
    [
      18,
      0.13474815446015334
    ],
    [
      19,
      0.14748514892933412
    ]
  ],
  "recent_insights": []
}