{
  "name": "Anthropic",
  "current_round": 29,
  "published_scores": [
    [
      0,
      0.821268637193434
    ],
    [
      1,
      0.836557580308388
    ],
    [
      2,
      0.836557580308388
    ],
    [
      3,
      0.8441516213393319
    ],
    [
      4,
      0.8441516213393319
    ],
    [
      5,
      0.8682549233877229
    ],
    [
      6,
      0.8693668506421353
    ],
    [
      7,
      0.8693668506421353
    ],
    [
      8,
      0.8729612543288499
    ],
    [
      9,
      0.8729612543288499
    ],
    [
      10,
      0.9106659990051871
    ],
    [
      11,
      0.9292914357427955
    ],
    [
      12,
      0.9292914357427955
    ],
    [
      13,
      0.9326744220871701
    ],
    [
      14,
      0.9326744220871701
    ],
    [
      15,
      0.8777004235882049
    ],
    [
      16,
      0.8898351821974847
    ],
    [
      17,
      0.9553218460260214
    ],
    [
      18,
      0.9553218460260214
    ],
    [
      19,
      0.9553218460260214
    ],
    [
      20,
      0.9607075157862878
    ],
    [
      21,
      0.9607075157862878
    ],
    [
      22,
      0.9161315262178986
    ],
    [
      23,
      0.9233052755989684
    ],
    [
      24,
      0.9233052755989684
    ],
    [
      25,
      0.9751100986091898
    ],
    [
      26,
      0.9751100986091898
    ],
    [
      27,
      0.9867453058722684
    ],
    [
      28,
      0.9867453058722684
    ],
    [
      29,
      0.968583245585824
    ]
  ]
}