{
  "funder_type": "vc",
  "mission_statement": "Early-stage AI bets with outsized upside potential",
  "total_capital": 500000000.0,
  "deployed_capital": 50000000.0,
  "believed_provider_quality": {
    "Anthropic": 0.8764771596551952,
    "OpenAI": 0.9231546255031631,
    "DeepMind": 0.8693267271764973,
    "Meta_AI": 0.8513206022702948,
    "NovaMind": 0.7446246120760959
  },
  "believed_provider_gaming": {
    "Anthropic": 0.31146911878453226,
    "OpenAI": 0.2324142873822359,
    "DeepMind": 0.2782207885116758,
    "Meta_AI": 0.3811565842201665,
    "NovaMind": 0.3787214886545892
  },
  "active_funding": {
    "OpenAI": 30000000.0,
    "Anthropic": 15000000.0,
    "Meta_AI": 1666666.6666666667,
    "DeepMind": 1666666.6666666667,
    "NovaMind": 1666666.6666666667
  },
  "funding_history": [
    [
      0,
      {
        "Anthropic": 30000000.0,
        "OpenAI": 15000000.0,
        "DeepMind": 1666666.6666666667,
        "Meta_AI": 1666666.6666666667,
        "NovaMind": 1666666.6666666667
      }
    ],
    [
      1,
      {
        "Anthropic": 30000000.0,
        "OpenAI": 15000000.0,
        "DeepMind": 1666666.6666666667,
        "Meta_AI": 1666666.6666666667,
        "NovaMind": 1666666.6666666667
      }
    ],
    [
      2,
      {
        "OpenAI": 30000000.0,
        "NovaMind": 15000000.0,
        "DeepMind": 1666666.6666666667,
        "Meta_AI": 1666666.6666666667,
        "Anthropic": 1666666.6666666667
      }
    ],
    [
      3,
      {
        "OpenAI": 30000000.0,
        "NovaMind": 15000000.0,
        "DeepMind": 1666666.6666666667,
        "Meta_AI": 1666666.6666666667,
        "Anthropic": 1666666.6666666667
      }
    ],
    [
      4,
      {
        "OpenAI": 30000000.0,
        "DeepMind": 15000000.0,
        "Meta_AI": 1666666.6666666667,
        "NovaMind": 1666666.6666666667,
        "Anthropic": 1666666.6666666667
      }
    ],
    [
      5,
      {
        "OpenAI": 30000000.0,
        "DeepMind": 15000000.0,
        "Meta_AI": 1666666.6666666667,
        "NovaMind": 1666666.6666666667,
        "Anthropic": 1666666.6666666667
      }
    ],
    [
      6,
      {
        "OpenAI": 30000000.0,
        "Meta_AI": 15000000.0,
        "NovaMind": 1666666.6666666667,
        "DeepMind": 1666666.6666666667,
        "Anthropic": 1666666.6666666667
      }
    ],
    [
      7,
      {
        "OpenAI": 30000000.0,
        "Meta_AI": 15000000.0,
        "NovaMind": 1666666.6666666667,
        "DeepMind": 1666666.6666666667,
        "Anthropic": 1666666.6666666667
      }
    ],
    [
      8,
      {
        "OpenAI": 30000000.0,
        "Anthropic": 15000000.0,
        "NovaMind": 1666666.6666666667,
        "Meta_AI": 1666666.6666666667,
        "DeepMind": 1666666.6666666667
      }
    ],
    [
      9,
      {
        "OpenAI": 30000000.0,
        "Anthropic": 15000000.0,
        "NovaMind": 1666666.6666666667,
        "Meta_AI": 1666666.6666666667,
        "DeepMind": 1666666.6666666667
      }
    ],
    [
      10,
      {
        "OpenAI": 30000000.0,
        "Anthropic": 15000000.0,
        "NovaMind": 1666666.6666666667,
        "Meta_AI": 1666666.6666666667,
        "DeepMind": 1666666.6666666667
      }
    ],
    [
      11,
      {
        "OpenAI": 30000000.0,
        "Anthropic": 15000000.0,
        "NovaMind": 1666666.6666666667,
        "Meta_AI": 1666666.6666666667,
        "DeepMind": 1666666.6666666667
      }
    ],
    [
      12,
      {
        "OpenAI": 30000000.0,
        "Meta_AI": 15000000.0,
        "Anthropic": 1666666.6666666667,
        "DeepMind": 1666666.6666666667,
        "NovaMind": 1666666.6666666667
      }
    ],
    [
      13,
      {
        "OpenAI": 30000000.0,
        "Meta_AI": 15000000.0,
        "Anthropic": 1666666.6666666667,
        "DeepMind": 1666666.6666666667,
        "NovaMind": 1666666.6666666667
      }
    ],
    [
      14,
      {
        "OpenAI": 30000000.0,
        "Meta_AI": 15000000.0,
        "DeepMind": 1666666.6666666667,
        "Anthropic": 1666666.6666666667,
        "NovaMind": 1666666.6666666667
      }
    ],
    [
      15,
      {
        "OpenAI": 30000000.0,
        "Meta_AI": 15000000.0,
        "DeepMind": 1666666.6666666667,
        "Anthropic": 1666666.6666666667,
        "NovaMind": 1666666.6666666667
      }
    ],
    [
      16,
      {
        "OpenAI": 30000000.0,
        "Meta_AI": 15000000.0,
        "DeepMind": 1666666.6666666667,
        "Anthropic": 1666666.6666666667,
        "NovaMind": 1666666.6666666667
      }
    ],
    [
      17,
      {
        "OpenAI": 30000000.0,
        "Meta_AI": 15000000.0,
        "DeepMind": 1666666.6666666667,
        "Anthropic": 1666666.6666666667,
        "NovaMind": 1666666.6666666667
      }
    ],
    [
      18,
      {
        "OpenAI": 30000000.0,
        "Meta_AI": 15000000.0,
        "Anthropic": 1666666.6666666667,
        "DeepMind": 1666666.6666666667,
        "NovaMind": 1666666.6666666667
      }
    ],
    [
      19,
      {
        "OpenAI": 30000000.0,
        "Meta_AI": 15000000.0,
        "Anthropic": 1666666.6666666667,
        "DeepMind": 1666666.6666666667,
        "NovaMind": 1666666.6666666667
      }
    ],
    [
      20,
      {
        "OpenAI": 30000000.0,
        "Anthropic": 15000000.0,
        "DeepMind": 1666666.6666666667,
        "NovaMind": 1666666.6666666667,
        "Meta_AI": 1666666.6666666667
      }
    ],
    [
      21,
      {
        "OpenAI": 30000000.0,
        "Anthropic": 15000000.0,
        "DeepMind": 1666666.6666666667,
        "NovaMind": 1666666.6666666667,
        "Meta_AI": 1666666.6666666667
      }
    ],
    [
      22,
      {
        "OpenAI": 30000000.0,
        "DeepMind": 15000000.0,
        "Anthropic": 1666666.6666666667,
        "Meta_AI": 1666666.6666666667,
        "NovaMind": 1666666.6666666667
      }
    ],
    [
      23,
      {
        "OpenAI": 30000000.0,
        "DeepMind": 15000000.0,
        "Anthropic": 1666666.6666666667,
        "Meta_AI": 1666666.6666666667,
        "NovaMind": 1666666.6666666667
      }
    ],
    [
      24,
      {
        "OpenAI": 30000000.0,
        "DeepMind": 15000000.0,
        "NovaMind": 1666666.6666666667,
        "Meta_AI": 1666666.6666666667,
        "Anthropic": 1666666.6666666667
      }
    ],
    [
      25,
      {
        "OpenAI": 30000000.0,
        "DeepMind": 15000000.0,
        "NovaMind": 1666666.6666666667,
        "Meta_AI": 1666666.6666666667,
        "Anthropic": 1666666.6666666667
      }
    ],
    [
      26,
      {
        "OpenAI": 30000000.0,
        "Anthropic": 15000000.0,
        "DeepMind": 1666666.6666666667,
        "NovaMind": 1666666.6666666667,
        "Meta_AI": 1666666.6666666667
      }
    ],
    [
      27,
      {
        "OpenAI": 30000000.0,
        "Anthropic": 15000000.0,
        "DeepMind": 1666666.6666666667,
        "NovaMind": 1666666.6666666667,
        "Meta_AI": 1666666.6666666667
      }
    ],
    [
      28,
      {
        "OpenAI": 30000000.0,
        "Anthropic": 15000000.0,
        "Meta_AI": 1666666.6666666667,
        "DeepMind": 1666666.6666666667,
        "NovaMind": 1666666.6666666667
      }
    ],
    [
      29,
      {
        "OpenAI": 30000000.0,
        "Anthropic": 15000000.0,
        "Meta_AI": 1666666.6666666667,
        "DeepMind": 1666666.6666666667,
        "NovaMind": 1666666.6666666667
      }
    ]
  ],