{
  "n_rounds": 5,
  "final_scores": {
    "OpenAI": 0.5442225560205957,
    "Anthropic": 0.49547795443466847,
    "NovaMind": 0.4357330955557269,
    "DeepMind": 0.5743697492586628,
    "Meta_AI": 0.4418568825088584
  },
  "final_true_capabilities": {
    "OpenAI": 0.7502334250137548,
    "Anthropic": 0.7056812772654418,
    "NovaMind": 0.5778554501991526,
    "DeepMind": 0.7298688044860426,
    "Meta_AI": 0.6776887255844206
  },
  "final_believed_capabilities": {
    "OpenAI": 0.68,
    "Anthropic": 0.62,
    "NovaMind": 0.45,
    "DeepMind": 0.615,
    "Meta_AI": 0.58
  },
  "final_strategies": {
    "OpenAI": {
      "fundamental_research": 0.45,
      "training_optimization": 0.35,
      "evaluation_engineering": 0.1,
      "safety_alignment": 0.1
    },
    "Anthropic": {
      "fundamental_research": 0.45,
      "training_optimization": 0.2,
      "evaluation_engineering": 0.15,
      "safety_alignment": 0.2
    },
    "NovaMind": {
      "fundamental_research": 0.45,
      "training_optimization": 0.3,
      "evaluation_engineering": 0.15,
      "safety_alignment": 0.1
    },
    "DeepMind": {
      "fundamental_research": 0.5,
      "training_optimization": 0.16666666666666669,
      "evaluation_engineering": 0.08333333333333334,
      "safety_alignment": 0.25
    },
    "Meta_AI": {
      "fundamental_research": 0.45,
      "training_optimization": 0.3,
      "evaluation_engineering": 0.15,
      "safety_alignment": 0.1
    }
  },
  "leaderboard": [
    [
      "DeepMind",
      0.5743697492586628
    ],
    [
      "OpenAI",
      0.5442225560205957
    ],
    [
      "Anthropic",
      0.49547795443466847
    ],
    [
      "Meta_AI",
      0.4418568825088584
    ],
    [
      "NovaMind",
      0.4357330955557269
    ]
  ],
  "validity_correlation": 0.5824787595743665,
  "benchmark_params": {
    "validity": 0.7962823296477929,
    "exploitability": 0.30224133143973214,
    "noise": 0.1
  },
  "provider_summaries": {
    "OpenAI": {
      "initial_capability": 0.72,
      "final_capability": 0.7502334250137548,
      "capability_growth": 0.03023342501375481,
      "mean_score": 0.5523036936438509,
      "score_std": 0.033832291274863244,
      "mean_fundamental_research": 0.3044444444444444,
      "mean_training_optimization": 0.33777777777777773,
      "mean_evaluation_engineering": 0.20555555555555557,
      "mean_safety_alignment": 0.15222222222222223
    },
    "Anthropic": {
      "initial_capability": 0.68,
      "final_capability": 0.7056812772654418,
      "capability_growth": 0.025681277265441782,
      "mean_score": 0.5173814314101823,
      "score_std": 0.04959036883239085,
      "mean_fundamental_research": 0.41,
      "mean_training_optimization": 0.2,
      "mean_evaluation_engineering": 0.16,
      "mean_safety_alignment": 0.22999999999999998
    },
    "NovaMind": {
      "initial_capability": 0.55,
      "final_capability": 0.5778554501991526,
      "capability_growth": 0.027855450199152587,
      "mean_score": 0.4568874210715933,
      "score_std": 0.02331478915114129,
      "mean_fundamental_research": 0.31777777777777777,
      "mean_training_optimization": 0.2755555555555556,
      "mean_evaluation_engineering": 0.2033333333333333,
      "mean_safety_alignment": 0.2033333333333333
    },
    "DeepMind": {
      "initial_capability": 0.7,
      "final_capability": 0.7298688044860426,
      "capability_growth": 0.029868804486042677,
      "mean_score": 0.5594950696183417,
      "score_std": 0.05380248538546912,
      "mean_fundamental_research": 0.404,
      "mean_training_optimization": 0.23333333333333334,
      "mean_evaluation_engineering": 0.1906666666666667,
      "mean_safety_alignment": 0.172
    },
    "Meta_AI": {
      "initial_capability": 0.65,
      "final_capability": 0.6776887255844206,
      "capability_growth": 0.027688725584420593,
      "mean_score": 0.47631036923749426,
      "score_std": 0.04508291436483156,
      "mean_fundamental_research": 0.3331578947368421,
      "mean_training_optimization": 0.3542105263157894,
      "mean_evaluation_engineering": 0.17157894736842108,
      "mean_safety_alignment": 0.14105263157894737
    }
  },
  "consumer_summary": {
    "n_consumers": 12,
    "mean_satisfaction": 0.7083702105880697,
    "final_satisfaction": 0.7236706562469651,
    "total_subscription_switches": 0
  },
  "policymaker_summary": {
    "n_policymakers": 1,
    "total_interventions": 1,
    "intervention_types": [
      "investigation"
    ],
    "active_regulations": []
  },
  "funder_summary": {
    "n_funders": 2,
    "total_funding_deployed": 52500000.0,
    "final_funding_multipliers": {
      "DeepMind": 1.2001205545509344,
      "OpenAI": 1.2025316455696202,
      "Anthropic": 1.1977094635322483,
      "Meta_AI": 1.191078963230862,
      "NovaMind": 1.208559373116335
    },
    "funder_types": [
      "vc",
      "gov"
    ]
  }
}