{
  "name": "DeepMind",
  "current_round": 29,
  "published_scores": [
    [
      0,
      0.747996088885654
    ],
    [
      1,
      0.8831451985786103
    ],
    [
      2,
      0.9069894247811666
    ],
    [
      3,
      0.9168215791027601
    ],
    [
      4,
      0.9545539605124508
    ],
    [
      5,
      0.9545539605124508
    ],
    [
      6,
      0.9545539605124508
    ],
    [
      7,
      0.9545539605124508
    ],
    [
      8,
      0.8176558438344236
    ],
    [
      9,
      0.880738576188158
    ],
    [
      10,
      0.8931305703602708
    ],
    [
      11,
      0.8931305703602708
    ],
    [
      12,
      0.8931305703602708
    ],
    [
      13,
      0.9064875006820448
    ],
    [
      14,
      0.9064875006820448
    ],
    [
      15,
      0.8760808221711814
    ],
    [
      16,
      0.9212006807118224
    ],
    [
      17,
      0.9253667517030579
    ],
    [
      18,
      0.9337791258669176
    ],
    [
      19,
      0.9337791258669176
    ],
    [
      20,
      0.9337791258669176
    ],
    [
      21,
      0.9702491639870904
    ],
    [
      22,
      0.9776868729903178
    ],
    [
      23,
      0.9776868729903178
    ],
    [
      24,
      0.9776868729903178
    ],
    [
      25,
      0.9776868729903178
    ],
    [
      26,
      0.9776868729903178
    ],
    [
      27,
      0.9797278325327221
    ],
    [
      28,
      0.9797278325327221
    ],
    [
      29,
      0.9280741472099898
    ]
  ]
}