{
  "use_cases": [
    "general"
  ],
  "budget": 100.0,
  "current_subscription": "OpenAI",
  "believed_model_quality": {
    "OpenAI": 0.8451399802394002,
    "DeepMind": 0.625205255971128,
    "Meta_AI": 0.6401086426632653,
    "NovaMind": 0.49144025825814175,
    "Anthropic": 0.6379142465853254
  },
  "satisfaction_history": [
    [
      0,
      "OpenAI",
      0.72
    ],
    [
      1,
      "OpenAI",
      0.7253316014804493
    ],
    [
      2,
      "OpenAI",
      0.7321093207818203
    ],
    [
      3,
      "OpenAI",
      0.7402872547680278
    ],
    [
      4,
      "OpenAI",
      0.7484683740946309
    ],
    [
      5,
      "OpenAI",
      0.7568076911453713
    ],
    [
      6,
      "OpenAI",
      0.7646518170936467
    ],
    [
      7,
      "OpenAI",
      0.77493760389681
    ],
    [
      8,
      "OpenAI",
      0.7833864414648837
    ],
    [
      9,
      "OpenAI",
      0.7891539059672722
    ],
    [
      10,
      "OpenAI",
      0.7958814690591384
    ],
    [
      11,
      "OpenAI",
      0.8033073601714668
    ],
    [
      12,
      "OpenAI",
      0.8096129863580609
    ],
    [
      13,
      "OpenAI",
      0.8169385889636406
    ],
    [
      14,
      "OpenAI",
      0.8229285607472266
    ],
    [
      15,
      "OpenAI",
      0.8321544151153831
    ],
    [
      16,
      "OpenAI",
      0.8381983141008232
    ],
    [
      17,
      "OpenAI",
      0.8458211275139506
    ],
    [
      18,
      "OpenAI",
      0.8545259636036899
    ],
    [
      19,
      "OpenAI",
      0.8638048836628432
    ],
    [
      20,
      "OpenAI",
      0.8697222609327572
    ],
    [
      21,
      "OpenAI",
      0.8771490998334895
    ],
    [
      22,
      "OpenAI",
      0.883270950109923
    ],
    [
      23,
      "OpenAI",
      0.890766585402205
    ],
    [
      24,
      "OpenAI",
      0.896834006743518
    ],
    [
      25,
      "OpenAI",
      0.9048638196500068
    ],
    [
      26,
      "OpenAI",
      0.912878966953443
    ],
    [
      27,
      "OpenAI",
      0.9191110518648326
    ],
    [
      28,
      "OpenAI",
      0.9256051699246847
    ],
    [
      29,
      "OpenAI",
      0.9313868237706426
    ]
  ],
  "subscription_history": [
    [
      0,
      "OpenAI"
    ],
    [
      1,
      "OpenAI"
    ],
    [
      2,
      "OpenAI"
    ],
    [
      3,
      "OpenAI"
    ],
    [
      4,
      "OpenAI"
    ],
    [
      5,
      "OpenAI"
    ],
    [
      6,
      "OpenAI"
    ],
    [
      7,
      "OpenAI"
    ],
    [
      8,
      "OpenAI"
    ],
    [
      9,
      "OpenAI"
    ],
    [
      10,
      "OpenAI"
    ],
    [
      11,
      "OpenAI"
    ],
    [
      12,
      "OpenAI"
    ],
    [
      13,
      "OpenAI"
    ],
    [
      14,
      "OpenAI"
    ],
    [
      15,
      "OpenAI"
    ],
    [
      16,
      "OpenAI"
    ],
    [
      17,
      "OpenAI"
    ],
    [
      18,
      "OpenAI"
    ],
    [
      19,
      "OpenAI"
    ],
    [
      20,
      "OpenAI"
    ],
    [
      21,
      "OpenAI"
    ],
    [
      22,
      "OpenAI"
    ],
    [
      23,
      "OpenAI"
    ],
    [
      24,
      "OpenAI"
    ],
    [
      25,
      "OpenAI"
    ],
    [
      26,
      "OpenAI"
    ],
    [
      27,
      "OpenAI"
    ],
    [
      28,
      "OpenAI"
    ],
    [
      29,
      "OpenAI"
    ]
  ],
  "switching_cost": 0.14487354921940213,
  "leaderboard_trust": 0.4410694688212021,
  "rounds_with_provider": 30
}