{
  "name": "Meta_AI",
  "current_round": 29,
  "published_scores": [
    [
      0,
      0.6781146875909649
    ],
    [
      1,
      0.6845612196343394
    ],
    [
      2,
      0.7635064600646089
    ],
    [
      3,
      0.7926938090350271
    ],
    [
      4,
      0.7926938090350271
    ],
    [
      5,
      0.7926938090350271
    ],
    [
      6,
      0.7926938090350271
    ],
    [
      7,
      0.7494846509984497
    ],
    [
      8,
      0.813239772160649
    ],
    [
      9,
      0.8597061154611374
    ],
    [
      10,
      0.8953171365495238
    ],
    [
      11,
      0.8953171365495238
    ],
    [
      12,
      0.9289488939640226
    ],
    [
      13,
      0.8168750693911617
    ],
    [
      14,
      0.8801833914365461
    ],
    [
      15,
      0.8801833914365461
    ],
    [
      16,
      0.8801833914365461
    ],
    [
      17,
      0.8801833914365461
    ],
    [
      18,
      0.9231694252954488
    ],
    [
      19,
      0.9057027128024584
    ],
    [
      20,
      0.9057027128024584
    ],
    [
      21,
      0.9337907283487293
    ],
    [
      22,
      0.9384251041088183
    ],
    [
      23,
      0.9384251041088183
    ],
    [
      24,
      0.9384251041088183
    ],
    [
      25,
      0.9454559178928964
    ],
    [
      26,
      0.9649237274450166
    ],
    [
      27,
      0.9649237274450166
    ],
    [
      28,
      0.9649237274450166
    ],
    [
      29,
      0.9649237274450166
    ]
  ]
}