{
  "name": "NovaMind",
  "current_round": 29,
  "published_scores": [
    [
      0,
      0.6389488774773513
    ],
    [
      1,
      0.6891589558147937
    ],
    [
      2,
      0.8043903408639934
    ],
    [
      3,
      0.8043903408639934
    ],
    [
      4,
      0.8043903408639934
    ],
    [
      5,
      0.8043903408639934
    ],
    [
      6,
      0.8043903408639934
    ],
    [
      7,
      0.7332796960810857
    ],
    [
      8,
      0.7332796960810857
    ],
    [
      9,
      0.7332796960810857
    ],
    [
      10,
      0.7507289146203516
    ],
    [
      11,
      0.8151747524445789
    ],
    [
      12,
      0.8151747524445789
    ],
    [
      13,
      0.7766910918713156
    ],
    [
      14,
      0.7766910918713156
    ],
    [
      15,
      0.8152019249249864
    ],
    [
      16,
      0.8305060346970693
    ],
    [
      17,
      0.8328335640135327
    ],
    [
      18,
      0.8328335640135327
    ],
    [
      19,
      0.8010563429740852
    ],
    [
      20,
      0.8377467716066982
    ],
    [
      21,
      0.84385056148117
    ],
    [
      22,
      0.8511151716393495
    ],
    [
      23,
      0.8520887761592542
    ],
    [
      24,
      0.8711195768682235
    ],
    [
      25,
      0.8593676259022054
    ],
    [
      26,
      0.8593676259022054
    ],
    [
      27,
      0.8642623307390329
    ],
    [
      28,
      0.879900925979349
    ],
    [
      29,
      0.899447972606823
    ]
  ]
}