{
  "name": "NovaMind",
  "strategy_profile": "Well-funded AI startup trying to compete with established players. Resource-constrained but nimble and innovative. Needs strong benchmark results to attract customers and next funding round. Focused on efficiency and finding competitive niches.",
  "innate_traits": "scrappy, efficient, opportunistic, funding-conscious, innovative",
  "true_capability": 0.6815863022423296,
  "last_score": 0.899447972606823,
  "current_round": 29,
  "believed_own_capability": 0.8747084589777039,
  "believed_benchmark_exploitability": 0.5,
  "capability_belief_confidence": 0.5,
  "believed_competitor_capabilities": {
    "OpenAI": 0.9936657269175792,
    "Anthropic": 0.9581255783272141,
    "DeepMind": 1.0,
    "Meta_AI": 0.9571350229136325
  },
  "fundamental_research": 0.21113202500857928,
  "training_optimization": 0.25,
  "evaluation_engineering": 0.33886797499142074,
  "safety_alignment": 0.2,
  "effort_budget": 1.0,
  "past_scores": [
    [
      0,
      0.6389488774773513
    ],
    [
      1,
      0.6891589558147937
    ],
    [
      2,
      0.8043903408639934
    ],
    [
      3,
      0.8043903408639934
    ],
    [
      4,
      0.8043903408639934
    ],
    [
      5,
      0.8043903408639934
    ],
    [
      6,
      0.8043903408639934
    ],
    [
      7,
      0.7332796960810857
    ],
    [
      8,
      0.7332796960810857
    ],
    [
      9,
      0.7332796960810857
    ],
    [
      10,
      0.7507289146203516
    ],
    [
      11,
      0.8151747524445789
    ],
    [
      12,
      0.8151747524445789
    ],
    [
      13,
      0.7766910918713156
    ],
    [
      14,
      0.7766910918713156
    ],
    [
      15,
      0.8152019249249864
    ],
    [
      16,
      0.8305060346970693
    ],
    [
      17,
      0.8328335640135327
    ],
    [
      18,
      0.8328335640135327
    ],
    [
      19,
      0.8010563429740852
    ],
    [
      20,
      0.8377467716066982
    ],
    [
      21,
      0.84385056148117
    ],
    [
      22,
      0.8511151716393495
    ],
    [
      23,
      0.8520887761592542
    ],
    [
      24,
      0.8711195768682235
    ],
    [
      25,
      0.8593676259022054
    ],
    [
      26,
      0.8593676259022054
    ],
    [
      27,
      0.8642623307390329
    ],
    [
      28,
      0.879900925979349
    ],
    [
      29,
      0.899447972606823
    ]
  ],
  "past_strategies": [
    {
      "round": 0,
      "fundamental_research": 0.18249965287158842,
      "training_optimization": 0.25,
      "evaluation_engineering": 0.36750034712841156,
      "safety_alignment": 0.2
    },
    {
      "round": 1,
      "fundamental_research": 0.19015487254223656,
      "training_optimization": 0.25,
      "evaluation_engineering": 0.3598451274577634,
      "safety_alignment": 0.2
    },
    {
      "round": 2,
      "fundamental_research": 0.1993869235123923,
      "training_optimization": 0.25,
      "evaluation_engineering": 0.3506130764876077,
      "safety_alignment": 0.2
    },
    {
      "round": 3,
      "fundamental_research": 0.1953559601274939,
      "training_optimization": 0.25,
      "evaluation_engineering": 0.3546440398725061,
      "safety_alignment": 0.2
    },
    {
      "round": 4,
      "fundamental_research": 0.19104796615772218,
      "training_optimization": 0.25,
      "evaluation_engineering": 0.3589520338422778,
      "safety_alignment": 0.2
    },
    {
      "round": 5,
      "fundamental_research": 0.1936704323153836,
      "training_optimization": 0.25,
      "evaluation_engineering": 0.3563295676846164,
      "safety_alignment": 0.2
    },
    {
      "round": 6,
      "fundamental_research": 0.1942697090196506,
      "training_optimization": 0.25,
      "evaluation_engineering": 0.3557302909803494,
      "safety_alignment": 0.2
    },
    {
      "round": 7,
      "fundamental_research": 0.20307662245517574,
      "training_optimization": 0.25,
      "evaluation_engineering": 0.3469233775448242,
      "safety_alignment": 0.2
    },
    {
      "round": 8,
      "fundamental_research": 0.20904773561415504,
      "training_optimization": 0.25,
      "evaluation_engineering": 0.3409522643858449,
      "safety_alignment": 0.2
    },
    {
      "round": 9,
      "fundamental_research": 0.214139708220004,
      "training_optimization": 0.25,
      "evaluation_engineering": 0.335860291779996,
      "safety_alignment": 0.2
    },
    {
      "round": 10,
      "fundamental_research": 0.2106334033678208,
      "training_optimization": 0.25,
      "evaluation_engineering": 0.33936659663217916,
      "safety_alignment": 0.2
    },
    {
      "round": 11,
      "fundamental_research": 0.21011038656490755,
      "training_optimization": 0.25,
      "evaluation_engineering": 0.33988961343509244,
      "safety_alignment": 0.2
    },
    {
      "round": 12,
      "fundamental_research": 0.20631296584726327,
      "training_optimization": 0.25,
      "evaluation_engineering": 0.3436870341527367,
      "safety_alignment": 0.2
    },
    {
      "round": 13,
      "fundamental_research": 0.19660724800133933,
      "training_optimization": 0.25,
      "evaluation_engineering": 0.35339275199866066,
      "safety_alignment": 0.2
    },
    {
      "round": 14,
      "fundamental_research": 0.1946949273523122,
      "training_optimization": 0.25,
      "evaluation_engineering": 0.3553050726476878,
      "safety_alignment": 0.2
    },
    {
      "round": 15,
      "fundamental_research": 0.19431054508124213,
      "training_optimization": 0.25,
      "evaluation_engineering": 0.35568945491875786,
      "safety_alignment": 0.2
    },
    {
      "round": 16,
      "fundamental_research": 0.19583362999868398,
      "training_optimization": 0.25,
      "evaluation_engineering": 0.354166370001316,
      "safety_alignment": 0.2
    },
    {
      "round": 17,
      "fundamental_research": 0.1965663705837448,
      "training_optimization": 0.25,
      "evaluation_engineering": 0.3534336294162552,
      "safety_alignment": 0.2
    },
    {
      "round": 18,
      "fundamental_research": 0.19850162113220243,
      "training_optimization": 0.25,
      "evaluation_engineering": 0.35149837886779756,
      "safety_alignment": 0.2
    },
    {
      "round": 19,
      "fundamental_research": 0.19673241857747165,
      "training_optimization": 0.25,
      "evaluation_engineering": 0.35326758142252834,
      "safety_alignment": 0.2
    },
    {
      "round": 20,
      "fundamental_research": 0.19871693695256493,
      "training_optimization": 0.25,
      "evaluation_engineering": 0.35128306304743506,
      "safety_alignment": 0.2
    },
    {
      "round": 21,
      "fundamental_research": 0.20057626249030247,
      "training_optimization": 0.25,
      "evaluation_engineering": 0.3494237375096975,
      "safety_alignment": 0.2
    },
    {
      "round": 22,
      "fundamental_research": 0.20271635491252551,
      "training_optimization": 0.25,
      "evaluation_engineering": 0.34728364508747445,
      "safety_alignment": 0.2
    },
    {
      "round": 23,
      "fundamental_research": 0.2043020440148731,
      "training_optimization": 0.25,
      "evaluation_engineering": 0.34569795598512687,
      "safety_alignment": 0.2
    },
    {
      "round": 24,
      "fundamental_research": 0.2071247984503236,
      "training_optimization": 0.25,
      "evaluation_engineering": 0.3428752015496764,
      "safety_alignment": 0.2
    },
    {
      "round": 25,
      "fundamental_research": 0.21045721126141184,
      "training_optimization": 0.25,
      "evaluation_engineering": 0.3395427887385882,
      "safety_alignment": 0.2
    },
    {
      "round": 26,
      "fundamental_research": 0.21094163119686293,
      "training_optimization": 0.25,
      "evaluation_engineering": 0.33905836880313706,
      "safety_alignment": 0.2
    },
    {
      "round": 27,
      "fundamental_research": 0.21167374153887503,
      "training_optimization": 0.25,