{
  "name": "DeepMind",
  "current_round": 29,
  "published_scores": [
    [
      0,
      0.6779960888856542
    ],
    [
      1,
      0.7846826637025837
    ],
    [
      2,
      0.7868397727594434
    ],
    [
      3,
      0.7919156583063983
    ],
    [
      4,
      0.8391561469904045
    ],
    [
      5,
      0.8391561469904045
    ],
    [
      6,
      0.8391561469904045
    ],
    [
      7,
      0.7860595420038038
    ],
    [
      8,
      0.7945145553964432
    ],
    [
      9,
      0.7945145553964432
    ],
    [
      10,
      0.7945145553964432
    ],
    [
      11,
      0.8262101115973935
    ],
    [
      12,
      0.8262101115973935
    ],
    [
      13,
      0.7815101455580603
    ],
    [
      14,
      0.8155170485223485
    ],
    [
      15,
      0.8400486065395372
    ],
    [
      16,
      0.9297726835686135
    ],
    [
      17,
      0.9297726835686135
    ],
    [
      18,
      0.9297726835686135
    ],
    [
      19,
      0.8263951031631516
    ],
    [
      20,
      0.9173965715289366
    ],
    [
      21,
      0.9414047432312889
    ],
    [
      22,
      0.9594791432396985
    ],
    [
      23,
      0.974354178825332
    ],
    [
      24,
      0.974354178825332
    ],
    [
      25,
      0.9562056194003643
    ],
    [
      26,
      0.9814220042417496
    ],
    [
      27,
      0.9987619387861676
    ],
    [
      28,
      1.0
    ],
    [
      29,
      1.0
    ]
  ]
}