{
  "funder_type": "vc",
  "mission_statement": "Maximize returns by backing AI market leaders",
  "total_capital": 1000000.0,
  "deployed_capital": 1000000.0,
  "believed_provider_quality": {
    "DeepMind": 0.9034582910880622,
    "OpenAI": 0.7219346114578841,
    "NovaMind": 0.6191121439749304,
    "Anthropic": 0.7386109879608753,
    "Meta_AI": 0.705146471343643
  },
  "believed_provider_gaming": {
    "DeepMind": 0.0,
    "OpenAI": 0.3,
    "NovaMind": 0.3,
    "Anthropic": 0.3,
    "Meta_AI": 0.3
  },
  "active_funding": {
    "DeepMind": 200000.0,
    "Meta_AI": 200000.0,
    "Anthropic": 200000.0,
    "OpenAI": 200000.0,
    "NovaMind": 200000.0
  },
  "funding_history": [
    [
      0,
      {
        "DeepMind": 200000.0,
        "OpenAI": 200000.0,
        "NovaMind": 200000.0,
        "Anthropic": 200000.0,
        "Meta_AI": 200000.0
      }
    ],
    [
      1,
      {
        "DeepMind": 200000.0,
        "Anthropic": 200000.0,
        "OpenAI": 200000.0,
        "Meta_AI": 200000.0,
        "NovaMind": 200000.0
      }
    ],
    [
      2,
      {
        "DeepMind": 200000.0,
        "OpenAI": 200000.0,
        "Anthropic": 200000.0,
        "Meta_AI": 200000.0,
        "NovaMind": 200000.0
      }
    ],
    [
      3,
      {
        "DeepMind": 200000.0,
        "Anthropic": 200000.0,
        "Meta_AI": 200000.0,
        "OpenAI": 200000.0,
        "NovaMind": 200000.0
      }
    ],
    [
      4,
      {
        "NovaMind": 200000.0,
        "DeepMind": 200000.0,
        "OpenAI": 200000.0,
        "Anthropic": 200000.0,
        "Meta_AI": 200000.0
      }
    ],
    [
      5,
      {
        "DeepMind": 200000.0,
        "Anthropic": 200000.0,
        "Meta_AI": 200000.0,
        "OpenAI": 200000.0,
        "NovaMind": 200000.0
      }
    ],
    [
      6,
      {
        "OpenAI": 200000.0,
        "Meta_AI": 200000.0,
        "Anthropic": 200000.0,
        "DeepMind": 200000.0,
        "NovaMind": 200000.0
      }
    ],
    [
      7,
      {
        "OpenAI": 200000.0,
        "Meta_AI": 200000.0,
        "Anthropic": 200000.0,
        "DeepMind": 200000.0,
        "NovaMind": 200000.0
      }
    ],
    [
      8,
      {
        "OpenAI": 200000.0,
        "Anthropic": 200000.0,
        "DeepMind": 200000.0,
        "Meta_AI": 200000.0,
        "NovaMind": 200000.0
      }
    ],
    [
      9,
      {
        "DeepMind": 200000.0,
        "Anthropic": 200000.0,
        "OpenAI": 200000.0,
        "Meta_AI": 200000.0,
        "NovaMind": 200000.0
      }
    ],
    [
      10,
      {
        "Anthropic": 200000.0,
        "OpenAI": 200000.0,
        "DeepMind": 200000.0,
        "Meta_AI": 200000.0,
        "NovaMind": 200000.0
      }
    ],
    [
      11,
      {
        "Meta_AI": 200000.0,
        "NovaMind": 200000.0,
        "Anthropic": 200000.0,
        "OpenAI": 200000.0,
        "DeepMind": 200000.0
      }
    ],
    [
      12,
      {
        "DeepMind": 200000.0,
        "Meta_AI": 200000.0,
        "Anthropic": 200000.0,
        "NovaMind": 200000.0,
        "OpenAI": 200000.0
      }
    ],
    [
      13,
      {
        "OpenAI": 200000.0,
        "DeepMind": 200000.0,
        "Anthropic": 200000.0,
        "Meta_AI": 200000.0,
        "NovaMind": 200000.0
      }
    ],
    [
      14,
      {
        "DeepMind": 200000.0,
        "Meta_AI": 200000.0,
        "OpenAI": 200000.0,
        "Anthropic": 200000.0,
        "NovaMind": 200000.0
      }
    ],
    [
      15,
      {
        "OpenAI": 200000.0,
        "DeepMind": 200000.0,
        "Meta_AI": 200000.0,
        "Anthropic": 200000.0,
        "NovaMind": 200000.0
      }
    ],
    [
      16,
      {
        "OpenAI": 200000.0,
        "DeepMind": 200000.0,
        "Anthropic": 200000.0,
        "NovaMind": 200000.0,
        "Meta_AI": 200000.0
      }
    ],
    [
      17,
      {
        "DeepMind": 200000.0,
        "OpenAI": 200000.0,
        "Meta_AI": 200000.0,
        "Anthropic": 200000.0,
        "NovaMind": 200000.0
      }
    ],
    [
      18,
      {
        "OpenAI": 200000.0,
        "DeepMind": 200000.0,
        "Anthropic": 200000.0,
        "NovaMind": 200000.0,
        "Meta_AI": 200000.0
      }
    ],
    [
      19,
      {
        "DeepMind": 200000.0,
        "OpenAI": 200000.0,
        "Meta_AI": 200000.0,
        "Anthropic": 200000.0,
        "NovaMind": 200000.0
      }
    ],
    [
      20,
      {
        "Anthropic": 200000.0,
        "DeepMind": 200000.0,
        "OpenAI": 200000.0,
        "Meta_AI": 200000.0,
        "NovaMind": 200000.0
      }
    ],
    [
      21,
      {
        "DeepMind": 200000.0,
        "OpenAI": 200000.0,
        "Anthropic": 200000.0,
        "NovaMind": 200000.0,
        "Meta_AI": 200000.0
      }
    ],
    [
      22,
      {
        "OpenAI": 200000.0,
        "Anthropic": 200000.0,
        "Meta_AI": 200000.0,
        "DeepMind": 200000.0,
        "NovaMind": 200000.0
      }
    ],
    [
      23,
      {
        "DeepMind": 200000.0,
        "Anthropic": 200000.0,
        "OpenAI": 200000.0,
        "Meta_AI": 200000.0,
        "NovaMind": 200000.0
      }
    ],
    [
      24,
      {
        "DeepMind": 200000.0,
        "Meta_AI": 200000.0,
        "Anthropic": 200000.0,
        "OpenAI": 200000.0,
        "NovaMind": 200000.0
      }
    ]
  ],
  "roi_history": [
    [
      1,
      0.09954958305415737
    ],
    [
      2,
      0.10718172817029134
    ],
    [
      3,
      0.10866245908600695
    ],
    [
      4,
      0.11128823963615446
    ],
    [
      5,
      0.1150901808722006
    ],
    [
      6,
      0.11872556759250734
    ],
    [
      7,
      0.1207066940642753
    ],
    [
      8,
      0.12289110388763565
    ],
    [
      9,
      0.12616835889017747
    ],
    [
      10,
      0.1256233177692975
    ],
    [
      11,
      0.12835333930994902
    ],
    [
      12,
      0.12846215126086602
    ],
    [
      13,
      0.1309868382012846
    ],
    [
      14,
      0.12870242352508363
    ],
    [
      15,
      0.13175908255676388
    ],
    [
      16,
      0.13169553982098012
    ],
    [
      17,
      0.13518519414067853
    ],
    [
      18,
      0.13547242295091416
    ],
    [
      19,
      0.1326961976207531
    ],
    [
      20,
      0.13676262291526553
    ],
    [
      21,
      0.13692541426213342
    ],
    [
      22,
      0.1403216783613153
    ],
    [
      23,
      0.14375782100228504
    ],
    [
      24,
      0.14753050023301578
    ]
  ],
  "recent_insights": []
}