{
  "name": "Anthropic",
  "current_round": 29,
  "published_scores": [
    [
      0,
      0.8766858203379105
    ],
    [
      1,
      0.8917523517075812
    ],
    [
      2,
      0.8917523517075812
    ],
    [
      3,
      0.8977811931169145
    ],
    [
      4,
      0.8977811931169145
    ],
    [
      5,
      0.9237495701894669
    ],
    [
      6,
      0.9242687574588095
    ],
    [
      7,
      0.9242687574588095
    ],
    [
      8,
      0.9366963029589195
    ],
    [
      9,
      0.9366963029589195
    ],
    [
      10,
      0.9621343787294048
    ],
    [
      11,
      0.9837090463760632
    ],
    [
      12,
      0.9837090463760632
    ],
    [
      13,
      0.9855274328385337
    ],
    [
      14,
      0.9855274328385337
    ],
    [
      15,
      0.9289672017706553
    ],
    [
      16,
      0.9386155798782995
    ],
    [
      17,
      1.0
    ],
    [
      18,
      1.0
    ],
    [
      19,
      1.0
    ],
    [
      20,
      1.0
    ],
    [
      21,
      1.0
    ],
    [
      22,
      0.9692474574092309
    ],
    [
      23,
      0.9796702041717047
    ],
    [
      24,
      0.9796702041717047
    ],
    [
      25,
      1.0
    ],
    [
      26,
      1.0
    ],
    [
      27,
      1.0
    ],
    [
      28,
      1.0
    ],
    [
      29,
      0.9927923606229815
    ]
  ]
}