{
  "name": "Anthropic",
  "strategy_profile": "Safety-focused AI lab prioritizing responsible development and alignment research. Believes in Constitutional AI and careful capability advancement. Willing to sacrifice short-term benchmark performance for long-term safety. Research-driven culture with academic rigor.",
  "innate_traits": "safety-conscious, research-driven, cautious, long-term focused, principled",
  "true_capability": 0.8943798707492033,
  "last_score": 0.9927923606229815,
  "current_round": 29,
  "believed_own_capability": 0.9948801302738499,
  "believed_benchmark_exploitability": 0.3,
  "capability_belief_confidence": 0.5,
  "believed_competitor_capabilities": {
    "OpenAI": 0.9952288234847936,
    "NovaMind": 0.9202085509970463,
    "DeepMind": 0.9633937692176456,
    "Meta_AI": 0.9676502949944643
  },
  "fundamental_research": 0.30026605906001164,
  "training_optimization": 0.25,
  "evaluation_engineering": 0.19973394093998836,
  "safety_alignment": 0.25,
  "effort_budget": 1.0,
  "past_scores": [
    [
      0,
      0.8766858203379105
    ],
    [
      1,
      0.8917523517075812
    ],
    [
      2,
      0.8917523517075812
    ],
    [
      3,
      0.8977811931169145
    ],
    [
      4,
      0.8977811931169145
    ],
    [
      5,
      0.9237495701894669
    ],
    [
      6,
      0.9242687574588095
    ],
    [
      7,
      0.9242687574588095
    ],
    [
      8,
      0.9366963029589195
    ],
    [
      9,
      0.9366963029589195
    ],
    [
      10,
      0.9621343787294048
    ],
    [
      11,
      0.9837090463760632
    ],
    [
      12,
      0.9837090463760632
    ],
    [
      13,
      0.9855274328385337
    ],
    [
      14,
      0.9855274328385337
    ],
    [
      15,
      0.9289672017706553
    ],
    [
      16,
      0.9386155798782995
    ],
    [
      17,
      1.0
    ],
    [
      18,
      1.0
    ],
    [
      19,
      1.0
    ],
    [
      20,
      1.0
    ],
    [
      21,
      1.0
    ],
    [
      22,
      0.9692474574092309
    ],
    [
      23,
      0.9796702041717047
    ],
    [
      24,
      0.9796702041717047
    ],
    [
      25,
      1.0
    ],
    [
      26,
      1.0
    ],
    [
      27,
      1.0
    ],
    [
      28,
      1.0
    ],
    [
      29,
      0.9927923606229815
    ]
  ],
  "past_strategies": [
    {
      "round": 0,
      "fundamental_research": 0.2831164400676321,
      "training_optimization": 0.25,
      "evaluation_engineering": 0.2168835599323679,
      "safety_alignment": 0.25
    },
    {
      "round": 1,
      "fundamental_research": 0.2841704903562738,
      "training_optimization": 0.25,
      "evaluation_engineering": 0.21582950964372621,
      "safety_alignment": 0.25
    },
    {
      "round": 2,
      "fundamental_research": 0.2822740001435776,
      "training_optimization": 0.25,
      "evaluation_engineering": 0.21772599985642238,
      "safety_alignment": 0.25
    },
    {
      "round": 3,
      "fundamental_research": 0.2727752467397918,
      "training_optimization": 0.25,
      "evaluation_engineering": 0.2272247532602082,
      "safety_alignment": 0.25
    },
    {
      "round": 4,
      "fundamental_research": 0.26687816094661165,
      "training_optimization": 0.25,
      "evaluation_engineering": 0.23312183905338835,
      "safety_alignment": 0.25
    },
    {
      "round": 5,
      "fundamental_research": 0.2695766949667206,
      "training_optimization": 0.25,
      "evaluation_engineering": 0.2304233050332794,
      "safety_alignment": 0.25
    },
    {
      "round": 6,
      "fundamental_research": 0.27041470096810266,
      "training_optimization": 0.25,
      "evaluation_engineering": 0.22958529903189734,
      "safety_alignment": 0.25
    },
    {
      "round": 7,
      "fundamental_research": 0.27356259272525196,
      "training_optimization": 0.25,
      "evaluation_engineering": 0.2264374072747481,
      "safety_alignment": 0.25
    },
    {
      "round": 8,
      "fundamental_research": 0.29188761890889925,
      "training_optimization": 0.25,
      "evaluation_engineering": 0.20811238109110075,
      "safety_alignment": 0.25
    },
    {
      "round": 9,
      "fundamental_research": 0.3001904342493173,
      "training_optimization": 0.25,
      "evaluation_engineering": 0.1998095657506827,
      "safety_alignment": 0.25
    },
    {
      "round": 10,
      "fundamental_research": 0.31008505571082595,
      "training_optimization": 0.25,
      "evaluation_engineering": 0.18991494428917405,
      "safety_alignment": 0.25
    },
    {
      "round": 11,
      "fundamental_research": 0.30574321186732073,
      "training_optimization": 0.25,
      "evaluation_engineering": 0.19425678813267927,
      "safety_alignment": 0.25
    },
    {
      "round": 12,
      "fundamental_research": 0.30902184806887456,
      "training_optimization": 0.25000000000000006,
      "evaluation_engineering": 0.19097815193112547,
      "safety_alignment": 0.25000000000000006
    },
    {
      "round": 13,
      "fundamental_research": 0.3098009938837053,
      "training_optimization": 0.25,
      "evaluation_engineering": 0.1901990061162947,
      "safety_alignment": 0.25
    },
    {
      "round": 14,
      "fundamental_research": 0.3062901326076404,
      "training_optimization": 0.25,
      "evaluation_engineering": 0.19370986739235957,
      "safety_alignment": 0.25
    },
    {
      "round": 15,
      "fundamental_research": 0.2968068169331787,
      "training_optimization": 0.25,
      "evaluation_engineering": 0.20319318306682133,
      "safety_alignment": 0.25
    },
    {
      "round": 16,
      "fundamental_research": 0.28948653295391774,
      "training_optimization": 0.25,
      "evaluation_engineering": 0.21051346704608226,
      "safety_alignment": 0.25
    },
    {
      "round": 17,
      "fundamental_research": 0.29550572834048694,
      "training_optimization": 0.25,
      "evaluation_engineering": 0.20449427165951312,
      "safety_alignment": 0.25
    },
    {
      "round": 18,
      "fundamental_research": 0.29846565967925964,
      "training_optimization": 0.25,
      "evaluation_engineering": 0.2015343403207404,
      "safety_alignment": 0.25
    },
    {
      "round": 19,
      "fundamental_research": 0.3005376116164005,
      "training_optimization": 0.25,
      "evaluation_engineering": 0.19946238838359948,
      "safety_alignment": 0.25
    },
    {
      "round": 20,
      "fundamental_research": 0.3019879779723992,
      "training_optimization": 0.25000000000000006,
      "evaluation_engineering": 0.19801202202760085,
      "safety_alignment": 0.25000000000000006
    },
    {
      "round": 21,
      "fundamental_research": 0.3022686969241776,
      "training_optimization": 0.25,
      "evaluation_engineering": 0.19773130307582237,
      "safety_alignment": 0.25
    },
    {
      "round": 22,
      "fundamental_research": 0.29982517855219976,
      "training_optimization": 0.25,
      "evaluation_engineering": 0.20017482144780024,
      "safety_alignment": 0.25
    },
    {
      "round": 23,
      "fundamental_research": 0.2989368221844635,
      "training_optimization": 0.25,
      "evaluation_engineering": 0.2010631778155365,
      "safety_alignment": 0.25
    },
    {
      "round": 24,
      "fundamental_research": 0.29819903201107373,
      "training_optimization": 0.25,
      "evaluation_engineering": 0.20180096798892627,
      "safety_alignment": 0.25
    },
    {
      "round": 25,
      "fundamental_research": 0.29913457917554936,
      "training_optimization": 0.25,
      "evaluation_engineering": 0.20086542082445064,
      "safety_alignment": 0.25
    },
    {
      "round": 26,
      "fundamental_research": 0.2995949992878907,
      "training_optimization": 0.25,
      "evaluation_engineering": 0.20040500071210932,
      "safety_alignment": 0.25
    },
    {
      "round": 27,
      "fundamental_research": 0.29972283046373827,