{
  "funder_type": "gov",
  "mission_statement": "Ensure safe and responsible AI development",
  "total_capital": 100000000.0,
  "deployed_capital": 10000000.0,
  "believed_provider_quality": {
    "Anthropic": 0.943061262912217,
    "OpenAI": 0.9779473214304752,
    "Meta_AI": 0.9403273577450759,
    "DeepMind": 0.9580113264739973,
    "NovaMind": 0.8476776538624098
  },
  "believed_provider_gaming": {
    "Anthropic": 0.028039825653113887,
    "OpenAI": 0.15475802464793134,
    "Meta_AI": 0.060224436600498685,
    "DeepMind": 0.18249836892919932,
    "NovaMind": 0.06062319342521638
  },
  "active_funding": {
    "OpenAI": 2000000.0,
    "DeepMind": 2000000.0,
    "Meta_AI": 2000000.0,
    "Anthropic": 2000000.0,
    "NovaMind": 2000000.0
  },
  "funding_history": [
    [
      0,
      {}
    ],
    [
      1,
      {}
    ],
    [
      2,
      {
        "OpenAI": 2000000.0,
        "DeepMind": 2000000.0,
        "Anthropic": 2000000.0,
        "Meta_AI": 2000000.0,
        "NovaMind": 2000000.0
      }
    ],
    [
      3,
      {
        "OpenAI": 2000000.0,
        "DeepMind": 2000000.0,
        "Anthropic": 2000000.0,
        "Meta_AI": 2000000.0,
        "NovaMind": 2000000.0
      }
    ],
    [
      4,
      {
        "OpenAI": 2000000.0,
        "DeepMind": 2000000.0,
        "Anthropic": 2000000.0,
        "Meta_AI": 2000000.0,
        "NovaMind": 2000000.0
      }
    ],
    [
      5,
      {
        "OpenAI": 2000000.0,
        "DeepMind": 2000000.0,
        "Anthropic": 2000000.0,
        "Meta_AI": 2000000.0,
        "NovaMind": 2000000.0
      }
    ],
    [
      6,
      {
        "OpenAI": 2000000.0,
        "DeepMind": 2000000.0,
        "Anthropic": 2000000.0,
        "Meta_AI": 2000000.0,
        "NovaMind": 2000000.0
      }
    ],
    [
      7,
      {
        "OpenAI": 2000000.0,
        "DeepMind": 2000000.0,
        "Anthropic": 2000000.0,
        "Meta_AI": 2000000.0,
        "NovaMind": 2000000.0
      }
    ],
    [
      8,
      {
        "OpenAI": 2000000.0,
        "DeepMind": 2000000.0,
        "Anthropic": 2000000.0,
        "Meta_AI": 2000000.0,
        "NovaMind": 2000000.0
      }
    ],
    [
      9,
      {
        "OpenAI": 2000000.0,
        "DeepMind": 2000000.0,
        "Anthropic": 2000000.0,
        "Meta_AI": 2000000.0,
        "NovaMind": 2000000.0
      }
    ],
    [
      10,
      {
        "OpenAI": 4000000.0,
        "DeepMind": 3200000.0,
        "Meta_AI": 2800000.0000000005
      }
    ],
    [
      11,
      {
        "OpenAI": 4000000.0,
        "DeepMind": 3200000.0,
        "Meta_AI": 2800000.0000000005
      }
    ],
    [
      12,
      {
        "OpenAI": 4000000.0,
        "DeepMind": 3200000.0,
        "Meta_AI": 2800000.0000000005
      }
    ],
    [
      13,
      {
        "OpenAI": 4000000.0,
        "DeepMind": 3200000.0,
        "Meta_AI": 2800000.0000000005
      }
    ],
    [
      14,
      {
        "OpenAI": 2000000.0,
        "Meta_AI": 2000000.0,
        "Anthropic": 2000000.0,
        "DeepMind": 2000000.0,
        "NovaMind": 2000000.0
      }
    ],
    [
      15,
      {
        "OpenAI": 2000000.0,
        "Meta_AI": 2000000.0,
        "Anthropic": 2000000.0,
        "DeepMind": 2000000.0,
        "NovaMind": 2000000.0
      }
    ],
    [
      16,
      {
        "OpenAI": 2000000.0,
        "Meta_AI": 2000000.0,
        "Anthropic": 2000000.0,
        "DeepMind": 2000000.0,
        "NovaMind": 2000000.0
      }
    ],
    [
      17,
      {
        "OpenAI": 2000000.0,
        "Meta_AI": 2000000.0,
        "Anthropic": 2000000.0,
        "DeepMind": 2000000.0,
        "NovaMind": 2000000.0
      }
    ],
    [
      18,
      {
        "OpenAI": 2000000.0,
        "DeepMind": 2000000.0,
        "Meta_AI": 2000000.0,
        "Anthropic": 2000000.0,
        "NovaMind": 2000000.0
      }
    ],
    [
      19,
      {
        "OpenAI": 2000000.0,
        "DeepMind": 2000000.0,
        "Meta_AI": 2000000.0,
        "Anthropic": 2000000.0,
        "NovaMind": 2000000.0
      }
    ],
    [
      20,
      {
        "OpenAI": 2000000.0,
        "DeepMind": 2000000.0,
        "Meta_AI": 2000000.0,
        "Anthropic": 2000000.0,
        "NovaMind": 2000000.0
      }
    ],
    [
      21,
      {
        "OpenAI": 2000000.0,
        "DeepMind": 2000000.0,
        "Meta_AI": 2000000.0,
        "Anthropic": 2000000.0,
        "NovaMind": 2000000.0
      }
    ],
    [
      22,
      {
        "OpenAI": 2666666.6666666665,
        "DeepMind": 2000000.0,
        "Anthropic": 2333333.3333333335,
        "Meta.AI": 3000000.0
      }
    ],
    [
      23,
      {
        "OpenAI": 2666666.6666666665,
        "DeepMind": 2000000.0,
        "Anthropic": 2333333.3333333335,
        "Meta.AI": 3000000.0
      }
    ],
    [
      24,
      {
        "OpenAI": 2666666.6666666665,
        "DeepMind": 2000000.0,
        "Anthropic": 2333333.3333333335,
        "Meta.AI": 3000000.0
      }
    ],
    [
      25,
      {
        "OpenAI": 2666666.6666666665,
        "DeepMind": 2000000.0,
        "Anthropic": 2333333.3333333335,
        "Meta.AI": 3000000.0
      }
    ],
    [
      26,
      {
        "OpenAI": 2000000.0,
        "DeepMind": 2000000.0,
        "Meta_AI": 2000000.0,
        "Anthropic": 2000000.0,
        "NovaMind": 2000000.0
      }
    ],
    [
      27,
      {
        "OpenAI": 2000000.0,
        "DeepMind": 2000000.0,
        "Meta_AI": 2000000.0,
        "Anthropic": 2000000.0,
        "NovaMind": 2000000.0
      }
    ],
    [
      28,
      {
        "OpenAI": 2000000.0,
        "DeepMind": 2000000.0,
        "Meta_AI": 2000000.0,
        "Anthropic": 2000000.0,
        "NovaMind": 2000000.0
      }
    ],
    [
      29,
      {
        "OpenAI": 2000000.0,
        "DeepMind": 2000000.0,
        "Meta_AI": 2000000.0,
        "Anthropic": 2000000.0,
        "NovaMind": 2000000.0
      }
    ]
  ],
  "roi_history": [
    [
      3,
      0.014599322273489276
    ],
    [
      4,
      0.014916903578948107
    ],
    [
      5,
      0.01520772798093584
    ],
    [
      6,
      0.015454147759784076
    ],
    [
      7,
      0.015504969270365581
    ],
    [
      8,
      0.015576602418038422
    ],
    [
      9,
      0.01569134636722495
    ],
    [
      10,
      0.015821220425322878
    ],
    [
      11,
      0.027518745430611644
    ],
    [
      12,
      0.027916787220304804
    ],
    [
      13,
      0.02815342444190655
    ],
    [
      14,
      0.028477256009358073
    ],
    [
      15,
      0.0167946370707987
    ],
    [
      16,
      0.017033075431186415
    ],
    [
      17,
      0.017234957956337425
    ],
    [
      18,
      0.017424914284222354
    ],
    [
      19,
      0.017504075818398142
    ],
    [
      20,
      0.017625664467689664
    ],
    [
      21,
      0.017765815521613056
    ],
    [
      22,
      0.017912433282892708
    ],
    [
      23,
      0.02175538636233441
    ],
    [
      24,
      0.02191897791209313
    ],
    [
      25,
      0.02198815598190144
    ],
    [
      26,
      0.022082930254431758
    ],
    [
      27,
      0.018467754825050708
    ],
    [
      28,
      0.018566008417095103
    ],
    [
      29,
      0.0186680996896967
    ]
  ],
  "recent_insights": []
}