{
  "name": "Anthropic",
  "current_round": 29,
  "published_scores": [
    [
      0,
      0.7666858203379106
    ],
    [
      1,
      0.7794290739626273
    ],
    [
      2,
      0.7794290739626273
    ],
    [
      3,
      0.8031242847114377
    ],
    [
      4,
      0.8031242847114377
    ],
    [
      5,
      0.8341155353727049
    ],
    [
      6,
      0.8341155353727049
    ],
    [
      7,
      0.8281453580319996
    ],
    [
      8,
      0.8494853201149974
    ],
    [
      9,
      0.8688688126982379
    ],
    [
      10,
      0.8688688126982379
    ],
    [
      11,
      0.8688688126982379
    ],
    [
      12,
      0.8688688126982379
    ],
    [
      13,
      0.8105353191912897
    ],
    [
      14,
      0.8753485783258835
    ],
    [
      15,
      0.8927964812161994
    ],
    [
      16,
      0.9083157205076292
    ],
    [
      17,
      0.9083157205076292
    ],
    [
      18,
      0.9190989912694953
    ],
    [
      19,
      0.9232991846489834
    ],
    [
      20,
      0.9232991846489834
    ],
    [
      21,
      0.9232991846489834
    ],
    [
      22,
      0.9425994523113965
    ],
    [
      23,
      0.9425994523113965
    ],
    [
      24,
      0.9449151679461825
    ],
    [
      25,
      0.9264727209601846
    ],
    [
      26,
      0.9264727209601846
    ],
    [
      27,
      0.955932134356946
    ],
    [
      28,
      0.955932134356946
    ],
    [
      29,
      0.955932134356946
    ]
  ]
}