{
  "name": "NovaMind",
  "current_round": 24,
  "published_scores": [
    [
      0,
      0.5475451195806458
    ],
    [
      1,
      0.4035808867770378
    ],
    [
      2,
      0.4769653318643837
    ],
    [
      3,
      0.3870041931081648
    ],
    [
      4,
      0.6130274759473566
    ],
    [
      5,
      0.5249233781459911
    ],
    [
      6,
      0.4487695683676469
    ],
    [
      7,
      0.4254821935785478
    ],
    [
      8,
      0.4464628705459312
    ],
    [
      9,
      0.5530288304957033
    ],
    [
      10,
      0.3928242650612398
    ],
    [
      11,
      0.686766228170246
    ],
    [
      12,
      0.5674042613267306
    ],
    [
      13,
      0.5045700809501458
    ],
    [
      14,
      0.47178745851702614
    ],
    [
      15,
      0.589306790303071
    ],
    [
      16,
      0.5494952961880151
    ],
    [
      17,
      0.5966891403363387
    ],
    [
      18,
      0.5594341202973703
    ],
    [
      19,
      0.5063823798527487
    ],
    [
      20,
      0.5873931516178654
    ],
    [
      21,
      0.6007024160748501
    ],
    [
      22,
      0.5804074564902886
    ],
    [
      23,
      0.6448576666123123
    ],
    [
      24,
      0.6770548852479092
    ]
  ]
}