{
  "funder_type": "vc",
  "mission_statement": "Maximize returns by backing AI market leaders",
  "total_capital": 500000000.0,
  "deployed_capital": 50000000.0,
  "believed_provider_quality": {
    "Anthropic": 0.9381863384040224,
    "OpenAI": 0.9702550484691037,
    "Meta_AI": 0.9329339819896251,
    "DeepMind": 0.9524800839997862,
    "NovaMind": 0.8499096386198498
  },
  "believed_provider_gaming": {
    "Anthropic": 0.053703928931360445,
    "OpenAI": 0.11276916207866548,
    "Meta_AI": 0.06942185179828467,
    "DeepMind": 0.1727073998946792,
    "NovaMind": 0.08284985234859105
  },
  "active_funding": {
    "OpenAI": 30000000.0,
    "DeepMind": 15000000.0,
    "Anthropic": 1666666.6666666667,
    "Meta_AI": 1666666.6666666667,
    "NovaMind": 1666666.6666666667
  },
  "funding_history": [
    [
      0,
      {
        "Anthropic": 30000000.0,
        "OpenAI": 15000000.0,
        "DeepMind": 1666666.6666666667,
        "Meta_AI": 1666666.6666666667,
        "NovaMind": 1666666.6666666667
      }
    ],
    [
      1,
      {
        "Anthropic": 30000000.0,
        "OpenAI": 15000000.0,
        "DeepMind": 1666666.6666666667,
        "Meta_AI": 1666666.6666666667,
        "NovaMind": 1666666.6666666667
      }
    ],
    [
      2,
      {
        "OpenAI": 30000000.0,
        "NovaMind": 15000000.0,
        "DeepMind": 1666666.6666666667,
        "Meta_AI": 1666666.6666666667,
        "Anthropic": 1666666.6666666667
      }
    ],
    [
      3,
      {
        "OpenAI": 30000000.0,
        "NovaMind": 15000000.0,
        "DeepMind": 1666666.6666666667,
        "Meta_AI": 1666666.6666666667,
        "Anthropic": 1666666.6666666667
      }
    ],
    [
      4,
      {
        "OpenAI": 30000000.0,
        "DeepMind": 15000000.0,
        "NovaMind": 1666666.6666666667,
        "Meta_AI": 1666666.6666666667,
        "Anthropic": 1666666.6666666667
      }
    ],
    [
      5,
      {
        "OpenAI": 30000000.0,
        "DeepMind": 15000000.0,
        "NovaMind": 1666666.6666666667,
        "Meta_AI": 1666666.6666666667,
        "Anthropic": 1666666.6666666667
      }
    ],
    [
      6,
      {
        "OpenAI": 30000000.0,
        "DeepMind": 15000000.0,
        "Meta_AI": 1666666.6666666667,
        "NovaMind": 1666666.6666666667,
        "Anthropic": 1666666.6666666667
      }
    ],
    [
      7,
      {
        "OpenAI": 30000000.0,
        "DeepMind": 15000000.0,
        "Meta_AI": 1666666.6666666667,
        "NovaMind": 1666666.6666666667,
        "Anthropic": 1666666.6666666667
      }
    ],
    [
      8,
      {
        "OpenAI": 30000000.0,
        "Anthropic": 15000000.0,
        "Meta_AI": 1666666.6666666667,
        "DeepMind": 1666666.6666666667,
        "NovaMind": 1666666.6666666667
      }
    ],
    [
      9,
      {
        "OpenAI": 30000000.0,
        "Anthropic": 15000000.0,
        "Meta_AI": 1666666.6666666667,
        "DeepMind": 1666666.6666666667,
        "NovaMind": 1666666.6666666667
      }
    ],
    [
      10,
      {
        "OpenAI": 30000000.0,
        "Anthropic": 15000000.0,
        "Meta_AI": 1666666.6666666667,
        "NovaMind": 1666666.6666666667,
        "DeepMind": 1666666.6666666667
      }
    ],
    [
      11,
      {
        "OpenAI": 30000000.0,
        "Anthropic": 15000000.0,
        "Meta_AI": 1666666.6666666667,
        "NovaMind": 1666666.6666666667,
        "DeepMind": 1666666.6666666667
      }
    ],
    [
      12,
      {
        "OpenAI": 30000000.0,
        "NovaMind": 15000000.0,
        "Meta_AI": 1666666.6666666667,
        "DeepMind": 1666666.6666666667,
        "Anthropic": 1666666.6666666667
      }
    ],
    [
      13,
      {
        "OpenAI": 30000000.0,
        "NovaMind": 15000000.0,
        "Meta_AI": 1666666.6666666667,
        "DeepMind": 1666666.6666666667,
        "Anthropic": 1666666.6666666667
      }
    ],
    [
      14,
      {
        "OpenAI": 30000000.0,
        "Anthropic": 15000000.0,
        "Meta_AI": 1666666.6666666667,
        "DeepMind": 1666666.6666666667,
        "NovaMind": 1666666.6666666667
      }
    ],
    [
      15,
      {
        "OpenAI": 30000000.0,
        "Anthropic": 15000000.0,
        "Meta_AI": 1666666.6666666667,
        "DeepMind": 1666666.6666666667,
        "NovaMind": 1666666.6666666667
      }
    ],
    [
      16,
      {
        "OpenAI": 30000000.0,
        "DeepMind": 15000000.0,
        "Anthropic": 1666666.6666666667,
        "Meta_AI": 1666666.6666666667,
        "NovaMind": 1666666.6666666667
      }
    ],
    [
      17,
      {
        "OpenAI": 30000000.0,
        "DeepMind": 15000000.0,
        "Anthropic": 1666666.6666666667,
        "Meta_AI": 1666666.6666666667,
        "NovaMind": 1666666.6666666667
      }
    ],
    [
      18,
      {
        "OpenAI": 30000000.0,
        "DeepMind": 15000000.0,
        "Meta_AI": 1666666.6666666667,
        "Anthropic": 1666666.6666666667,
        "NovaMind": 1666666.6666666667
      }
    ],
    [
      19,
      {
        "OpenAI": 30000000.0,
        "DeepMind": 15000000.0,
        "Meta_AI": 1666666.6666666667,
        "Anthropic": 1666666.6666666667,
        "NovaMind": 1666666.6666666667
      }
    ],
    [
      20,
      {
        "OpenAI": 30000000.0,
        "Meta_AI": 15000000.0,
        "Anthropic": 1666666.6666666667,
        "DeepMind": 1666666.6666666667,
        "NovaMind": 1666666.6666666667
      }
    ],
    [
      21,
      {
        "OpenAI": 30000000.0,
        "Meta_AI": 15000000.0,
        "Anthropic": 1666666.6666666667,
        "DeepMind": 1666666.6666666667,
        "NovaMind": 1666666.6666666667
      }
    ],
    [
      22,
      {
        "OpenAI": 30000000.0,
        "DeepMind": 15000000.0,
        "Meta_AI": 1666666.6666666667,
        "NovaMind": 1666666.6666666667,
        "Anthropic": 1666666.6666666667
      }
    ],
    [
      23,
      {
        "OpenAI": 30000000.0,
        "DeepMind": 15000000.0,
        "Meta_AI": 1666666.6666666667,
        "NovaMind": 1666666.6666666667,
        "Anthropic": 1666666.6666666667
      }
    ],
    [
      24,
      {
        "OpenAI": 30000000.0,
        "DeepMind": 15000000.0,
        "Anthropic": 1666666.6666666667,
        "NovaMind": 1666666.6666666667,
        "Meta_AI": 1666666.6666666667
      }
    ],
    [
      25,
      {
        "OpenAI": 30000000.0,
        "DeepMind": 15000000.0,
        "Anthropic": 1666666.6666666667,
        "NovaMind": 1666666.6666666667,
        "Meta_AI": 1666666.6666666667
      }
    ],
    [
      26,
      {
        "OpenAI": 30000000.0,
        "Meta_AI": 15000000.0,
        "DeepMind": 1666666.6666666667,
        "NovaMind": 1666666.6666666667,
        "Anthropic": 1666666.6666666667
      }
    ],
    [
      27,
      {
        "OpenAI": 30000000.0,
        "Meta_AI": 15000000.0,
        "DeepMind": 1666666.6666666667,
        "NovaMind": 1666666.6666666667,
        "Anthropic": 1666666.6666666667
      }
    ],
    [
      28,
      {
        "OpenAI": 30000000.0,
        "DeepMind": 15000000.0,
        "Anthropic": 1666666.6666666667,
        "Meta_AI": 1666666.6666666667,
        "NovaMind": 1666666.6666666667
      }
    ],
    [
      29,
      {
        "OpenAI": 30000000.0,
        "DeepMind": 15000000.0,
        "Anthropic": 1666666.6666666667,
        "Meta_AI": 1666666.6666666667,
        "NovaMind": 1666666.6666666667
      }
    ]
  ],