{
  "name": "Meta_AI",
  "current_round": 29,
  "published_scores": [
    [
      0,
      0.6781146875909648
    ],
    [
      1,
      0.7690814459040902
    ],
    [
      2,
      0.8337525899208271
    ],
    [
      3,
      0.8767116849123606
    ],
    [
      4,
      0.8767116849123606
    ],
    [
      5,
      0.8767116849123606
    ],
    [
      6,
      0.8767116849123606
    ],
    [
      7,
      0.8767116849123606
    ],
    [
      8,
      0.8417044456604945
    ],
    [
      9,
      0.8417044456604945
    ],
    [
      10,
      0.8417044456604945
    ],
    [
      11,
      0.9020587997571303
    ],
    [
      12,
      0.9261162001605412
    ],
    [
      13,
      0.9274060036077252
    ],
    [
      14,
      1.0
    ],
    [
      15,
      0.9820927795453467
    ],
    [
      16,
      0.9820927795453467
    ],
    [
      17,
      0.9820927795453467
    ],
    [
      18,
      0.9820927795453467
    ],
    [
      19,
      0.9820927795453467
    ],
    [
      20,
      0.9820927795453467
    ],
    [
      21,
      0.9820927795453467
    ],
    [
      22,
      0.9749997623273571
    ],
    [
      23,
      0.98656958465901
    ],
    [
      24,
      0.98656958465901
    ],
    [
      25,
      0.98656958465901
    ],
    [
      26,
      0.98656958465901
    ],
    [
      27,
      0.98656958465901
    ],
    [
      28,
      0.9910043981508017
    ],
    [
      29,
      0.9253769021735812
    ]
  ]
}