{
  "name": "NovaMind",
  "current_round": 19,
  "published_scores": [
    [
      0,
      0.4455848036312553
    ],
    [
      1,
      0.4766407324236318
    ],
    [
      2,
      0.5045681098054238
    ],
    [
      3,
      0.4384145992461438
    ],
    [
      4,
      0.4411359358224639
    ],
    [
      5,
      0.42742127838351207
    ],
    [
      6,
      0.45925781838262086
    ],
    [
      7,
      0.47805694684588285
    ],
    [
      8,
      0.5083852509839907
    ],
    [
      9,
      0.3981295739841725
    ],
    [
      10,
      0.36890327411423135
    ],
    [
      11,
      0.602493105514856
    ],
    [
      12,
      0.4893921676905312
    ],
    [
      13,
      0.5263652879426994
    ],
    [
      14,
      0.49591515511399253
    ],
    [
      15,
      0.5073455590599442
    ],
    [
      16,
      0.613783165714501
    ],
    [
      17,
      0.5606663113953724
    ],
    [
      18,
      0.5126370789314157
    ],
    [
      19,
      0.35570190706586147
    ]
  ]
}