{
  "provider_names": [
    "OpenAI",
    "Anthropic",
    "NovaMind",
    "DeepMind",
    "Meta_AI"
  ],
  "brand_recognition": {
    "OpenAI": 0.9,
    "Anthropic": 0.7,
    "NovaMind": 0.15,
    "DeepMind": 0.8,
    "Meta_AI": 0.6
  },
  "current_round": 29,
  "segments": [
    {
      "name": "software_dev_leaderboard_follower",
      "archetype": "leaderboard_follower",
      "use_case": "software_dev",
      "market_fraction": 0.1,
      "benchmark_weights": {
        "coding_bench": 0.5,
        "reasoning_bench": 0.14285714285714288,
        "reasoning": 0.14285714285714288,
        "question_answering": 0.07142857142857144,
        "factual_recall": 0.07142857142857144,
        "accounting": 0.07142857142857144
      },
      "leaderboard_trust": 0.765,
      "switching_cost": 0.05,
      "switching_threshold": 0.15,
      "provider_shares": {
        "OpenAI": 0.9976286696522011,
        "Anthropic": 0.0006172002759486968,
        "NovaMind": 0.0003895770794860302,
        "DeepMind": 0.0008977197968455652,
        "Meta_AI": 0.00046683319551867487
      },
      "believed_quality": {
        "Anthropic": 0.9942706252126774,
        "OpenAI": 0.9993743725087174,
        "DeepMind": 0.9806231052152015,
        "Meta_AI": 0.9896497839494582,
        "NovaMind": 0.9500576448100693
      },
      "satisfaction": {
        "OpenAI": 0.8881508858660581,
        "Anthropic": 0.8267948098871633,
        "NovaMind": 0.6825355819759357,
        "DeepMind": 0.8233049407993025,
        "Meta_AI": 0.782651071577656
      },
      "tenure": {
        "OpenAI": 30,
        "Anthropic": 0,
        "NovaMind": 0,
        "DeepMind": 0,
        "Meta_AI": 0
      }
    },
    {
      "name": "software_dev_experience_driven",
      "archetype": "experience_driven",
      "use_case": "software_dev",
      "market_fraction": 0.0875,
      "benchmark_weights": {
        "coding_bench": 0.5,
        "reasoning_bench": 0.14285714285714288,
        "reasoning": 0.14285714285714288,
        "question_answering": 0.07142857142857144,
        "factual_recall": 0.07142857142857144,
        "accounting": 0.07142857142857144
      },
      "leaderboard_trust": 0.315,
      "switching_cost": 0.08,
      "switching_threshold": 0.08,
      "provider_shares": {
        "OpenAI": 0.9971399025637239,
        "Anthropic": 0.0007909167080375623,
        "NovaMind": 0.00047985264135929555,
        "DeepMind": 0.0009178386257650709,
        "Meta_AI": 0.0006714894611143111
      },
      "believed_quality": {
        "Anthropic": 0.9942706252126774,
        "OpenAI": 0.9993743725087174,
        "DeepMind": 0.9806231052152015,
        "Meta_AI": 0.9896497839494582,
        "NovaMind": 0.9500576448100693
      },
      "satisfaction": {
        "OpenAI": 0.8881508858660581,
        "Anthropic": 0.8267948098871633,
        "NovaMind": 0.6825355819759357,
        "DeepMind": 0.8233049407993025,
        "Meta_AI": 0.782651071577656
      },
      "tenure": {
        "OpenAI": 30,
        "Anthropic": 0,
        "NovaMind": 0,
        "DeepMind": 0,
        "Meta_AI": 0
      }
    },
    {
      "name": "software_dev_cautious",
      "archetype": "cautious",
      "use_case": "software_dev",
      "market_fraction": 0.0625,
      "benchmark_weights": {
        "coding_bench": 0.5,
        "reasoning_bench": 0.14285714285714288,
        "reasoning": 0.14285714285714288,
        "question_answering": 0.07142857142857144,
        "factual_recall": 0.07142857142857144,
        "accounting": 0.07142857142857144
      },
      "leaderboard_trust": 0.45,
      "switching_cost": 0.2,
      "switching_threshold": 0.25,
      "provider_shares": {
        "OpenAI": 0.9959315710936328,
        "Anthropic": 0.0011031304036229733,
        "NovaMind": 0.0005591257328119484,
        "DeepMind": 0.0014845632322646597,
        "Meta_AI": 0.0009216095376675486
      },
      "believed_quality": {
        "Anthropic": 0.9942706252126774,
        "OpenAI": 0.9993743725087174,
        "DeepMind": 0.9806231052152015,
        "Meta_AI": 0.9896497839494582,
        "NovaMind": 0.9500576448100693
      },
      "satisfaction": {
        "OpenAI": 0.8881508858660581,
        "Anthropic": 0.8267948098871633,
        "NovaMind": 0.6825355819759357,
        "DeepMind": 0.8233049407993025,
        "Meta_AI": 0.782651071577656
      },
      "tenure": {
        "OpenAI": 30,
        "Anthropic": 0,
        "NovaMind": 0,
        "DeepMind": 0,
        "Meta_AI": 0
      }
    },
    {
      "name": "content_writer_leaderboard_follower",
      "archetype": "leaderboard_follower",
      "use_case": "content_writer",
      "market_fraction": 0.1,
      "benchmark_weights": {
        "coding_bench": 0.125,
        "reasoning_bench": 0.25,
        "reasoning": 0.25,
        "question_answering": 0.125,
        "factual_recall": 0.125,
        "accounting": 0.125
      },
      "leaderboard_trust": 0.765,
      "switching_cost": 0.05,
      "switching_threshold": 0.15,
      "provider_shares": {
        "OpenAI": 0.9977952702912299,
        "Anthropic": 0.0005909416562939065,
        "NovaMind": 0.0004876904737031121,
        "DeepMind": 0.0006234298276515686,
        "Meta_AI": 0.0005026677511214888
      },
      "believed_quality": {
        "Anthropic": 0.9906628833106048,
        "OpenAI": 0.9987378740670936,
        "DeepMind": 0.970557520509274,
        "Meta_AI": 0.9817029398844586,
        "NovaMind": 0.9225139320464211
      },
      "satisfaction": {
        "OpenAI": 0.8881508858660581,
        "Anthropic": 0.8267948098871633,
        "NovaMind": 0.6825355819759357,
        "DeepMind": 0.8233049407993025,
        "Meta_AI": 0.782651071577656
      },
      "tenure": {
        "OpenAI": 27,
        "Anthropic": 0,
        "NovaMind": 0,
        "DeepMind": 0,
        "Meta_AI": 0
      }
    },
    {
      "name": "content_writer_experience_driven",
      "archetype": "experience_driven",
      "use_case": "content_writer",
      "market_fraction": 0.0875,
      "benchmark_weights": {
        "coding_bench": 0.125,
        "reasoning_bench": 0.25,
        "reasoning": 0.25,
        "question_answering": 0.125,
        "factual_recall": 0.125,
        "accounting": 0.125
      },
      "leaderboard_trust": 0.315,
      "switching_cost": 0.08,
      "switching_threshold": 0.08,
      "provider_shares": {
        "OpenAI": 0.9968831922026543,
        "Anthropic": 0.0007915737471087533,
        "NovaMind": 0.0009564169936310344,
        "DeepMind": 0.00045188340843254764,
        "Meta_AI": 0.0009169336481733953
      },
      "believed_quality": {
        "Anthropic": 0.9906628833106048,
        "OpenAI": 0.9987378740670936,
        "DeepMind": 0.970557520509274,
        "Meta_AI": 0.9817029398844586,
        "NovaMind": 0.9225139320464211
      },
      "satisfaction": {
        "OpenAI": 0.8881508858660581,
        "Anthropic": 0.8267948098871633,
        "NovaMind": 0.6825355819759357,
        "DeepMind": 0.8233049407993025,
        "Meta_AI": 0.782651071577656
      },
      "tenure": {
        "OpenAI": 30,
        "Anthropic": 0,
        "NovaMind": 0,
        "DeepMind": 0,
        "Meta_AI": 0
      }
    },
    {
      "name": "content_writer_cautious",
      "archetype": "cautious",
      "use_case": "content_writer",
      "market_fraction": 0.0625,
      "benchmark_weights": {
        "coding_bench": 0.125,
        "reasoning_bench": 0.25,
        "reasoning": 0.25,
        "question_answering": 0.125,
        "factual_recall": 0.125,
        "accounting": 0.125
      },
      "leaderboard_trust": 0.45,
      "switching_cost": 0.2,
      "switching_threshold": 0.25,
      "provider_shares": {
        "OpenAI": 0.9801017761355503,
        "Anthropic": 0.015545163774782005,
        "NovaMind": 0.0008500931265876739,
        "DeepMind": 0.0025121225466414837,
        "Meta_AI": 0.0009908444164385545
      },
      "believed_quality": {
        "Anthropic": 0.9906628833106048,