{
  "name": "OpenAI",
  "current_round": 19,
  "published_scores": [
    [
      0,
      0.5624401958771561
    ],
    [
      1,
      0.5663400000635752
    ],
    [
      2,
      0.5822076147200723
    ],
    [
      3,
      0.4959794740902193
    ],
    [
      4,
      0.5464147277024747
    ],
    [
      5,
      0.5773551294412866
    ],
    [
      6,
      0.5404284984685847
    ],
    [
      7,
      0.5259662669905864
    ],
    [
      8,
      0.5961778844721944
    ],
    [
      9,
      0.6443898269998587
    ],
    [
      10,
      0.6527048631801848
    ],
    [
      11,
      0.6093197516107356
    ],
    [
      12,
      0.6578839506518213
    ],
    [
      13,
      0.5546798213348414
    ],
    [
      14,
      0.6179898097183637
    ],
    [
      15,
      0.5639646631995232
    ],
    [
      16,
      0.6249164893136521
    ],
    [
      17,
      0.6425554492617271
    ],
    [
      18,
      0.6289179271094619
    ],
    [
      19,
      0.6132326628775852
    ]
  ]
}