{
  "name": "OpenAI",
  "current_round": 24,
  "published_scores": [
    [
      0,
      0.5969717079754432
    ],
    [
      1,
      0.41862733777530653
    ],
    [
      2,
      0.6929384128708982
    ],
    [
      3,
      0.526227415805421
    ],
    [
      4,
      0.5959136052263982
    ],
    [
      5,
      0.5916312272728421
    ],
    [
      6,
      0.8484568206695807
    ],
    [
      7,
      0.7521452898546239
    ],
    [
      8,
      0.7273374777028789
    ],
    [
      9,
      0.6822712838917996
    ],
    [
      10,
      0.6974229672624999
    ],
    [
      11,
      0.6057612425691672
    ],
    [
      12,
      0.5161550605354577
    ],
    [
      13,
      0.7836313484299418
    ],
    [
      14,
      0.5716954035277786
    ],
    [
      15,
      0.77775878852471
    ],
    [
      16,
      0.7742190049438499
    ],
    [
      17,
      0.7733720959073123
    ],
    [
      18,
      0.8008537457487143
    ],
    [
      19,
      0.6024133209424601
    ],
    [
      20,
      0.7143737572252744
    ],
    [
      21,
      0.7516316280008428
    ],
    [
      22,
      0.8070510259199692
    ],
    [
      23,
      0.7208342795478921
    ],
    [
      24,
      0.6815179916682763
    ]
  ]
}