{
  "funder_type": "gov",
  "mission_statement": "Ensure safe and responsible AI development",
  "total_capital": 500000.0,
  "deployed_capital": 500000.0,
  "believed_provider_quality": {
    "DeepMind": 0.9034582910880622,
    "OpenAI": 0.7219346114578841,
    "NovaMind": 0.6191121439749304,
    "Anthropic": 0.7386109879608753,
    "Meta_AI": 0.705146471343643
  },
  "believed_provider_gaming": {
    "DeepMind": 0.0,
    "OpenAI": 0.3,
    "NovaMind": 0.3,
    "Anthropic": 0.3,
    "Meta_AI": 0.3
  },
  "active_funding": {
    "DeepMind": 160000.0,
    "OpenAI": 133333.33333333334,
    "Anthropic": 100000.0,
    "Meta_AI": 66666.66666666667,
    "NovaMind": 40000.0
  },
  "funding_history": [
    [
      0,
      {
        "DeepMind": 187500.0,
        "OpenAI": 156250.0,
        "NovaMind": 125000.0,
        "Anthropic": 31250.0,
        "Meta_AI": 0.0
      }
    ],
    [
      1,
      {
        "DeepMind": 100000.0,
        "Anthropic": 100000.0,
        "OpenAI": 100000.0,
        "Meta_AI": 100000.0,
        "NovaMind": 100000.0
      }
    ],
    [
      2,
      {
        "DeepMind": 100000.0,
        "OpenAI": 100000.0,
        "Anthropic": 100000.0,
        "Meta_AI": 100000.0,
        "NovaMind": 100000.0
      }
    ],
    [
      3,
      {
        "DeepMind": 230769.23076923078,
        "Anthropic": 115384.61538461539,
        "OpenAI": 76923.07692307692,
        "Meta_AI": 38461.53846153846,
        "NovaMind": 38461.53846153846
      }
    ],
    [
      4,
      {
        "DeepMind": 166666.66666666666,
        "OpenAI": 133333.33333333334,
        "Anthropic": 100000.0,
        "Meta_AI": 66666.66666666667,
        "NovaMind": 33333.333333333336
      }
    ],
    [
      5,
      {
        "DeepMind": 108695.65217391304,
        "Anthropic": 163043.47826086957,
        "OpenAI": 130434.78260869565,
        "Meta_AI": 65217.391304347824,
        "NovaMind": 32608.695652173912
      }
    ],
    [
      6,
      {
        "OpenAI": 100000.0,
        "Meta_AI": 100000.0,
        "Anthropic": 100000.0,
        "DeepMind": 100000.0,
        "NovaMind": 100000.0
      }
    ],
    [
      7,
      {
        "OpenAI": 100000.0,
        "Meta_AI": 100000.0,
        "Anthropic": 100000.0,
        "DeepMind": 100000.0,
        "NovaMind": 100000.0
      }
    ],
    [
      8,
      {
        "OpenAI": 113636.36363636363,
        "Anthropic": 90909.09090909091,
        "DeepMind": 170454.54545454544,
        "Meta_AI": 68181.81818181818,
        "NovaMind": 56818.181818181816
      }
    ],
    [
      9,
      {
        "OpenAI": 178571.42857142858,
        "DeepMind": 154761.90476190476,
        "Anthropic": 83333.33333333333,
        "Meta_AI": 47619.04761904762,
        "NovaMind": 35714.28571428571
      }
    ],
    [
      10,
      {
        "DeepMind": 208333.33333333334,
        "NovaMind": 156250.0,
        "Meta_AI": 78125.0,
        "OpenAI": 52083.333333333336,
        "Anthropic": 5208.333333333333
      }
    ],
    [
      11,
      {
        "Meta_AI": 125000.0,
        "NovaMind": 119791.66666666667,
        "DeepMind": 109375.0,
        "OpenAI": 83333.33333333333,
        "Anthropic": 62500.0
      }
    ],
    [
      12,
      {
        "DeepMind": 167597.76536312848,
        "OpenAI": 139664.80446927375,
        "Meta_AI": 97765.36312849162,
        "Anthropic": 55865.92178770949,
        "NovaMind": 39106.14525139665
      }
    ],
    [
      13,
      {
        "DeepMind": 204545.45454545456,
        "OpenAI": 136363.63636363635,
        "Meta_AI": 90909.09090909091,
        "Anthropic": 45454.545454545456,
        "NovaMind": 22727.272727272728
      }
    ],
    [
      14,
      {
        "DeepMind": 167597.76536312848,
        "Meta_AI": 111731.84357541898,
        "OpenAI": 97765.36312849162,
        "Anthropic": 69832.40223463687,
        "NovaMind": 53072.625698324024
      }
    ],
    [
      15,
      {
        "DeepMind": 184210.52631578947,
        "OpenAI": 131578.94736842104,
        "Meta_AI": 84210.52631578947,
        "Anthropic": 57894.73684210526,
        "NovaMind": 42105.26315789473
      }
    ],
    [
      16,
      {
        "DeepMind": 175644.0281030445,
        "OpenAI": 140515.22248243558,
        "Meta_AI": 105386.4168618267,
        "Anthropic": 52693.20843091335,
        "NovaMind": 25761.12412177986
      }
    ],
    [
      17,
      {
        "DeepMind": 155038.75968992247,
        "OpenAI": 142118.8630490956,
        "Meta_AI": 116279.06976744186,
        "Anthropic": 77519.37984496124,
        "NovaMind": 9043.92764857881
      }
    ],
    [
      18,
      {
        "DeepMind": 240000.0,
        "OpenAI": 140000.0,
        "Meta_AI": 70000.0,
        "Anthropic": 30000.0,
        "NovaMind": 20000.0
      }
    ],
    [
      19,
      {
        "DeepMind": 187500.0,
        "OpenAI": 125000.0,
        "Meta_AI": 78125.0,
        "Anthropic": 62500.0,
        "NovaMind": 46875.0
      }
    ],
    [
      20,
      {
        "DeepMind": 223404.2553191489,
        "OpenAI": 148936.17021276595,
        "Meta_AI": 74468.08510638298,
        "Anthropic": 31914.893617021273,
        "NovaMind": 21276.59574468085
      }
    ],
    [
      21,
      {
        "DeepMind": 150000.0,
        "OpenAI": 162500.0,
        "Anthropic": 87500.0,
        "Meta_AI": 62500.0,
        "NovaMind": 37500.0
      }
    ],
    [
      22,
      {
        "DeepMind": 120000.0,
        "OpenAI": 110000.0,
        "Anthropic": 105000.0,
        "Meta_AI": 100000.0,
        "NovaMind": 65000.0
      }
    ],
    [
      23,
      {
        "DeepMind": 155844.15584415584,
        "OpenAI": 142857.14285714284,
        "Anthropic": 97402.59740259741,
        "Meta_AI": 64935.064935064926,
        "NovaMind": 38961.03896103896
      }
    ],
    [
      24,
      {
        "DeepMind": 160000.0,
        "OpenAI": 133333.33333333334,
        "Anthropic": 100000.0,
        "Meta_AI": 66666.66666666667,
        "NovaMind": 40000.0
      }
    ]
  ],
  "roi_history": [
    [
      1,
      0.11420409757030676
    ],
    [
      2,
      0.10718172817029134
    ],
    [
      3,
      0.10866245908600695
    ],
    [
      4,
      0.12102715135974032
    ],
    [
      5,
      0.12086059905382496
    ],
    [
      6,
      0.12242490287744463
    ],
    [
      7,
      0.1207066940642753
    ],
    [
      8,
      0.12289110388763565
    ],
    [
      9,
      0.13196575580576958
    ],
    [
      10,
      0.1347967415715469
    ],
    [
      11,
      0.1290122238695538
    ],
    [
      12,
      0.12831756127773228
    ],
    [
      13,
      0.13739611197138699
    ],
    [
      14,
      0.13894817728449804
    ],
    [
      15,
      0.13815808246454772
    ],
    [
      16,
      0.14068723424223933
    ],
    [
      17,
      0.14454938836755613
    ],
    [
      18,
      0.1440165413692742
    ],
    [
      19,
      0.14839134741256937
    ],
    [
      20,
      0.14595884475055107
    ],
    [
      21,
      0.1513363778376087
    ],
    [
      22,
      0.1487180402052019
    ],
    [
      23,
      0.1469061143230445
    ],
    [
      24,
      0.15431392944126254
    ]
  ],
  "recent_insights": []
}