{
  "name": "Anthropic",
  "current_round": 29,
  "published_scores": [
    [
      0,
      0.7666858203379106
    ],
    [
      1,
      0.8041355980765428
    ],
    [
      2,
      0.8041355980765428
    ],
    [
      3,
      0.8264807206580875
    ],
    [
      4,
      0.8264807206580875
    ],
    [
      5,
      0.8615161914460119
    ],
    [
      6,
      0.8621803410936052
    ],
    [
      7,
      0.843515683755156
    ],
    [
      8,
      0.8666514820894282
    ],
    [
      9,
      0.8836657546322437
    ],
    [
      10,
      0.8836657546322437
    ],
    [
      11,
      0.8836657546322437
    ],
    [
      12,
      0.8836657546322437
    ],
    [
      13,
      0.8111002650212825
    ],
    [
      14,
      0.8782127757858785
    ],
    [
      15,
      0.8952358339459652
    ],
    [
      16,
      0.9082739052525275
    ],
    [
      17,
      0.9082739052525275
    ],
    [
      18,
      0.9166591751940412
    ],
    [
      19,
      0.9253941034935763
    ],
    [
      20,
      0.9260594941015596
    ],
    [
      21,
      0.9260594941015596
    ],
    [
      22,
      0.9414934843112692
    ],
    [
      23,
      0.9414934843112692
    ],
    [
      24,
      0.942664853779913
    ],
    [
      25,
      0.9200361318961112
    ],
    [
      26,
      0.924029827199395
    ],
    [
      27,
      0.9581255783272141
    ],
    [
      28,
      0.9581255783272141
    ],
    [
      29,
      0.9581255783272141
    ]
  ]
}