{
  "name": "Anthropic",
  "strategy_profile": "Safety-focused AI lab prioritizing responsible development and alignment research. Believes in Constitutional AI and careful capability advancement. Willing to sacrifice short-term benchmark performance for long-term safety. Research-driven culture with academic rigor.",
  "innate_traits": "safety-conscious, research-driven, cautious, long-term focused, principled",
  "true_capability": 0.8257298616204417,
  "last_score": 0.968583245585824,
  "current_round": 29,
  "believed_own_capability": 0.9699010804830799,
  "believed_benchmark_exploitability": 0.3,
  "capability_belief_confidence": 0.5,
  "believed_competitor_capabilities": {
    "OpenAI": 0.9965390533187999,
    "NovaMind": 0.864751344615491,
    "DeepMind": 0.957257128400571,
    "Meta_AI": 0.966613829061984
  },
  "fundamental_research": 0.2926971860668255,
  "training_optimization": 0.25,
  "evaluation_engineering": 0.2073028139331745,
  "safety_alignment": 0.25,
  "effort_budget": 1.0,
  "past_scores": [
    [
      0,
      0.821268637193434
    ],
    [
      1,
      0.836557580308388
    ],
    [
      2,
      0.836557580308388
    ],
    [
      3,
      0.8441516213393319
    ],
    [
      4,
      0.8441516213393319
    ],
    [
      5,
      0.8682549233877229
    ],
    [
      6,
      0.8693668506421353
    ],
    [
      7,
      0.8693668506421353
    ],
    [
      8,
      0.8729612543288499
    ],
    [
      9,
      0.8729612543288499
    ],
    [
      10,
      0.9106659990051871
    ],
    [
      11,
      0.9292914357427955
    ],
    [
      12,
      0.9292914357427955
    ],
    [
      13,
      0.9326744220871701
    ],
    [
      14,
      0.9326744220871701
    ],
    [
      15,
      0.8777004235882049
    ],
    [
      16,
      0.8898351821974847
    ],
    [
      17,
      0.9553218460260214
    ],
    [
      18,
      0.9553218460260214
    ],
    [
      19,
      0.9553218460260214
    ],
    [
      20,
      0.9607075157862878
    ],
    [
      21,
      0.9607075157862878
    ],
    [
      22,
      0.9161315262178986
    ],
    [
      23,
      0.9233052755989684
    ],
    [
      24,
      0.9233052755989684
    ],
    [
      25,
      0.9751100986091898
    ],
    [
      26,
      0.9751100986091898
    ],
    [
      27,
      0.9867453058722684
    ],
    [
      28,
      0.9867453058722684
    ],
    [
      29,
      0.968583245585824
    ]
  ],
  "past_strategies": [
    {
      "round": 0,
      "fundamental_research": 0.282843313765907,
      "training_optimization": 0.25,
      "evaluation_engineering": 0.21715668623409307,
      "safety_alignment": 0.25
    },
    {
      "round": 1,
      "fundamental_research": 0.28056352419367664,
      "training_optimization": 0.25,
      "evaluation_engineering": 0.21943647580632336,
      "safety_alignment": 0.25
    },
    {
      "round": 2,
      "fundamental_research": 0.27596739750548877,
      "training_optimization": 0.25,
      "evaluation_engineering": 0.22403260249451123,
      "safety_alignment": 0.25
    },
    {
      "round": 3,
      "fundamental_research": 0.2644425147861326,
      "training_optimization": 0.25,
      "evaluation_engineering": 0.23555748521386738,
      "safety_alignment": 0.25
    },
    {
      "round": 4,
      "fundamental_research": 0.2562097777266178,
      "training_optimization": 0.25,
      "evaluation_engineering": 0.2437902222733822,
      "safety_alignment": 0.25
    },
    {
      "round": 5,
      "fundamental_research": 0.2575322440463725,
      "training_optimization": 0.25,
      "evaluation_engineering": 0.24246775595362752,
      "safety_alignment": 0.25
    },
    {
      "round": 6,
      "fundamental_research": 0.2573272136333133,
      "training_optimization": 0.25,
      "evaluation_engineering": 0.2426727863666867,
      "safety_alignment": 0.25
    },
    {
      "round": 7,
      "fundamental_research": 0.2600556296870025,
      "training_optimization": 0.25,
      "evaluation_engineering": 0.23994437031299748,
      "safety_alignment": 0.25
    },
    {
      "round": 8,
      "fundamental_research": 0.2754967227018493,
      "training_optimization": 0.25,
      "evaluation_engineering": 0.22450327729815073,
      "safety_alignment": 0.25
    },
    {
      "round": 9,
      "fundamental_research": 0.2827828576306756,
      "training_optimization": 0.25,
      "evaluation_engineering": 0.21721714236932438,
      "safety_alignment": 0.25
    },
    {
      "round": 10,
      "fundamental_research": 0.2929934081908011,
      "training_optimization": 0.25,
      "evaluation_engineering": 0.2070065918091989,
      "safety_alignment": 0.25
    },
    {
      "round": 11,
      "fundamental_research": 0.29025404913247144,
      "training_optimization": 0.25,
      "evaluation_engineering": 0.20974595086752856,
      "safety_alignment": 0.25
    },
    {
      "round": 12,
      "fundamental_research": 0.293554309842158,
      "training_optimization": 0.25,
      "evaluation_engineering": 0.20644569015784198,
      "safety_alignment": 0.25
    },
    {
      "round": 13,
      "fundamental_research": 0.29434081913297583,
      "training_optimization": 0.25,
      "evaluation_engineering": 0.20565918086702423,
      "safety_alignment": 0.25
    },
    {
      "round": 14,
      "fundamental_research": 0.29407597502755745,
      "training_optimization": 0.25,
      "evaluation_engineering": 0.20592402497244255,
      "safety_alignment": 0.25
    },
    {
      "round": 15,
      "fundamental_research": 0.28195598758613183,
      "training_optimization": 0.25,
      "evaluation_engineering": 0.21804401241386817,
      "safety_alignment": 0.25
    },
    {
      "round": 16,
      "fundamental_research": 0.273865907818929,
      "training_optimization": 0.25,
      "evaluation_engineering": 0.22613409218107106,
      "safety_alignment": 0.25
    },
    {
      "round": 17,
      "fundamental_research": 0.2804974954027026,
      "training_optimization": 0.25,
      "evaluation_engineering": 0.21950250459729748,
      "safety_alignment": 0.25
    },
    {
      "round": 18,
      "fundamental_research": 0.28390918442948326,
      "training_optimization": 0.25,
      "evaluation_engineering": 0.21609081557051674,
      "safety_alignment": 0.25
    },
    {
      "round": 19,
      "fundamental_research": 0.28629736674822975,
      "training_optimization": 0.25,
      "evaluation_engineering": 0.21370263325177025,
      "safety_alignment": 0.25
    },
    {
      "round": 20,
      "fundamental_research": 0.2884538046497763,
      "training_optimization": 0.25,
      "evaluation_engineering": 0.21154619535022373,
      "safety_alignment": 0.25
    },
    {
      "round": 21,
      "fundamental_research": 0.28775410365501014,
      "training_optimization": 0.25,
      "evaluation_engineering": 0.21224589634498986,
      "safety_alignment": 0.25
    },
    {
      "round": 22,
      "fundamental_research": 0.2857997292717867,
      "training_optimization": 0.25,
      "evaluation_engineering": 0.21420027072821335,
      "safety_alignment": 0.25
    },
    {
      "round": 23,
      "fundamental_research": 0.28537754767967866,
      "training_optimization": 0.25,
      "evaluation_engineering": 0.21462245232032134,
      "safety_alignment": 0.25
    },
    {
      "round": 24,
      "fundamental_research": 0.2853822635970552,
      "training_optimization": 0.25,
      "evaluation_engineering": 0.2146177364029448,
      "safety_alignment": 0.25
    },
    {
      "round": 25,
      "fundamental_research": 0.28858142402957127,
      "training_optimization": 0.25,
      "evaluation_engineering": 0.21141857597042873,
      "safety_alignment": 0.25
    },
    {
      "round": 26,
      "fundamental_research": 0.2898540300143831,
      "training_optimization": 0.25,
      "evaluation_engineering": 0.2101459699856169,
      "safety_alignment": 0.25
    },
    {
      "round": 27,