{
  "funder_type": "vc",
  "mission_statement": "Early-stage AI bets with outsized upside potential",
  "total_capital": 500000000.0,
  "deployed_capital": 50000000.0,
  "believed_provider_quality": {
    "Anthropic": 0.9066155896404459,
    "OpenAI": 0.9206560584421648,
    "DeepMind": 0.872988021346417,
    "Meta_AI": 0.8453800863262417,
    "NovaMind": 0.7715885554180791
  },
  "believed_provider_gaming": {
    "Anthropic": 0.41251613694585426,
    "OpenAI": 0.3989484914242528,
    "DeepMind": 0.29484368797198834,
    "Meta_AI": 0.40618877983521406,
    "NovaMind": 0.4714733109675281
  },
  "active_funding": {
    "OpenAI": 30000000.0,
    "DeepMind": 15000000.0,
    "Meta_AI": 1666666.6666666667,
    "Anthropic": 1666666.6666666667,
    "NovaMind": 1666666.6666666667
  },
  "funding_history": [
    [
      0,
      {
        "Anthropic": 30000000.0,
        "OpenAI": 15000000.0,
        "DeepMind": 1666666.6666666667,
        "Meta_AI": 1666666.6666666667,
        "NovaMind": 1666666.6666666667
      }
    ],
    [
      1,
      {
        "Anthropic": 30000000.0,
        "OpenAI": 15000000.0,
        "DeepMind": 1666666.6666666667,
        "Meta_AI": 1666666.6666666667,
        "NovaMind": 1666666.6666666667
      }
    ],
    [
      2,
      {
        "NovaMind": 30000000.0,
        "OpenAI": 15000000.0,
        "Anthropic": 1666666.6666666667,
        "DeepMind": 1666666.6666666667,
        "Meta_AI": 1666666.6666666667
      }
    ],
    [
      3,
      {
        "NovaMind": 30000000.0,
        "OpenAI": 15000000.0,
        "Anthropic": 1666666.6666666667,
        "DeepMind": 1666666.6666666667,
        "Meta_AI": 1666666.6666666667
      }
    ],
    [
      4,
      {
        "OpenAI": 30000000.0,
        "DeepMind": 15000000.0,
        "Meta_AI": 1666666.6666666667,
        "NovaMind": 1666666.6666666667,
        "Anthropic": 1666666.6666666667
      }
    ],
    [
      5,
      {
        "OpenAI": 30000000.0,
        "DeepMind": 15000000.0,
        "Meta_AI": 1666666.6666666667,
        "NovaMind": 1666666.6666666667,
        "Anthropic": 1666666.6666666667
      }
    ],
    [
      6,
      {
        "OpenAI": 30000000.0,
        "DeepMind": 15000000.0,
        "Meta_AI": 1666666.6666666667,
        "NovaMind": 1666666.6666666667,
        "Anthropic": 1666666.6666666667
      }
    ],
    [
      7,
      {
        "OpenAI": 30000000.0,
        "DeepMind": 15000000.0,
        "Meta_AI": 1666666.6666666667,
        "NovaMind": 1666666.6666666667,
        "Anthropic": 1666666.6666666667
      }
    ],
    [
      8,
      {
        "OpenAI": 30000000.0,
        "NovaMind": 15000000.0,
        "Meta_AI": 1666666.6666666667,
        "Anthropic": 1666666.6666666667,
        "DeepMind": 1666666.6666666667
      }
    ],
    [
      9,
      {
        "OpenAI": 30000000.0,
        "NovaMind": 15000000.0,
        "Meta_AI": 1666666.6666666667,
        "Anthropic": 1666666.6666666667,
        "DeepMind": 1666666.6666666667
      }
    ],
    [
      10,
      {
        "OpenAI": 30000000.0,
        "Anthropic": 15000000.0,
        "NovaMind": 1666666.6666666667,
        "Meta_AI": 1666666.6666666667,
        "DeepMind": 1666666.6666666667
      }
    ],
    [
      11,
      {
        "OpenAI": 30000000.0,
        "Anthropic": 15000000.0,
        "NovaMind": 1666666.6666666667,
        "Meta_AI": 1666666.6666666667,
        "DeepMind": 1666666.6666666667
      }
    ],
    [
      12,
      {
        "Anthropic": 30000000.0,
        "OpenAI": 15000000.0,
        "Meta_AI": 1666666.6666666667,
        "DeepMind": 1666666.6666666667,
        "NovaMind": 1666666.6666666667
      }
    ],
    [
      13,
      {
        "Anthropic": 30000000.0,
        "OpenAI": 15000000.0,
        "Meta_AI": 1666666.6666666667,
        "DeepMind": 1666666.6666666667,
        "NovaMind": 1666666.6666666667
      }
    ],
    [
      14,
      {
        "OpenAI": 30000000.0,
        "Anthropic": 15000000.0,
        "Meta_AI": 1666666.6666666667,
        "DeepMind": 1666666.6666666667,
        "NovaMind": 1666666.6666666667
      }
    ],
    [
      15,
      {
        "OpenAI": 30000000.0,
        "Anthropic": 15000000.0,
        "Meta_AI": 1666666.6666666667,
        "DeepMind": 1666666.6666666667,
        "NovaMind": 1666666.6666666667
      }
    ],
    [
      16,
      {
        "OpenAI": 30000000.0,
        "Anthropic": 15000000.0,
        "Meta_AI": 1666666.6666666667,
        "DeepMind": 1666666.6666666667,
        "NovaMind": 1666666.6666666667
      }
    ],
    [
      17,
      {
        "OpenAI": 30000000.0,
        "Anthropic": 15000000.0,
        "Meta_AI": 1666666.6666666667,
        "DeepMind": 1666666.6666666667,
        "NovaMind": 1666666.6666666667
      }
    ],
    [
      18,
      {
        "Anthropic": 30000000.0,
        "OpenAI": 15000000.0,
        "DeepMind": 1666666.6666666667,
        "NovaMind": 1666666.6666666667,
        "Meta_AI": 1666666.6666666667
      }
    ],
    [
      19,
      {
        "Anthropic": 30000000.0,
        "OpenAI": 15000000.0,
        "DeepMind": 1666666.6666666667,
        "NovaMind": 1666666.6666666667,
        "Meta_AI": 1666666.6666666667
      }
    ],
    [
      20,
      {
        "OpenAI": 30000000.0,
        "Anthropic": 15000000.0,
        "DeepMind": 1666666.6666666667,
        "Meta_AI": 1666666.6666666667,
        "NovaMind": 1666666.6666666667
      }
    ],
    [
      21,
      {
        "OpenAI": 30000000.0,
        "Anthropic": 15000000.0,
        "DeepMind": 1666666.6666666667,
        "Meta_AI": 1666666.6666666667,
        "NovaMind": 1666666.6666666667
      }
    ],
    [
      22,
      {
        "OpenAI": 30000000.0,
        "DeepMind": 15000000.0,
        "Anthropic": 1666666.6666666667,
        "Meta_AI": 1666666.6666666667,
        "NovaMind": 1666666.6666666667
      }
    ],
    [
      23,
      {
        "OpenAI": 30000000.0,
        "DeepMind": 15000000.0,
        "Anthropic": 1666666.6666666667,
        "Meta_AI": 1666666.6666666667,
        "NovaMind": 1666666.6666666667
      }
    ],
    [
      24,
      {
        "OpenAI": 30000000.0,
        "NovaMind": 15000000.0,
        "DeepMind": 1666666.6666666667,
        "Meta_AI": 1666666.6666666667,
        "Anthropic": 1666666.6666666667
      }
    ],
    [
      25,
      {
        "OpenAI": 30000000.0,
        "NovaMind": 15000000.0,
        "DeepMind": 1666666.6666666667,
        "Meta_AI": 1666666.6666666667,
        "Anthropic": 1666666.6666666667
      }
    ],
    [
      26,
      {
        "OpenAI": 30000000.0,
        "NovaMind": 15000000.0,
        "DeepMind": 1666666.6666666667,
        "Anthropic": 1666666.6666666667,
        "Meta_AI": 1666666.6666666667
      }
    ],
    [
      27,
      {
        "OpenAI": 30000000.0,
        "NovaMind": 15000000.0,
        "DeepMind": 1666666.6666666667,
        "Anthropic": 1666666.6666666667,
        "Meta_AI": 1666666.6666666667
      }
    ],
    [
      28,
      {
        "OpenAI": 30000000.0,
        "DeepMind": 15000000.0,
        "Meta_AI": 1666666.6666666667,
        "Anthropic": 1666666.6666666667,
        "NovaMind": 1666666.6666666667
      }
    ],
    [
      29,
      {
        "OpenAI": 30000000.0,
        "DeepMind": 15000000.0,
        "Meta_AI": 1666666.6666666667,
        "Anthropic": 1666666.6666666667,
        "NovaMind": 1666666.6666666667
      }
    ]
  ],