{
  "use_cases": [
    "general"
  ],
  "budget": 100.0,
  "current_subscription": "Anthropic",
  "believed_model_quality": {
    "OpenAI": 0.5478088786185753,
    "Meta_AI": 0.47877233776854267,
    "DeepMind": 0.5514578262197766,
    "Anthropic": 0.5143719641435407,
    "NovaMind": 0.4502135382624308
  },
  "satisfaction_history": [],
  "subscription_history": [
    [
      0,
      "Anthropic"
    ],
    [
      1,
      "Anthropic"
    ],
    [
      2,
      "Anthropic"
    ],
    [
      3,
      "Anthropic"
    ],
    [
      4,
      "Anthropic"
    ]
  ],
  "switching_cost": 0.11894713590842858,
  "leaderboard_trust": 0.4740919412069738,
  "rounds_with_provider": 5
}