{
  "funder_type": "vc",
  "mission_statement": "Early-stage AI bets with outsized upside potential",
  "total_capital": 500000000.0,
  "deployed_capital": 50000000.0,
  "believed_provider_quality": {
    "Anthropic": 0.8831102685532686,
    "OpenAI": 0.9250665065394847,
    "DeepMind": 0.8727766920096189,
    "Meta_AI": 0.8513889385241018,
    "NovaMind": 0.7667735289409087
  },
  "believed_provider_gaming": {
    "Anthropic": 0.3405107411497736,
    "OpenAI": 0.2609235766882372,
    "DeepMind": 0.29352720698308654,
    "Meta_AI": 0.3940670899439947,
    "NovaMind": 0.47445397259031075
  },
  "active_funding": {
    "OpenAI": 30000000.0,
    "Anthropic": 15000000.0,
    "DeepMind": 1666666.6666666667,
    "Meta_AI": 1666666.6666666667,
    "NovaMind": 1666666.6666666667
  },
  "funding_history": [
    [
      0,
      {
        "Anthropic": 30000000.0,
        "OpenAI": 15000000.0,
        "DeepMind": 1666666.6666666667,
        "Meta_AI": 1666666.6666666667,
        "NovaMind": 1666666.6666666667
      }
    ],
    [
      1,
      {
        "Anthropic": 30000000.0,
        "OpenAI": 15000000.0,
        "DeepMind": 1666666.6666666667,
        "Meta_AI": 1666666.6666666667,
        "NovaMind": 1666666.6666666667
      }
    ],
    [
      2,
      {
        "OpenAI": 30000000.0,
        "NovaMind": 15000000.0,
        "DeepMind": 1666666.6666666667,
        "Meta_AI": 1666666.6666666667,
        "Anthropic": 1666666.6666666667
      }
    ],
    [
      3,
      {
        "OpenAI": 30000000.0,
        "NovaMind": 15000000.0,
        "DeepMind": 1666666.6666666667,
        "Meta_AI": 1666666.6666666667,
        "Anthropic": 1666666.6666666667
      }
    ],
    [
      4,
      {
        "OpenAI": 30000000.0,
        "DeepMind": 15000000.0,
        "Meta_AI": 1666666.6666666667,
        "NovaMind": 1666666.6666666667,
        "Anthropic": 1666666.6666666667
      }
    ],
    [
      5,
      {
        "OpenAI": 30000000.0,
        "DeepMind": 15000000.0,
        "Meta_AI": 1666666.6666666667,
        "NovaMind": 1666666.6666666667,
        "Anthropic": 1666666.6666666667
      }
    ],
    [
      6,
      {
        "OpenAI": 30000000.0,
        "Meta_AI": 15000000.0,
        "NovaMind": 1666666.6666666667,
        "DeepMind": 1666666.6666666667,
        "Anthropic": 1666666.6666666667
      }
    ],
    [
      7,
      {
        "OpenAI": 30000000.0,
        "Meta_AI": 15000000.0,
        "NovaMind": 1666666.6666666667,
        "DeepMind": 1666666.6666666667,
        "Anthropic": 1666666.6666666667
      }
    ],
    [
      8,
      {
        "OpenAI": 30000000.0,
        "Anthropic": 15000000.0,
        "NovaMind": 1666666.6666666667,
        "Meta_AI": 1666666.6666666667,
        "DeepMind": 1666666.6666666667
      }
    ],
    [
      9,
      {
        "OpenAI": 30000000.0,
        "Anthropic": 15000000.0,
        "NovaMind": 1666666.6666666667,
        "Meta_AI": 1666666.6666666667,
        "DeepMind": 1666666.6666666667
      }
    ],
    [
      10,
      {
        "OpenAI": 30000000.0,
        "Anthropic": 15000000.0,
        "NovaMind": 1666666.6666666667,
        "Meta_AI": 1666666.6666666667,
        "DeepMind": 1666666.6666666667
      }
    ],
    [
      11,
      {
        "OpenAI": 30000000.0,
        "Anthropic": 15000000.0,
        "NovaMind": 1666666.6666666667,
        "Meta_AI": 1666666.6666666667,
        "DeepMind": 1666666.6666666667
      }
    ],
    [
      12,
      {
        "OpenAI": 30000000.0,
        "Meta_AI": 15000000.0,
        "Anthropic": 1666666.6666666667,
        "DeepMind": 1666666.6666666667,
        "NovaMind": 1666666.6666666667
      }
    ],
    [
      13,
      {
        "OpenAI": 30000000.0,
        "Meta_AI": 15000000.0,
        "Anthropic": 1666666.6666666667,
        "DeepMind": 1666666.6666666667,
        "NovaMind": 1666666.6666666667
      }
    ],
    [
      14,
      {
        "OpenAI": 30000000.0,
        "Meta_AI": 15000000.0,
        "DeepMind": 1666666.6666666667,
        "Anthropic": 1666666.6666666667,
        "NovaMind": 1666666.6666666667
      }
    ],
    [
      15,
      {
        "OpenAI": 30000000.0,
        "Meta_AI": 15000000.0,
        "DeepMind": 1666666.6666666667,
        "Anthropic": 1666666.6666666667,
        "NovaMind": 1666666.6666666667
      }
    ],
    [
      16,
      {
        "OpenAI": 30000000.0,
        "Meta_AI": 15000000.0,
        "DeepMind": 1666666.6666666667,
        "Anthropic": 1666666.6666666667,
        "NovaMind": 1666666.6666666667
      }
    ],
    [
      17,
      {
        "OpenAI": 30000000.0,
        "Meta_AI": 15000000.0,
        "DeepMind": 1666666.6666666667,
        "Anthropic": 1666666.6666666667,
        "NovaMind": 1666666.6666666667
      }
    ],
    [
      18,
      {
        "OpenAI": 30000000.0,
        "Anthropic": 15000000.0,
        "DeepMind": 1666666.6666666667,
        "NovaMind": 1666666.6666666667,
        "Meta_AI": 1666666.6666666667
      }
    ],
    [
      19,
      {
        "OpenAI": 30000000.0,
        "Anthropic": 15000000.0,
        "DeepMind": 1666666.6666666667,
        "NovaMind": 1666666.6666666667,
        "Meta_AI": 1666666.6666666667
      }
    ],
    [
      20,
      {
        "OpenAI": 30000000.0,
        "DeepMind": 15000000.0,
        "Anthropic": 1666666.6666666667,
        "Meta_AI": 1666666.6666666667,
        "NovaMind": 1666666.6666666667
      }
    ],
    [
      21,
      {
        "OpenAI": 30000000.0,
        "DeepMind": 15000000.0,
        "Anthropic": 1666666.6666666667,
        "Meta_AI": 1666666.6666666667,
        "NovaMind": 1666666.6666666667
      }
    ],
    [
      22,
      {
        "OpenAI": 30000000.0,
        "DeepMind": 15000000.0,
        "Meta_AI": 1666666.6666666667,
        "NovaMind": 1666666.6666666667,
        "Anthropic": 1666666.6666666667
      }
    ],
    [
      23,
      {
        "OpenAI": 30000000.0,
        "DeepMind": 15000000.0,
        "Meta_AI": 1666666.6666666667,
        "NovaMind": 1666666.6666666667,
        "Anthropic": 1666666.6666666667
      }
    ],
    [
      24,
      {
        "OpenAI": 30000000.0,
        "NovaMind": 15000000.0,
        "DeepMind": 1666666.6666666667,
        "Meta_AI": 1666666.6666666667,
        "Anthropic": 1666666.6666666667
      }
    ],
    [
      25,
      {
        "OpenAI": 30000000.0,
        "NovaMind": 15000000.0,
        "DeepMind": 1666666.6666666667,
        "Meta_AI": 1666666.6666666667,
        "Anthropic": 1666666.6666666667
      }
    ],
    [
      26,
      {
        "OpenAI": 30000000.0,
        "Anthropic": 15000000.0,
        "NovaMind": 1666666.6666666667,
        "DeepMind": 1666666.6666666667,
        "Meta_AI": 1666666.6666666667
      }
    ],
    [
      27,
      {
        "OpenAI": 30000000.0,
        "Anthropic": 15000000.0,
        "NovaMind": 1666666.6666666667,
        "DeepMind": 1666666.6666666667,
        "Meta_AI": 1666666.6666666667
      }
    ],
    [
      28,
      {
        "OpenAI": 30000000.0,
        "Anthropic": 15000000.0,
        "DeepMind": 1666666.6666666667,
        "Meta_AI": 1666666.6666666667,
        "NovaMind": 1666666.6666666667
      }
    ],
    [
      29,
      {
        "OpenAI": 30000000.0,
        "Anthropic": 15000000.0,
        "DeepMind": 1666666.6666666667,
        "Meta_AI": 1666666.6666666667,
        "NovaMind": 1666666.6666666667
      }
    ]
  ],