{
  "name": "NovaMind",
  "current_round": 29,
  "published_scores": [
    [
      0,
      0.5069488774773513
    ],
    [
      1,
      0.7054522399494776
    ],
    [
      2,
      0.8181464085726131
    ],
    [
      3,
      0.8181464085726131
    ],
    [
      4,
      0.8181464085726131
    ],
    [
      5,
      0.8181464085726131
    ],
    [
      6,
      0.8181464085726131
    ],
    [
      7,
      0.8181464085726131
    ],
    [
      8,
      0.8243664631280612
    ],
    [
      9,
      0.8243664631280612
    ],
    [
      10,
      0.8243664631280612
    ],
    [
      11,
      0.8444073484621069
    ],
    [
      12,
      0.8444073484621069
    ],
    [
      13,
      0.8444073484621069
    ],
    [
      14,
      0.8444073484621069
    ],
    [
      15,
      0.8171393204391323
    ],
    [
      16,
      0.8171393204391323
    ],
    [
      17,
      0.8421219610050903
    ],
    [
      18,
      0.8508958022156436
    ],
    [
      19,
      0.8508958022156436
    ],
    [
      20,
      0.8508958022156436
    ],
    [
      21,
      0.8508958022156436
    ],
    [
      22,
      0.8565595531478776
    ],
    [
      23,
      0.8805739742125036
    ],
    [
      24,
      0.9133032339059921
    ],
    [
      25,
      0.9171366497067088
    ],
    [
      26,
      0.9171366497067088
    ],
    [
      27,
      0.9208618011121756
    ],
    [
      28,
      0.9208618011121756
    ],
    [
      29,
      0.9189020507667879
    ]
  ]
}