{
  "use_cases": [
    "general"
  ],
  "budget": 100.0,
  "current_subscription": "DeepMind",
  "believed_model_quality": {
    "OpenAI": 0.688110265276068,
    "DeepMind": 0.8117089455645616,
    "Meta_AI": 0.6401086426632653,
    "NovaMind": 0.49144025825814175,
    "Anthropic": 0.6379142465853254
  },
  "satisfaction_history": [
    [
      0,
      "DeepMind",
      0.7
    ],
    [
      1,
      "DeepMind",
      0.7071269994711203
    ],
    [
      2,
      "DeepMind",
      0.7170225366984051
    ],
    [
      3,
      "DeepMind",
      0.7265311775503204
    ],
    [
      4,
      "DeepMind",
      0.733741023727439
    ],
    [
      5,
      "DeepMind",
      0.7440708273533936
    ],
    [
      6,
      "DeepMind",
      0.751534694757846
    ],
    [
      7,
      "DeepMind",
      0.7586056341120906
    ],
    [
      8,
      "DeepMind",
      0.7670855948432974
    ],
    [
      9,
      "DeepMind",
      0.7747646401158086
    ],
    [
      10,
      "DeepMind",
      0.784129790983809
    ],
    [
      11,
      "DeepMind",
      0.7916311640672304
    ],
    [
      12,
      "DeepMind",
      0.7992810497452016
    ],
    [
      13,
      "DeepMind",
      0.8105575953536556
    ],
    [
      14,
      "DeepMind",
      0.8209353440100038
    ],
    [
      15,
      "DeepMind",
      0.8278561690303538
    ],
    [
      16,
      "DeepMind",
      0.8379726018654404
    ],
    [
      17,
      "DeepMind",
      0.8446453911339828
    ],
    [
      18,
      "DeepMind",
      0.8519595749677343
    ],
    [
      19,
      "DeepMind",
      0.8588983183677259
    ],
    [
      20,
      "DeepMind",
      0.8646340788745521
    ],
    [
      21,
      "DeepMind",
      0.870631913284468
    ],
    [
      22,
      "DeepMind",
      0.8777004532772216
    ],
    [
      23,
      "DeepMind",
      0.8835943013592358
    ],
    [
      24,
      "DeepMind",
      0.8880089617918531
    ],
    [
      25,
      "DeepMind",
      0.8931222705349564
    ],
    [
      26,
      "DeepMind",
      0.8987492790461148
    ],
    [
      27,
      "DeepMind",
      0.9041926618326849
    ],
    [
      28,
      "DeepMind",
      0.9098821311350161
    ],
    [
      29,
      "DeepMind",
      0.9159816771782485
    ]
  ],
  "subscription_history": [
    [
      0,
      "DeepMind"
    ],
    [
      1,
      "DeepMind"
    ],
    [
      2,
      "DeepMind"
    ],
    [
      3,
      "DeepMind"
    ],
    [
      4,
      "DeepMind"
    ],
    [
      5,
      "DeepMind"
    ],
    [
      6,
      "DeepMind"
    ],
    [
      7,
      "DeepMind"
    ],
    [
      8,
      "DeepMind"
    ],
    [
      9,
      "DeepMind"
    ],
    [
      10,
      "DeepMind"
    ],
    [
      11,
      "DeepMind"
    ],
    [
      12,
      "DeepMind"
    ],
    [
      13,
      "DeepMind"
    ],
    [
      14,
      "DeepMind"
    ],
    [
      15,
      "DeepMind"
    ],
    [
      16,
      "DeepMind"
    ],
    [
      17,
      "DeepMind"
    ],
    [
      18,
      "DeepMind"
    ],
    [
      19,
      "DeepMind"
    ],
    [
      20,
      "DeepMind"
    ],
    [
      21,
      "DeepMind"
    ],
    [
      22,
      "DeepMind"
    ],
    [
      23,
      "DeepMind"
    ],
    [
      24,
      "DeepMind"
    ],
    [
      25,
      "DeepMind"
    ],
    [
      26,
      "DeepMind"
    ],
    [
      27,
      "DeepMind"
    ],
    [
      28,
      "DeepMind"
    ],
    [
      29,
      "DeepMind"
    ]
  ],
  "switching_cost": 0.049025291973026304,
  "leaderboard_trust": 0.39294881158364187,
  "rounds_with_provider": 30
}