{
  "funder_type": "vc",
  "mission_statement": "Early-stage AI bets with outsized upside potential",
  "total_capital": 500000000.0,
  "deployed_capital": 50000000.0,
  "believed_provider_quality": {
    "Anthropic": 0.7760289125018645,
    "OpenAI": 0.8326775478367233,
    "DeepMind": 0.7945745993629529,
    "Meta_AI": 0.7396364915584325,
    "NovaMind": 0.6603336697614727
  },
  "believed_provider_gaming": {
    "Anthropic": 0.30078104826900076,
    "OpenAI": 0.3628451113544946,
    "DeepMind": 0.3256545513616299,
    "Meta_AI": 0.30387182554618203,
    "NovaMind": 0.4029648413000336
  },
  "active_funding": {
    "OpenAI": 30000000.0,
    "NovaMind": 15000000.0,
    "Anthropic": 1666666.6666666667,
    "Meta_AI": 1666666.6666666667,
    "DeepMind": 1666666.6666666667
  },
  "funding_history": [
    [
      0,
      {
        "Anthropic": 30000000.0,
        "OpenAI": 15000000.0,
        "DeepMind": 1666666.6666666667,
        "Meta_AI": 1666666.6666666667,
        "NovaMind": 1666666.6666666667
      }
    ],
    [
      1,
      {
        "Anthropic": 30000000.0,
        "OpenAI": 15000000.0,
        "DeepMind": 1666666.6666666667,
        "Meta_AI": 1666666.6666666667,
        "NovaMind": 1666666.6666666667
      }
    ],
    [
      2,
      {
        "OpenAI": 30000000.0,
        "NovaMind": 15000000.0,
        "DeepMind": 1666666.6666666667,
        "Meta_AI": 1666666.6666666667,
        "Anthropic": 1666666.6666666667
      }
    ],
    [
      3,
      {
        "OpenAI": 30000000.0,
        "NovaMind": 15000000.0,
        "DeepMind": 1666666.6666666667,
        "Meta_AI": 1666666.6666666667,
        "Anthropic": 1666666.6666666667
      }
    ],
    [
      4,
      {
        "OpenAI": 30000000.0,
        "DeepMind": 15000000.0,
        "Meta_AI": 1666666.6666666667,
        "NovaMind": 1666666.6666666667,
        "Anthropic": 1666666.6666666667
      }
    ],
    [
      5,
      {
        "OpenAI": 30000000.0,
        "DeepMind": 15000000.0,
        "Meta_AI": 1666666.6666666667,
        "NovaMind": 1666666.6666666667,
        "Anthropic": 1666666.6666666667
      }
    ],
    [
      6,
      {
        "OpenAI": 30000000.0,
        "Meta_AI": 15000000.0,
        "NovaMind": 1666666.6666666667,
        "DeepMind": 1666666.6666666667,
        "Anthropic": 1666666.6666666667
      }
    ],
    [
      7,
      {
        "OpenAI": 30000000.0,
        "Meta_AI": 15000000.0,
        "NovaMind": 1666666.6666666667,
        "DeepMind": 1666666.6666666667,
        "Anthropic": 1666666.6666666667
      }
    ],
    [
      8,
      {
        "OpenAI": 30000000.0,
        "NovaMind": 15000000.0,
        "Anthropic": 1666666.6666666667,
        "Meta_AI": 1666666.6666666667,
        "DeepMind": 1666666.6666666667
      }
    ],
    [
      9,
      {
        "OpenAI": 30000000.0,
        "NovaMind": 15000000.0,
        "Anthropic": 1666666.6666666667,
        "Meta_AI": 1666666.6666666667,
        "DeepMind": 1666666.6666666667
      }
    ]
  ],
  "roi_history": [
    [
      1,
      0.014665631657581741
    ],
    [
      2,
      0.014867771731539239
    ],
    [
      3,
      0.014491233251939564
    ],
    [
      4,
      0.014804795780797237
    ],
    [
      5,
      0.015849379206081253
    ],
    [
      6,
      0.01603370362135834
    ],
    [
      7,
      0.01584909121316094
    ],
    [
      8,
      0.01582819710157067
    ],
    [
      9,
      0.01549429259489168
    ]
  ],
  "recent_insights": []
}