{
  "name": "OpenAI",
  "current_round": 29,
  "published_scores": [
    [
      0,
      0.7342842792092661
    ],
    [
      1,
      0.7994745423353906
    ],
    [
      2,
      0.8892003961064565
    ],
    [
      3,
      0.8892003961064565
    ],
    [
      4,
      0.9400142086292647
    ],
    [
      5,
      0.9400142086292647
    ],
    [
      6,
      0.9400142086292647
    ],
    [
      7,
      0.829610297673728
    ],
    [
      8,
      0.8619855156484661
    ],
    [
      9,
      0.8619855156484661
    ],
    [
      10,
      0.8619855156484661
    ],
    [
      11,
      0.9473663676329092
    ],
    [
      12,
      0.9473663676329092
    ],
    [
      13,
      0.9649109117552728
    ],
    [
      14,
      0.9686905548113005
    ],
    [
      15,
      0.9940191202237525
    ],
    [
      16,
      0.9940191202237525
    ],
    [
      17,
      0.9940191202237525
    ],
    [
      18,
      0.9940191202237525
    ],
    [
      19,
      0.9955143401678144
    ],
    [
      20,
      0.9955143401678144
    ],
    [
      21,
      0.9955143401678144
    ],
    [
      22,
      0.9955143401678144
    ],
    [
      23,
      0.9955143401678144
    ],
    [
      24,
      0.9955143401678144
    ],
    [
      25,
      0.978214261050406
    ],
    [
      26,
      0.9964114721342515
    ],
    [
      27,
      0.9964114721342515
    ],
    [
      28,
      0.9964114721342515
    ],
    [
      29,
      0.9964114721342515
    ]
  ]
}