{
  "name": "OpenAI",
  "current_round": 29,
  "published_scores": [
    [
      0,
      0.7742842792092661
    ],
    [
      1,
      0.8708469396202394
    ],
    [
      2,
      0.9506617225593883
    ],
    [
      3,
      0.9506617225593883
    ],
    [
      4,
      0.9879662571859941
    ],
    [
      5,
      0.9879662571859941
    ],
    [
      6,
      0.9879662571859941
    ],
    [
      7,
      0.9879662571859941
    ],
    [
      8,
      0.8379670387619063
    ],
    [
      9,
      0.928586273196808
    ],
    [
      10,
      0.928586273196808
    ],
    [
      11,
      0.928586273196808
    ],
    [
      12,
      0.928586273196808
    ],
    [
      13,
      0.9486157274712932
    ],
    [
      14,
      0.9486157274712932
    ],
    [
      15,
      0.9036237018727696
    ],
    [
      16,
      0.9303528422091759
    ],
    [
      17,
      0.9303528422091759
    ],
    [
      18,
      0.964250347560618
    ],
    [
      19,
      0.9954446476563049
    ],
    [
      20,
      0.9954446476563049
    ],
    [
      21,
      0.9954446476563049
    ],
    [
      22,
      0.9965834857422287
    ],
    [
      23,
      0.9965834857422287
    ],
    [
      24,
      0.9965834857422287
    ],
    [
      25,
      0.9988798969348169
    ],
    [
      26,
      0.9988798969348169
    ],
    [
      27,
      0.9988798969348169
    ],
    [
      28,
      0.9988798969348169
    ],
    [
      29,
      0.9991039175478535
    ]
  ]
}