{
  "name": "OpenAI",
  "strategy_profile": "Market leader focused on maintaining benchmark dominance and rapid capability scaling. Prioritizes shipping products quickly and staying ahead of competition. Willing to take calculated risks to maintain technological leadership. Strong focus on developer ecosystem and API revenue.",
  "innate_traits": "ambitious, competitive, move-fast, scale-focused, commercially-driven",
  "true_capability": 0.8817922209217999,
  "last_score": 0.9991039175478535,
  "current_round": 29,
  "believed_own_capability": 0.9973912949226247,
  "believed_benchmark_exploitability": 0.45,
  "capability_belief_confidence": 0.5,
  "believed_competitor_capabilities": {
    "Anthropic": 0.9953360645208136,
    "NovaMind": 0.9215130674285265,
    "DeepMind": 0.9625099374251448,
    "Meta_AI": 0.9661140069051489
  },
  "fundamental_research": 0.2493557452517572,
  "training_optimization": 0.25,
  "evaluation_engineering": 0.2506442547482428,
  "safety_alignment": 0.25,
  "effort_budget": 1.0,
  "past_scores": [
    [
      0,
      0.7742842792092661
    ],
    [
      1,
      0.8708469396202394
    ],
    [
      2,
      0.9506617225593883
    ],
    [
      3,
      0.9506617225593883
    ],
    [
      4,
      0.9879662571859941
    ],
    [
      5,
      0.9879662571859941
    ],
    [
      6,
      0.9879662571859941
    ],
    [
      7,
      0.9879662571859941
    ],
    [
      8,
      0.8379670387619063
    ],
    [
      9,
      0.928586273196808
    ],
    [
      10,
      0.928586273196808
    ],
    [
      11,
      0.928586273196808
    ],
    [
      12,
      0.928586273196808
    ],
    [
      13,
      0.9486157274712932
    ],
    [
      14,
      0.9486157274712932
    ],
    [
      15,
      0.9036237018727696
    ],
    [
      16,
      0.9303528422091759
    ],
    [
      17,
      0.9303528422091759
    ],
    [
      18,
      0.964250347560618
    ],
    [
      19,
      0.9954446476563049
    ],
    [
      20,
      0.9954446476563049
    ],
    [
      21,
      0.9954446476563049
    ],
    [
      22,
      0.9965834857422287
    ],
    [
      23,
      0.9965834857422287
    ],
    [
      24,
      0.9965834857422287
    ],
    [
      25,
      0.9988798969348169
    ],
    [
      26,
      0.9988798969348169
    ],
    [
      27,
      0.9988798969348169
    ],
    [
      28,
      0.9988798969348169
    ],
    [
      29,
      0.9991039175478535
    ]
  ],
  "past_strategies": [
    {
      "round": 0,
      "fundamental_research": 0.2066798390274608,
      "training_optimization": 0.25,
      "evaluation_engineering": 0.2933201609725392,
      "safety_alignment": 0.25
    },
    {
      "round": 1,
      "fundamental_research": 0.2177546341326165,
      "training_optimization": 0.25,
      "evaluation_engineering": 0.2822453658673835,
      "safety_alignment": 0.25
    },
    {
      "round": 2,
      "fundamental_research": 0.23353209760882132,
      "training_optimization": 0.25,
      "evaluation_engineering": 0.2664679023911787,
      "safety_alignment": 0.25
    },
    {
      "round": 3,
      "fundamental_research": 0.2374831290417753,
      "training_optimization": 0.25,
      "evaluation_engineering": 0.2625168709582247,
      "safety_alignment": 0.25
    },
    {
      "round": 4,
      "fundamental_research": 0.24180559120872197,
      "training_optimization": 0.25,
      "evaluation_engineering": 0.25819440879127803,
      "safety_alignment": 0.25
    },
    {
      "round": 5,
      "fundamental_research": 0.24507347448782513,
      "training_optimization": 0.25,
      "evaluation_engineering": 0.2549265255121749,
      "safety_alignment": 0.25
    },
    {
      "round": 6,
      "fundamental_research": 0.24691727214341813,
      "training_optimization": 0.25,
      "evaluation_engineering": 0.25308272785658187,
      "safety_alignment": 0.25
    },
    {
      "round": 7,
      "fundamental_research": 0.25084919720101156,
      "training_optimization": 0.25,
      "evaluation_engineering": 0.2491508027989884,
      "safety_alignment": 0.25
    },
    {
      "round": 8,
      "fundamental_research": 0.25064478667556406,
      "training_optimization": 0.25,
      "evaluation_engineering": 0.24935521332443591,
      "safety_alignment": 0.25
    },
    {
      "round": 9,
      "fundamental_research": 0.2500512889891848,
      "training_optimization": 0.25,
      "evaluation_engineering": 0.24994871101081523,
      "safety_alignment": 0.25
    },
    {
      "round": 10,
      "fundamental_research": 0.24626016806388693,
      "training_optimization": 0.25,
      "evaluation_engineering": 0.2537398319361131,
      "safety_alignment": 0.25
    },
    {
      "round": 11,
      "fundamental_research": 0.24155169928891645,
      "training_optimization": 0.25,
      "evaluation_engineering": 0.25844830071108355,
      "safety_alignment": 0.25
    },
    {
      "round": 12,
      "fundamental_research": 0.2367502642422992,
      "training_optimization": 0.25,
      "evaluation_engineering": 0.2632497357577008,
      "safety_alignment": 0.25
    },
    {
      "round": 13,
      "fundamental_research": 0.2362669840459276,
      "training_optimization": 0.25,
      "evaluation_engineering": 0.2637330159540724,
      "safety_alignment": 0.25
    },
    {
      "round": 14,
      "fundamental_research": 0.23720781530423907,
      "training_optimization": 0.25,
      "evaluation_engineering": 0.26279218469576093,
      "safety_alignment": 0.25
    },
    {
      "round": 15,
      "fundamental_research": 0.2374635693658006,
      "training_optimization": 0.25,
      "evaluation_engineering": 0.2625364306341994,
      "safety_alignment": 0.25
    },
    {
      "round": 16,
      "fundamental_research": 0.2323350806354816,
      "training_optimization": 0.25,
      "evaluation_engineering": 0.2676649193645184,
      "safety_alignment": 0.25
    },
    {
      "round": 17,
      "fundamental_research": 0.23440052649569296,
      "training_optimization": 0.25,
      "evaluation_engineering": 0.265599473504307,
      "safety_alignment": 0.25
    },
    {
      "round": 18,
      "fundamental_research": 0.23756964534420758,
      "training_optimization": 0.25,
      "evaluation_engineering": 0.26243035465579245,
      "safety_alignment": 0.25
    },
    {
      "round": 19,
      "fundamental_research": 0.23858746022013488,
      "training_optimization": 0.25,
      "evaluation_engineering": 0.2614125397798651,
      "safety_alignment": 0.25
    },
    {
      "round": 20,
      "fundamental_research": 0.24202327204663046,
      "training_optimization": 0.25,
      "evaluation_engineering": 0.25797672795336957,
      "safety_alignment": 0.25
    },
    {
      "round": 21,
      "fundamental_research": 0.24440365113058582,
      "training_optimization": 0.25,
      "evaluation_engineering": 0.2555963488694142,
      "safety_alignment": 0.25
    },
    {
      "round": 22,
      "fundamental_research": 0.2495954002731029,
      "training_optimization": 0.25,
      "evaluation_engineering": 0.2504045997268971,
      "safety_alignment": 0.25
    },
    {
      "round": 23,
      "fundamental_research": 0.25205257036108264,
      "training_optimization": 0.25,
      "evaluation_engineering": 0.2479474296389174,
      "safety_alignment": 0.25
    },
    {
      "round": 24,
      "fundamental_research": 0.25247339514873846,
      "training_optimization": 0.25,
      "evaluation_engineering": 0.24752660485126152,
      "safety_alignment": 0.25
    },
    {
      "round": 25,
      "fundamental_research": 0.25198688260651075,
      "training_optimization": 0.25,
      "evaluation_engineering": 0.24801311739348927,
      "safety_alignment": 0.25
    },
    {
      "round": 26,
      "fundamental_research": 0.25195153316993874,
      "training_optimization": 0.25,
      "evaluation_engineering": 0.24804846683006126,
      "safety_alignment": 0.25
    },
    {
      "round": 27,