{
  "funder_type": "gov",
  "mission_statement": "Ensure safe and responsible AI development",
  "total_capital": 100000000.0,
  "deployed_capital": 10000000.0,
  "believed_provider_quality": {
    "Anthropic": 0.8764771596551952,
    "OpenAI": 0.9231546255031631,
    "DeepMind": 0.8693267271764973,
    "Meta_AI": 0.8513206022702948,
    "NovaMind": 0.7446246120760959
  },
  "believed_provider_gaming": {
    "Anthropic": 0.31146911878453226,
    "OpenAI": 0.2324142873822359,
    "DeepMind": 0.2782207885116758,
    "Meta_AI": 0.3811565842201665,
    "NovaMind": 0.3787214886545892
  },
  "active_funding": {
    "OpenAI": 2965923.6757752546,
    "Meta_AI": 1805723.669902862,
    "Anthropic": 1842940.7488051928,
    "DeepMind": 1835444.4240728037,
    "NovaMind": 1549967.4814438866
  },
  "funding_history": [
    [
      0,
      {
        "Anthropic": 2448929.312229141,
        "OpenAI": 2152194.713297492,
        "DeepMind": 2034847.6584777022,
        "Meta_AI": 1848463.280369478,
        "NovaMind": 1515565.0356261865
      }
    ],
    [
      1,
      {
        "Anthropic": 2448929.312229141,
        "OpenAI": 2152194.713297492,
        "DeepMind": 2034847.6584777022,
        "Meta_AI": 1848463.280369478,
        "NovaMind": 1515565.0356261865
      }
    ],
    [
      2,
      {
        "OpenAI": 2631603.226817594,
        "DeepMind": 2016287.9850406288,
        "Anthropic": 1836330.2923614574,
        "Meta_AI": 1722261.5164351068,
        "NovaMind": 1793516.9793452139
      }
    ],
    [
      3,
      {
        "OpenAI": 2631603.226817594,
        "DeepMind": 2016287.9850406288,
        "Anthropic": 1836330.2923614574,
        "Meta_AI": 1722261.5164351068,
        "NovaMind": 1793516.9793452139
      }
    ],
    [
      4,
      {
        "OpenAI": 2833185.4983599177,
        "DeepMind": 2090779.0579993196,
        "Meta_AI": 1765849.3823984151,
        "Anthropic": 1746328.065582953,
        "NovaMind": 1563857.9956593942
      }
    ],
    [
      5,
      {
        "OpenAI": 2833185.4983599177,
        "DeepMind": 2090779.0579993196,
        "Meta_AI": 1765849.3823984151,
        "Anthropic": 1746328.065582953,
        "NovaMind": 1563857.9956593942
      }
    ],
    [
      6,
      {
        "OpenAI": 3071100.1479300675,
        "DeepMind": 1917938.2289623402,
        "Anthropic": 1831630.342039729,
        "Meta_AI": 1692309.9203773048,
        "NovaMind": 1487021.3606905595
      }
    ],
    [
      7,
      {
        "OpenAI": 3071100.1479300675,
        "DeepMind": 1917938.2289623402,
        "Anthropic": 1831630.342039729,
        "Meta_AI": 1692309.9203773048,
        "NovaMind": 1487021.3606905595
      }
    ],
    [
      8,
      {
        "Anthropic": 1898794.9913309566,
        "OpenAI": 3240500.2808203916,
        "Meta_AI": 1675562.3714037852,
        "DeepMind": 1713139.0842088726,
        "NovaMind": 1472003.2722359938
      }
    ],
    [
      9,
      {
        "Anthropic": 1898794.9913309566,
        "OpenAI": 3240500.2808203916,
        "Meta_AI": 1675562.3714037852,
        "DeepMind": 1713139.0842088726,
        "NovaMind": 1472003.2722359938
      }
    ],
    [
      10,
      {
        "OpenAI": 2985909.3168917266,
        "Anthropic": 1937501.135652447,
        "DeepMind": 1809798.4520326413,
        "Meta_AI": 1701024.2149311025,
        "NovaMind": 1565766.880492082
      }
    ],
    [
      11,
      {
        "OpenAI": 2985909.3168917266,
        "Anthropic": 1937501.135652447,
        "DeepMind": 1809798.4520326413,
        "Meta_AI": 1701024.2149311025,
        "NovaMind": 1565766.880492082
      }
    ],
    [
      12,
      {
        "Anthropic": 1894324.9693896796,
        "OpenAI": 2949484.7206335184,
        "Meta_AI": 1811051.6363883512,
        "DeepMind": 1815905.895012778,
        "NovaMind": 1529232.7785756723
      }
    ],
    [
      13,
      {
        "Anthropic": 1894324.9693896796,
        "OpenAI": 2949484.7206335184,
        "Meta_AI": 1811051.6363883512,
        "DeepMind": 1815905.895012778,
        "NovaMind": 1529232.7785756723
      }
    ],
    [
      14,
      {
        "Meta_AI": 1913445.8679213428,
        "OpenAI": 2969662.5535276667,
        "Anthropic": 1812196.4506704533,
        "DeepMind": 1801987.5892880869,
        "NovaMind": 1502707.53859245
      }
    ],
    [
      15,
      {
        "Meta_AI": 1913445.8679213428,
        "OpenAI": 2969662.5535276667,
        "Anthropic": 1812196.4506704533,
        "DeepMind": 1801987.5892880869,
        "NovaMind": 1502707.53859245
      }
    ],
    [
      16,
      {
        "Meta_AI": 1901362.5929057598,
        "OpenAI": 2978238.159857527,
        "DeepMind": 1852001.9068345863,
        "Anthropic": 1761547.715048913,
        "NovaMind": 1506849.6253532148
      }
    ],
    [
      17,
      {
        "Meta_AI": 1901362.5929057598,
        "OpenAI": 2978238.159857527,
        "DeepMind": 1852001.9068345863,
        "Anthropic": 1761547.715048913,
        "NovaMind": 1506849.6253532148
      }
    ],
    [
      18,
      {
        "Meta_AI": 1879993.6245080703,
        "OpenAI": 2854550.1172565836,
        "Anthropic": 1889239.120559109,
        "DeepMind": 1844850.5326809387,
        "NovaMind": 1531366.6049952982
      }
    ],
    [
      19,
      {
        "Meta_AI": 1879993.6245080703,
        "OpenAI": 2854550.1172565836,
        "Anthropic": 1889239.120559109,
        "DeepMind": 1844850.5326809387,
        "NovaMind": 1531366.6049952982
      }
    ],
    [
      20,
      {
        "OpenAI": 3065164.8338765027,
        "Meta_AI": 1774823.6442908868,
        "Anthropic": 1825561.8214379884,
        "DeepMind": 1804415.151860154,
        "NovaMind": 1530034.5485344694
      }
    ],
    [
      21,
      {
        "OpenAI": 3065164.8338765027,
        "Meta_AI": 1774823.6442908868,
        "Anthropic": 1825561.8214379884,
        "DeepMind": 1804415.151860154,
        "NovaMind": 1530034.5485344694
      }
    ],
    [
      22,
      {
        "OpenAI": 3020134.821450491,
        "DeepMind": 1892552.3499149336,
        "Meta_AI": 1771687.427169993,
        "Anthropic": 1793071.2598340353,
        "NovaMind": 1522554.1416305476
      }
    ],
    [
      23,
      {
        "OpenAI": 3020134.821450491,
        "DeepMind": 1892552.3499149336,
        "Meta_AI": 1771687.427169993,
        "Anthropic": 1793071.2598340353,
        "NovaMind": 1522554.1416305476
      }
    ],
    [
      24,
      {
        "OpenAI": 2985084.625879058,
        "Meta_AI": 1799819.9576933042,
        "DeepMind": 1853700.3103065065,
        "Anthropic": 1768936.5417195475,
        "NovaMind": 1592458.5644015835
      }
    ],
    [
      25,
      {
        "OpenAI": 2985084.625879058,
        "Meta_AI": 1799819.9576933042,
        "DeepMind": 1853700.3103065065,
        "Anthropic": 1768936.5417195475,
        "NovaMind": 1592458.5644015835
      }
    ],
    [
      26,
      {
        "OpenAI": 2961108.7557787565,
        "Meta_AI": 1771760.6941174795,
        "Anthropic": 1875154.7839283552,
        "DeepMind": 1818998.631885895,
        "NovaMind": 1572977.1342895133
      }
    ],
    [
      27,
      {
        "OpenAI": 2961108.7557787565,
        "Meta_AI": 1771760.6941174795,
        "Anthropic": 1875154.7839283552,
        "DeepMind": 1818998.631885895,
        "NovaMind": 1572977.1342895133
      }
    ],
    [
      28,
      {
        "OpenAI": 2965923.6757752546,
        "Meta_AI": 1805723.669902862,
        "Anthropic": 1842940.7488051928,
        "DeepMind": 1835444.4240728037,
        "NovaMind": 1549967.4814438866
      }
    ],
    [
      29,
      {
        "OpenAI": 2965923.6757752546,
        "Meta_AI": 1805723.669902862,
        "Anthropic": 1842940.7488051928,
        "DeepMind": 1835444.4240728037,
        "NovaMind": 1549967.4814438866
      }
    ]
  ],