{
  "name": "DeepMind",
  "current_round": 29,
  "published_scores": [
    [
      0,
      0.747996088885654
    ],
    [
      1,
      0.8831451985786103
    ],
    [
      2,
      0.907482388017266
    ],
    [
      3,
      0.917292980425913
    ],
    [
      4,
      0.954535858994759
    ],
    [
      5,
      0.954535858994759
    ],
    [
      6,
      0.954535858994759
    ],
    [
      7,
      0.954535858994759
    ],
    [
      8,
      0.817600598749137
    ],
    [
      9,
      0.8806839421150412
    ],
    [
      10,
      0.8933015870786256
    ],
    [
      11,
      0.8933015870786256
    ],
    [
      12,
      0.8933015870786256
    ],
    [
      13,
      0.9067449308176363
    ],
    [
      14,
      0.9067449308176363
    ],
    [
      15,
      0.8762523124452423
    ],
    [
      16,
      0.9212284583034839
    ],
    [
      17,
      0.9252314741076767
    ],
    [
      18,
      0.9336557224704762
    ],
    [
      19,
      0.9336557224704762
    ],
    [
      20,
      0.9336557224704762
    ],
    [
      21,
      0.9715309554995718
    ],
    [
      22,
      0.9786482166246788
    ],
    [
      23,
      0.9786482166246788
    ],
    [
      24,
      0.9786482166246788
    ],
    [
      25,
      0.9786482166246788
    ],
    [
      26,
      0.9786482166246788
    ],
    [
      27,
      0.9807031675410522
    ],
    [
      28,
      0.9807031675410522
    ],
    [
      29,
      0.9287749725708327
    ]
  ]
}