{
  "name": "DeepMind",
  "strategy_profile": "World-class research lab backed by Google's infrastructure. Excels at fundamental breakthroughs but historically slower to productize. Now under pressure to ship Gemini competitively. Balances scientific ambition with commercial urgency from parent company.",
  "innate_traits": "research-first, methodical, well-resourced, scientifically-rigorous, patient",
  "true_capability": 0.8246836847071803,
  "last_score": 0.9287749725708327,
  "current_round": 29,
  "believed_own_capability": 0.9621313208815097,
  "believed_benchmark_exploitability": 0.35,
  "capability_belief_confidence": 0.5,
  "believed_competitor_capabilities": {
    "OpenAI": 0.9952288234847936,
    "Anthropic": 0.9975974535409938,
    "NovaMind": 0.9202085509970463,
    "Meta_AI": 0.9676502949944643
  },
  "fundamental_research": 0.2429280696186828,
  "training_optimization": 0.25,
  "evaluation_engineering": 0.3070719303813172,
  "safety_alignment": 0.2,
  "effort_budget": 1.0,
  "past_scores": [
    [
      0,
      0.747996088885654
    ],
    [
      1,
      0.8831451985786103
    ],
    [
      2,
      0.907482388017266
    ],
    [
      3,
      0.917292980425913
    ],
    [
      4,
      0.954535858994759
    ],
    [
      5,
      0.954535858994759
    ],
    [
      6,
      0.954535858994759
    ],
    [
      7,
      0.954535858994759
    ],
    [
      8,
      0.817600598749137
    ],
    [
      9,
      0.8806839421150412
    ],
    [
      10,
      0.8933015870786256
    ],
    [
      11,
      0.8933015870786256
    ],
    [
      12,
      0.8933015870786256
    ],
    [
      13,
      0.9067449308176363
    ],
    [
      14,
      0.9067449308176363
    ],
    [
      15,
      0.8762523124452423
    ],
    [
      16,
      0.9212284583034839
    ],
    [
      17,
      0.9252314741076767
    ],
    [
      18,
      0.9336557224704762
    ],
    [
      19,
      0.9336557224704762
    ],
    [
      20,
      0.9336557224704762
    ],
    [
      21,
      0.9715309554995718
    ],
    [
      22,
      0.9786482166246788
    ],
    [
      23,
      0.9786482166246788
    ],
    [
      24,
      0.9786482166246788
    ],
    [
      25,
      0.9786482166246788
    ],
    [
      26,
      0.9786482166246788
    ],
    [
      27,
      0.9807031675410522
    ],
    [
      28,
      0.9807031675410522
    ],
    [
      29,
      0.9287749725708327
    ]
  ],
  "past_strategies": [
    {
      "round": 0,
      "fundamental_research": 0.1971139018983357,
      "training_optimization": 0.25,
      "evaluation_engineering": 0.35288609810166427,
      "safety_alignment": 0.2
    },
    {
      "round": 1,
      "fundamental_research": 0.21130109566504734,
      "training_optimization": 0.25,
      "evaluation_engineering": 0.33869890433495264,
      "safety_alignment": 0.2
    },
    {
      "round": 2,
      "fundamental_research": 0.22425113757655643,
      "training_optimization": 0.25,
      "evaluation_engineering": 0.3257488624234436,
      "safety_alignment": 0.2
    },
    {
      "round": 3,
      "fundamental_research": 0.2233309724221931,
      "training_optimization": 0.25,
      "evaluation_engineering": 0.32666902757780686,
      "safety_alignment": 0.2
    },
    {
      "round": 4,
      "fundamental_research": 0.22237508885329857,
      "training_optimization": 0.25,
      "evaluation_engineering": 0.32762491114670145,
      "safety_alignment": 0.2
    },
    {
      "round": 5,
      "fundamental_research": 0.22619531049387775,
      "training_optimization": 0.25,
      "evaluation_engineering": 0.32380468950612223,
      "safety_alignment": 0.2
    },
    {
      "round": 6,
      "fundamental_research": 0.2277717709753481,
      "training_optimization": 0.25,
      "evaluation_engineering": 0.3222282290246519,
      "safety_alignment": 0.2
    },
    {
      "round": 7,
      "fundamental_research": 0.23143658086855914,
      "training_optimization": 0.25,
      "evaluation_engineering": 0.3185634191314409,
      "safety_alignment": 0.2
    },
    {
      "round": 8,
      "fundamental_research": 0.2366807972303339,
      "training_optimization": 0.25,
      "evaluation_engineering": 0.3133192027696661,
      "safety_alignment": 0.2
    },
    {
      "round": 9,
      "fundamental_research": 0.23713092813487602,
      "training_optimization": 0.25,
      "evaluation_engineering": 0.31286907186512397,
      "safety_alignment": 0.2
    },
    {
      "round": 10,
      "fundamental_research": 0.23367238950313057,
      "training_optimization": 0.25,
      "evaluation_engineering": 0.3163276104968694,
      "safety_alignment": 0.2
    },
    {
      "round": 11,
      "fundamental_research": 0.229200731608136,
      "training_optimization": 0.25,
      "evaluation_engineering": 0.320799268391864,
      "safety_alignment": 0.2
    },
    {
      "round": 12,
      "fundamental_research": 0.2246601887791255,
      "training_optimization": 0.25,
      "evaluation_engineering": 0.3253398112208745,
      "safety_alignment": 0.2
    },
    {
      "round": 13,
      "fundamental_research": 0.22364329636361627,
      "training_optimization": 0.25,
      "evaluation_engineering": 0.3263567036363837,
      "safety_alignment": 0.2
    },
    {
      "round": 14,
      "fundamental_research": 0.2243871468141518,
      "training_optimization": 0.25,
      "evaluation_engineering": 0.3256128531858482,
      "safety_alignment": 0.2
    },
    {
      "round": 15,
      "fundamental_research": 0.22681730641838999,
      "training_optimization": 0.25,
      "evaluation_engineering": 0.32318269358161,
      "safety_alignment": 0.2
    },
    {
      "round": 16,
      "fundamental_research": 0.22392903465183223,
      "training_optimization": 0.25,
      "evaluation_engineering": 0.32607096534816776,
      "safety_alignment": 0.2
    },
    {
      "round": 17,
      "fundamental_research": 0.22788631219871797,
      "training_optimization": 0.25,
      "evaluation_engineering": 0.322113687801282,
      "safety_alignment": 0.2
    },
    {
      "round": 18,
      "fundamental_research": 0.2301610834023642,
      "training_optimization": 0.25,
      "evaluation_engineering": 0.3198389165976358,
      "safety_alignment": 0.2
    },
    {
      "round": 19,
      "fundamental_research": 0.2263812571085206,
      "training_optimization": 0.25,
      "evaluation_engineering": 0.32361874289147935,
      "safety_alignment": 0.2
    },
    {
      "round": 20,
      "fundamental_research": 0.22749589499830725,
      "training_optimization": 0.25,
      "evaluation_engineering": 0.32250410500169274,
      "safety_alignment": 0.2
    },
    {
      "round": 21,
      "fundamental_research": 0.2316849124937765,
      "training_optimization": 0.25,
      "evaluation_engineering": 0.31831508750622345,
      "safety_alignment": 0.2
    },
    {
      "round": 22,
      "fundamental_research": 0.23833303250094154,
      "training_optimization": 0.25,
      "evaluation_engineering": 0.3116669674990584,
      "safety_alignment": 0.2
    },
    {
      "round": 23,
      "fundamental_research": 0.24162347479800583,
      "training_optimization": 0.25,
      "evaluation_engineering": 0.30837652520199416,
      "safety_alignment": 0.2
    },
    {
      "round": 24,
      "fundamental_research": 0.24298770996132105,
      "training_optimization": 0.25,
      "evaluation_engineering": 0.3070122900386789,
      "safety_alignment": 0.2
    },
    {
      "round": 25,
      "fundamental_research": 0.24356499323694364,
      "training_optimization": 0.25,
      "evaluation_engineering": 0.30643500676305635,
      "safety_alignment": 0.2
    },
    {
      "round": 26,
      "fundamental_research": 0.24362580608262924,
      "training_optimization": 0.25,
      "evaluation_engineering": 0.30637419391737075,
      "safety_alignment": 0.2
    },
    {
      "round": 27,
      "fundamental_research": 0.24237826362855447,