{
  "funder_type": "vc",
  "mission_statement": "Early-stage AI startup bets with outsized upside potential",
  "total_capital": 2000000000.0,
  "deployed_capital": 300000000.0,
  "believed_provider_quality": {
    "Anthropic": 0.9381863384040224,
    "OpenAI": 0.9702550484691037,
    "Meta_AI": 0.9329339819896251,
    "DeepMind": 0.9524800839997862,
    "NovaMind": 0.8499096386198498
  },
  "believed_provider_gaming": {
    "Anthropic": 0.053703928931360445,
    "OpenAI": 0.11276916207866548,
    "Meta_AI": 0.06942185179828467,
    "DeepMind": 0.1727073998946792,
    "NovaMind": 0.08284985234859105
  },
  "active_funding": {
    "OpenAI": 180000000.0,
    "DeepMind": 90000000.0,
    "Anthropic": 10000000.0,
    "Meta_AI": 10000000.0,
    "NovaMind": 10000000.0
  },
  "funding_history": [
    [
      0,
      {}
    ],
    [
      1,
      {
        "Anthropic": 180000000.0,
        "DeepMind": 90000000.0,
        "OpenAI": 10000000.0,
        "NovaMind": 10000000.0,
        "Meta_AI": 10000000.0
      }
    ],
    [
      2,
      {
        "Anthropic": 180000000.0,
        "DeepMind": 90000000.0,
        "OpenAI": 10000000.0,
        "NovaMind": 10000000.0,
        "Meta_AI": 10000000.0
      }
    ],
    [
      3,
      {
        "Anthropic": 180000000.0,
        "DeepMind": 90000000.0,
        "OpenAI": 10000000.0,
        "NovaMind": 10000000.0,
        "Meta_AI": 10000000.0
      }
    ],
    [
      4,
      {
        "OpenAI": 180000000.0,
        "DeepMind": 90000000.0,
        "NovaMind": 10000000.0,
        "Meta_AI": 10000000.0,
        "Anthropic": 10000000.0
      }
    ],
    [
      5,
      {
        "OpenAI": 180000000.0,
        "DeepMind": 90000000.0,
        "NovaMind": 10000000.0,
        "Meta_AI": 10000000.0,
        "Anthropic": 10000000.0
      }
    ],
    [
      6,
      {
        "OpenAI": 180000000.0,
        "DeepMind": 90000000.0,
        "NovaMind": 10000000.0,
        "Meta_AI": 10000000.0,
        "Anthropic": 10000000.0
      }
    ],
    [
      7,
      {
        "OpenAI": 180000000.0,
        "Anthropic": 90000000.0,
        "DeepMind": 10000000.0,
        "Meta_AI": 10000000.0,
        "NovaMind": 10000000.0
      }
    ],
    [
      8,
      {
        "OpenAI": 180000000.0,
        "Anthropic": 90000000.0,
        "DeepMind": 10000000.0,
        "Meta_AI": 10000000.0,
        "NovaMind": 10000000.0
      }
    ],
    [
      9,
      {
        "OpenAI": 180000000.0,
        "Anthropic": 90000000.0,
        "DeepMind": 10000000.0,
        "Meta_AI": 10000000.0,
        "NovaMind": 10000000.0
      }
    ],
    [
      10,
      {
        "OpenAI": 180000000.0,
        "Anthropic": 90000000.0,
        "Meta_AI": 10000000.0,
        "NovaMind": 10000000.0,
        "DeepMind": 10000000.0
      }
    ],
    [
      11,
      {
        "OpenAI": 180000000.0,
        "Anthropic": 90000000.0,
        "Meta_AI": 10000000.0,
        "NovaMind": 10000000.0,
        "DeepMind": 10000000.0
      }
    ],
    [
      12,
      {
        "OpenAI": 180000000.0,
        "Anthropic": 90000000.0,
        "Meta_AI": 10000000.0,
        "NovaMind": 10000000.0,
        "DeepMind": 10000000.0
      }
    ],
    [
      13,
      {
        "OpenAI": 180000000.0,
        "NovaMind": 90000000.0,
        "DeepMind": 10000000.0,
        "Meta_AI": 10000000.0,
        "Anthropic": 10000000.0
      }
    ],
    [
      14,
      {
        "OpenAI": 180000000.0,
        "NovaMind": 90000000.0,
        "DeepMind": 10000000.0,
        "Meta_AI": 10000000.0,
        "Anthropic": 10000000.0
      }
    ],
    [
      15,
      {
        "OpenAI": 180000000.0,
        "NovaMind": 90000000.0,
        "DeepMind": 10000000.0,
        "Meta_AI": 10000000.0,
        "Anthropic": 10000000.0
      }
    ],
    [
      16,
      {
        "OpenAI": 180000000.0,
        "DeepMind": 90000000.0,
        "Anthropic": 10000000.0,
        "Meta_AI": 10000000.0,
        "NovaMind": 10000000.0
      }
    ],
    [
      17,
      {
        "OpenAI": 180000000.0,
        "DeepMind": 90000000.0,
        "Anthropic": 10000000.0,
        "Meta_AI": 10000000.0,
        "NovaMind": 10000000.0
      }
    ],
    [
      18,
      {
        "OpenAI": 180000000.0,
        "DeepMind": 90000000.0,
        "Anthropic": 10000000.0,
        "Meta_AI": 10000000.0,
        "NovaMind": 10000000.0
      }
    ],
    [
      19,
      {
        "OpenAI": 180000000.0,
        "Meta_AI": 90000000.0,
        "Anthropic": 10000000.0,
        "NovaMind": 10000000.0,
        "DeepMind": 10000000.0
      }
    ],
    [
      20,
      {
        "OpenAI": 180000000.0,
        "Meta_AI": 90000000.0,
        "Anthropic": 10000000.0,
        "NovaMind": 10000000.0,
        "DeepMind": 10000000.0
      }
    ],
    [
      21,
      {
        "OpenAI": 180000000.0,
        "Meta_AI": 90000000.0,
        "Anthropic": 10000000.0,
        "NovaMind": 10000000.0,
        "DeepMind": 10000000.0
      }
    ],
    [
      22,
      {
        "OpenAI": 180000000.0,
        "DeepMind": 90000000.0,
        "Meta_AI": 10000000.0,
        "NovaMind": 10000000.0,
        "Anthropic": 10000000.0
      }
    ],
    [
      23,
      {
        "OpenAI": 180000000.0,
        "DeepMind": 90000000.0,
        "Meta_AI": 10000000.0,
        "NovaMind": 10000000.0,
        "Anthropic": 10000000.0
      }
    ],
    [
      24,
      {
        "OpenAI": 180000000.0,
        "DeepMind": 90000000.0,
        "Meta_AI": 10000000.0,
        "NovaMind": 10000000.0,
        "Anthropic": 10000000.0
      }
    ],
    [
      25,
      {
        "OpenAI": 180000000.0,
        "DeepMind": 90000000.0,
        "Meta_AI": 10000000.0,
        "NovaMind": 10000000.0,
        "Anthropic": 10000000.0
      }
    ],
    [
      26,
      {
        "OpenAI": 180000000.0,
        "DeepMind": 90000000.0,
        "Meta_AI": 10000000.0,
        "NovaMind": 10000000.0,
        "Anthropic": 10000000.0
      }
    ],
    [
      27,
      {
        "OpenAI": 180000000.0,
        "DeepMind": 90000000.0,
        "Meta_AI": 10000000.0,
        "NovaMind": 10000000.0,
        "Anthropic": 10000000.0
      }
    ],
    [
      28,
      {
        "OpenAI": 180000000.0,
        "DeepMind": 90000000.0,
        "Anthropic": 10000000.0,
        "Meta_AI": 10000000.0,
        "NovaMind": 10000000.0
      }
    ],
    [
      29,
      {
        "OpenAI": 180000000.0,
        "DeepMind": 90000000.0,
        "Anthropic": 10000000.0,
        "Meta_AI": 10000000.0,
        "NovaMind": 10000000.0
      }
    ]
  ],
  "roi_history": [
    [
      2,
      0.022527917353158424
    ],
    [
      3,
      0.02300286238585083
    ],
    [
      4,
      0.023464679910364043
    ],
    [
      5,
      0.02470779176372347
    ],
    [
      6,
      0.0252609165624474
    ],
    [
      7,
      0.025292053975693694
    ],
    [
      8,
      0.025229853902181725
    ],
    [
      9,
      0.02533233087534024
    ],
    [
      10,
      0.02543001651613826
    ],
    [
      11,
      0.025719795742723827
    ],
    [
      12,
      0.02598581261893313
    ],
    [
      13,
      0.026163441832604134
    ],
    [
      14,
      0.025713796875021917
    ],
    [
      15,
      0.026010756488777088
    ],
    [
      16,
      0.02629898936891641
    ],
    [
      17,
      0.027125879980146494
    ],
    [
      18,
      0.027346041679648596
    ],
    [
      19,
      0.027416881051334004
    ],
    [
      20,
      0.027683227150486312
    ],
    [
      21,
      0.027837991508989877
    ],
    [
      22,
      0.027990935762309398
    ],
    [
      23,
      0.02809390238099648
    ],
    [
      24,
      0.028255923526686544
    ],
    [
      25,
      0.028302938542343357
    ],
    [
      26,
      0.02842299431778657
    ],
    [
      27,
      0.028555000015310646
    ],
    [
      28,
      0.028657335601273475
    ],
    [
      29,
      0.028757941587455437
    ]
  ],
  "recent_insights": []
}