{
  "name": "Meta_AI",
  "current_round": 19,
  "published_scores": [
    [
      0,
      0.551283744379051
    ],
    [
      1,
      0.47830369614000223
    ],
    [
      2,
      0.42688259145396457
    ],
    [
      3,
      0.4882209404178771
    ],
    [
      4,
      0.4410237045961786
    ],
    [
      5,
      0.4530497166149964
    ],
    [
      6,
      0.49698434459769736
    ],
    [
      7,
      0.44232495633452606
    ],
    [
      8,
      0.43445606537196085
    ],
    [
      9,
      0.526888810824012
    ],
    [
      10,
      0.5202337086295855
    ],
    [
      11,
      0.5676320473324057
    ],
    [
      12,
      0.6060733264154461
    ],
    [
      13,
      0.5315316296164333
    ],
    [
      14,
      0.5351506526118791
    ],
    [
      15,
      0.6677816160355379
    ],
    [
      16,
      0.5419109132755979
    ],
    [
      17,
      0.5553977615911331
    ],
    [
      18,
      0.6123793409720326
    ],
    [
      19,
      0.4809331451245457
    ]
  ]
}