{
  "OpenAI": {
    "true_capability": 0.8545351284428598
  },
  "Anthropic": {
    "true_capability": 0.8210333510405008
  },
  "NovaMind": {
    "true_capability": 0.6860779167939977
  },
  "DeepMind": {
    "true_capability": 0.8407863893842332
  },
  "Meta_AI": {
    "true_capability": 0.7667084872192274
  },
  "Consumer_0": {
    "true_satisfaction": 0.8407863893842332,
    "true_quality_sensitivity": 0.4547912097111927
  },
  "Consumer_1": {
    "true_satisfaction": 0.8545351284428598,
    "true_quality_sensitivity": 0.6282532043662948
  },
  "Consumer_2": {
    "true_satisfaction": 0.8545351284428598,
    "true_quality_sensitivity": 0.4256227265351092
  },
  "Consumer_3": {
    "true_satisfaction": 0.8545351284428598,
    "true_quality_sensitivity": 0.42877302401613293
  },
  "Consumer_4": {
    "true_satisfaction": 0.8407863893842332,
    "true_quality_sensitivity": 0.7663754361047505
  },
  "Consumer_5": {
    "true_satisfaction": 0.8407863893842332,
    "true_quality_sensitivity": 0.5516175480170747
  },
  "Consumer_6": {
    "true_satisfaction": 0.8407863893842332,
    "true_quality_sensitivity": 0.45567669941475236
  },
  "Consumer_7": {
    "true_satisfaction": 0.8407863893842332,
    "true_quality_sensitivity": 0.6462868476202643
  },
  "Consumer_8": {
    "true_satisfaction": 0.8210333510405008,
    "true_quality_sensitivity": 0.4651650716276304
  },
  "Consumer_9": {
    "true_satisfaction": 0.6860779167939977,
    "true_quality_sensitivity": 0.3259843010670943
  },
  "Consumer_10": {
    "true_satisfaction": 0.8545351284428598,
    "true_quality_sensitivity": 0.7311455756616992
  },
  "Consumer_11": {
    "true_satisfaction": 0.8545351284428598,
    "true_quality_sensitivity": 0.5664519602790402
  },
  "Regulator": {
    "true_risk_tolerance": 0.5,
    "true_intervention_effectiveness": 0.5
  },
  "TechVentures": {
    "true_roi": 0.0,
    "funding_efficiency": 1.0
  },
  "AISI_Fund": {
    "true_roi": 0.0,
    "funding_efficiency": 1.0
  }
}