{
  "funder_type": "vc",
  "mission_statement": "Early-stage AI startup bets with outsized upside potential",
  "total_capital": 2000000000.0,
  "deployed_capital": 300000000.0,
  "believed_provider_quality": {
    "Anthropic": 0.943061262912217,
    "OpenAI": 0.9779473214304752,
    "Meta_AI": 0.9403273577450759,
    "DeepMind": 0.9580113264739973,
    "NovaMind": 0.8476776538624098
  },
  "believed_provider_gaming": {
    "Anthropic": 0.028039825653113887,
    "OpenAI": 0.15475802464793134,
    "Meta_AI": 0.060224436600498685,
    "DeepMind": 0.18249836892919932,
    "NovaMind": 0.06062319342521638
  },
  "active_funding": {
    "OpenAI": 180000000.0,
    "DeepMind": 90000000.0,
    "Anthropic": 30000000.0
  },
  "funding_history": [
    [
      0,
      {}
    ],
    [
      1,
      {
        "OpenAI": 254237288.1355932,
        "DeepMind": 30508474.576271188,
        "Anthropic": 10169491.525423728,
        "Meta_AI": 5084745.762711864,
        "NovaMind": 0.0
      }
    ],
    [
      2,
      {
        "OpenAI": 254237288.1355932,
        "DeepMind": 30508474.576271188,
        "Anthropic": 10169491.525423728,
        "Meta_AI": 5084745.762711864,
        "NovaMind": 0.0
      }
    ],
    [
      3,
      {
        "OpenAI": 254237288.1355932,
        "DeepMind": 30508474.576271188,
        "Anthropic": 10169491.525423728,
        "Meta_AI": 5084745.762711864,
        "NovaMind": 0.0
      }
    ],
    [
      4,
      {
        "OpenAI": 60000000.0,
        "DeepMind": 60000000.0,
        "Anthropic": 60000000.0,
        "Meta_AI": 60000000.0,
        "NovaMind": 60000000.0
      }
    ],
    [
      5,
      {
        "OpenAI": 60000000.0,
        "DeepMind": 60000000.0,
        "Anthropic": 60000000.0,
        "Meta_AI": 60000000.0,
        "NovaMind": 60000000.0
      }
    ],
    [
      6,
      {
        "OpenAI": 60000000.0,
        "DeepMind": 60000000.0,
        "Anthropic": 60000000.0,
        "Meta_AI": 60000000.0,
        "NovaMind": 60000000.0
      }
    ],
    [
      7,
      {
        "OpenAI": 60000000.0,
        "Anthropic": 60000000.0,
        "DeepMind": 60000000.0,
        "Meta_AI": 60000000.0,
        "NovaMind": 60000000.0
      }
    ],
    [
      8,
      {
        "OpenAI": 60000000.0,
        "Anthropic": 60000000.0,
        "DeepMind": 60000000.0,
        "Meta_AI": 60000000.0,
        "NovaMind": 60000000.0
      }
    ],
    [
      9,
      {
        "OpenAI": 60000000.0,
        "Anthropic": 60000000.0,
        "DeepMind": 60000000.0,
        "Meta_AI": 60000000.0,
        "NovaMind": 60000000.0
      }
    ],
    [
      10,
      {
        "OpenAI": 54545454.54545455,
        "Anthropic": 122727272.72727273,
        "Meta_AI": 81818181.81818181,
        "DeepMind": 40909090.90909091,
        "NovaMind": 0.0
      }
    ],
    [
      11,
      {
        "OpenAI": 54545454.54545455,
        "Anthropic": 122727272.72727273,
        "Meta_AI": 81818181.81818181,
        "DeepMind": 40909090.90909091,
        "NovaMind": 0.0
      }
    ],
    [
      12,
      {
        "OpenAI": 54545454.54545455,
        "Anthropic": 122727272.72727273,
        "Meta_AI": 81818181.81818181,
        "DeepMind": 40909090.90909091,
        "NovaMind": 0.0
      }
    ],
    [
      13,
      {
        "OpenAI": 180000000.0,
        "Anthropic": 90000000.0,
        "DeepMind": 30000000.0
      }
    ],
    [
      14,
      {
        "OpenAI": 180000000.0,
        "Anthropic": 90000000.0,
        "DeepMind": 30000000.0
      }
    ],
    [
      15,
      {
        "OpenAI": 180000000.0,
        "Anthropic": 90000000.0,
        "DeepMind": 30000000.0
      }
    ],
    [
      16,
      {
        "OpenAI": 248275862.06896552,
        "DeepMind": 31034482.75862069,
        "Anthropic": 20689655.172413792
      }
    ],
    [
      17,
      {
        "OpenAI": 248275862.06896552,
        "DeepMind": 31034482.75862069,
        "Anthropic": 20689655.172413792
      }
    ],
    [
      18,
      {
        "OpenAI": 248275862.06896552,
        "DeepMind": 31034482.75862069,
        "Anthropic": 20689655.172413792
      }
    ],
    [
      19,
      {
        "OpenAI": 60000000.0,
        "Anthropic": 60000000.0,
        "Meta_AI": 60000000.0,
        "DeepMind": 60000000.0,
        "NovaMind": 60000000.0
      }
    ],
    [
      20,
      {
        "OpenAI": 60000000.0,
        "Anthropic": 60000000.0,
        "Meta_AI": 60000000.0,
        "DeepMind": 60000000.0,
        "NovaMind": 60000000.0
      }
    ],
    [
      21,
      {
        "OpenAI": 60000000.0,
        "Anthropic": 60000000.0,
        "Meta_AI": 60000000.0,
        "DeepMind": 60000000.0,
        "NovaMind": 60000000.0
      }
    ],
    [
      22,
      {
        "OpenAI": 114285714.28571428,
        "DeepMind": 85714285.71428572,
        "Anthropic": 57142857.14285714,
        "Meta_AI": 28571428.57142857,
        "NovaMind": 14285714.285714285
      }
    ],
    [
      23,
      {
        "OpenAI": 114285714.28571428,
        "DeepMind": 85714285.71428572,
        "Anthropic": 57142857.14285714,
        "Meta_AI": 28571428.57142857,
        "NovaMind": 14285714.285714285
      }
    ],
    [
      24,
      {
        "OpenAI": 114285714.28571428,
        "DeepMind": 85714285.71428572,
        "Anthropic": 57142857.14285714,
        "Meta_AI": 28571428.57142857,
        "NovaMind": 14285714.285714285
      }
    ],
    [
      25,
      {
        "OpenAI": 218181818.1818182,
        "DeepMind": 81818181.81818181,
        "Meta_AI": 0.0,
        "Anthropic": 0.0,
        "NovaMind": 0.0
      }
    ],
    [
      26,
      {
        "OpenAI": 218181818.1818182,
        "DeepMind": 81818181.81818181,
        "Meta_AI": 0.0,
        "Anthropic": 0.0,
        "NovaMind": 0.0
      }
    ],
    [
      27,
      {
        "OpenAI": 218181818.1818182,
        "DeepMind": 81818181.81818181,
        "Meta_AI": 0.0,
        "Anthropic": 0.0,
        "NovaMind": 0.0
      }
    ],
    [
      28,
      {
        "OpenAI": 180000000.0,
        "DeepMind": 90000000.0,
        "Anthropic": 30000000.0
      }
    ],
    [
      29,
      {
        "OpenAI": 180000000.0,
        "DeepMind": 90000000.0,
        "Anthropic": 30000000.0
      }
    ]
  ],
  "roi_history": [
    [
      2,
      0.02278629081890613
    ],
    [
      3,
      0.023368470781861654
    ],
    [
      4,
      0.024062207710281634
    ],
    [
      5,
      0.02281159197140376
    ],
    [
      6,
      0.023181221639676113
    ],
    [
      7,
      0.02325745390554837
    ],
    [
      8,
      0.02336490362705763
    ],
    [
      9,
      0.023537019550837424
    ],
    [
      10,
      0.023731830637984317
    ],
    [
      11,
      0.024730395320654998
    ],
    [
      12,
      0.025047936109364115
    ],
    [
      13,
      0.025163325562313453
    ],
    [
      14,
      0.043648220658671355
    ],
    [
      15,
      0.04421388136913973
    ],
    [
      16,
      0.04480630828478507
    ],
    [
      17,
      0.04609941256426204
    ],
    [
      18,
      0.04653998331427168
    ],
    [
      19,
      0.04684418952406017
    ],
    [
      20,
      0.026438496701534496
    ],
    [
      21,
      0.026648723282419583
    ],
    [
      22,
      0.02686864992433906
    ],
    [
      23,
      0.027806920868508982
    ],
    [
      24,
      0.028009832186354916
    ],
    [
      25,
      0.028105384393733206
    ],
    [
      26,
      0.028843851777876323
    ],
    [
      27,
      0.028983944317457384
    ],
    [
      28,
      0.029087451838213107
    ],
    [
      29,
      0.04842389585458529
    ]
  ],
  "recent_insights": []
}