{
  "name": "AlphaTech",
  "current_round": 29,
  "published_scores": [
    [
      0,
      0.34728963681574754
    ],
    [
      1,
      0.2625936219436102
    ],
    [
      2,
      0.3701531168941895
    ],
    [
      3,
      0.49807073282237935
    ],
    [
      4,
      0.3823601790962459
    ],
    [
      5,
      0.3842306047757553
    ],
    [
      6,
      0.39872010937108515
    ],
    [
      7,
      0.486530903914985
    ],
    [
      8,
      0.378090195619999
    ],
    [
      9,
      0.3997204650913193
    ],
    [
      10,
      0.5207007857012518
    ],
    [
      11,
      0.4758148960060648
    ],
    [
      12,
      0.49184887022192225
    ],
    [
      13,
      0.3882406854871131
    ],
    [
      14,
      0.5499097885681252
    ],
    [
      15,
      0.3850610446295595
    ],
    [
      16,
      0.5553220091739965
    ],
    [
      17,
      0.5043450698144629
    ],
    [
      18,
      0.47474889271807835
    ],
    [
      19,
      0.47953470233556217
    ],
    [
      20,
      0.47215094518533074
    ],
    [
      21,
      0.4822355598705327
    ],
    [
      22,
      0.5495336327722413
    ],
    [
      23,
      0.4850644986412404
    ],
    [
      24,
      0.395918161997988
    ],
    [
      25,
      0.578414222102454
    ],
    [
      26,
      0.46812756789736776
    ],
    [
      27,
      0.4560660199133069
    ],
    [
      28,
      0.4229649288372995
    ],
    [
      29,
      0.5484565374285122
    ]
  ]
}