{
  "name": "OpenAI",
  "current_round": 29,
  "published_scores": [
    [
      0,
      0.7342842792092661
    ],
    [
      1,
      0.8140185409119209
    ],
    [
      2,
      0.9122258486633159
    ],
    [
      3,
      0.9122258486633159
    ],
    [
      4,
      0.9534408355331843
    ],
    [
      5,
      0.9534408355331843
    ],
    [
      6,
      0.9534408355331843
    ],
    [
      7,
      0.8344175486120918
    ],
    [
      8,
      0.8720617971473033
    ],
    [
      9,
      0.8720617971473033
    ],
    [
      10,
      0.8755840088191446
    ],
    [
      11,
      0.9531295231070845
    ],
    [
      12,
      0.9531295231070845
    ],
    [
      13,
      0.9681713559107843
    ],
    [
      14,
      0.9691238476400357
    ],
    [
      15,
      0.9894428781959653
    ],
    [
      16,
      0.9894428781959653
    ],
    [
      17,
      0.9894428781959653
    ],
    [
      18,
      0.9894428781959653
    ],
    [
      19,
      0.992082158646974
    ],
    [
      20,
      0.992082158646974
    ],
    [
      21,
      0.992082158646974
    ],
    [
      22,
      0.992082158646974
    ],
    [
      23,
      0.992082158646974
    ],
    [
      24,
      0.992082158646974
    ],
    [
      25,
      0.967940555714829
    ],
    [
      26,
      0.9936657269175793
    ],
    [
      27,
      0.9936657269175793
    ],
    [
      28,
      0.9936657269175793
    ],
    [
      29,
      0.9936657269175793
    ]
  ]
}