{
  "name": "OpenAI",
  "current_round": 29,
  "published_scores": [
    [
      0,
      0.7585695452716736
    ],
    [
      1,
      0.8524529849391851
    ],
    [
      2,
      0.9402660616083918
    ],
    [
      3,
      0.9402660616083918
    ],
    [
      4,
      0.9812937379345438
    ],
    [
      5,
      0.9812937379345438
    ],
    [
      6,
      0.9812937379345438
    ],
    [
      7,
      0.9812937379345438
    ],
    [
      8,
      0.8492166834799442
    ],
    [
      9,
      0.9240661016319877
    ],
    [
      10,
      0.9240661016319877
    ],
    [
      11,
      0.9247876756361774
    ],
    [
      12,
      0.9247876756361774
    ],
    [
      13,
      0.9428526232044863
    ],
    [
      14,
      0.9428526232044863
    ],
    [
      15,
      0.9023623202695162
    ],
    [
      16,
      0.9296477574868133
    ],
    [
      17,
      0.9296477574868133
    ],
    [
      18,
      0.9630432922852781
    ],
    [
      19,
      0.9897865639167226
    ],
    [
      20,
      0.9897865639167226
    ],
    [
      21,
      0.9897865639167226
    ],
    [
      22,
      0.9797784628549849
    ],
    [
      23,
      0.9797784628549849
    ],
    [
      24,
      0.9797784628549849
    ],
    [
      25,
      0.987438539917443
    ],
    [
      26,
      0.9948085799781998
    ],
    [
      27,
      0.9948085799781998
    ],
    [
      28,
      0.9948085799781998
    ],
    [
      29,
      1.0
    ]
  ]
}