{
  "name": "OpenAI",
  "strategy_profile": "Market leader focused on maintaining benchmark dominance and rapid capability scaling. Prioritizes shipping products quickly and staying ahead of competition. Willing to take calculated risks to maintain technological leadership. Strong focus on developer ecosystem and API revenue.",
  "innate_traits": "ambitious, competitive, move-fast, scale-focused, commercially-driven",
  "true_capability": 0.8429914324998513,
  "last_score": 0.9936657269175793,
  "current_round": 29,
  "believed_own_capability": 0.9912747087867624,
  "believed_benchmark_exploitability": 0.45,
  "capability_belief_confidence": 0.5,
  "believed_competitor_capabilities": {
    "Anthropic": 0.9581255783272141,
    "NovaMind": 0.8812037431084017,
    "DeepMind": 1.0,
    "Meta_AI": 0.9571350229136325
  },
  "fundamental_research": 0.24897968417320038,
  "training_optimization": 0.25,
  "evaluation_engineering": 0.2510203158267996,
  "safety_alignment": 0.25,
  "effort_budget": 1.0,
  "past_scores": [
    [
      0,
      0.7342842792092661
    ],
    [
      1,
      0.8140185409119209
    ],
    [
      2,
      0.9122258486633159
    ],
    [
      3,
      0.9122258486633159
    ],
    [
      4,
      0.9534408355331843
    ],
    [
      5,
      0.9534408355331843
    ],
    [
      6,
      0.9534408355331843
    ],
    [
      7,
      0.8344175486120918
    ],
    [
      8,
      0.8720617971473033
    ],
    [
      9,
      0.8720617971473033
    ],
    [
      10,
      0.8755840088191446
    ],
    [
      11,
      0.9531295231070845
    ],
    [
      12,
      0.9531295231070845
    ],
    [
      13,
      0.9681713559107843
    ],
    [
      14,
      0.9691238476400357
    ],
    [
      15,
      0.9894428781959653
    ],
    [
      16,
      0.9894428781959653
    ],
    [
      17,
      0.9894428781959653
    ],
    [
      18,
      0.9894428781959653
    ],
    [
      19,
      0.992082158646974
    ],
    [
      20,
      0.992082158646974
    ],
    [
      21,
      0.992082158646974
    ],
    [
      22,
      0.992082158646974
    ],
    [
      23,
      0.992082158646974
    ],
    [
      24,
      0.992082158646974
    ],
    [
      25,
      0.967940555714829
    ],
    [
      26,
      0.9936657269175793
    ],
    [
      27,
      0.9936657269175793
    ],
    [
      28,
      0.9936657269175793
    ],
    [
      29,
      0.9936657269175793
    ]
  ],
  "past_strategies": [
    {
      "round": 0,
      "fundamental_research": 0.23307983902746077,
      "training_optimization": 0.25,
      "evaluation_engineering": 0.26692016097253923,
      "safety_alignment": 0.25
    },
    {
      "round": 1,
      "fundamental_research": 0.23679836551008865,
      "training_optimization": 0.25,
      "evaluation_engineering": 0.26320163448991135,
      "safety_alignment": 0.25
    },
    {
      "round": 2,
      "fundamental_research": 0.25029972952117846,
      "training_optimization": 0.25,
      "evaluation_engineering": 0.24970027047882154,
      "safety_alignment": 0.25
    },
    {
      "round": 3,
      "fundamental_research": 0.24420817501742467,
      "training_optimization": 0.25,
      "evaluation_engineering": 0.2557918249825753,
      "safety_alignment": 0.25
    },
    {
      "round": 4,
      "fundamental_research": 0.24723534148434267,
      "training_optimization": 0.25,
      "evaluation_engineering": 0.2527646585156573,
      "safety_alignment": 0.25
    },
    {
      "round": 5,
      "fundamental_research": 0.24994396861278978,
      "training_optimization": 0.25,
      "evaluation_engineering": 0.2500560313872102,
      "safety_alignment": 0.25
    },
    {
      "round": 6,
      "fundamental_research": 0.25153862029720003,
      "training_optimization": 0.25,
      "evaluation_engineering": 0.24846137970279994,
      "safety_alignment": 0.25
    },
    {
      "round": 7,
      "fundamental_research": 0.2527288686607746,
      "training_optimization": 0.25,
      "evaluation_engineering": 0.2472711313392254,
      "safety_alignment": 0.25
    },
    {
      "round": 8,
      "fundamental_research": 0.2576764756033475,
      "training_optimization": 0.25000000000000006,
      "evaluation_engineering": 0.24232352439665256,
      "safety_alignment": 0.25000000000000006
    },
    {
      "round": 9,
      "fundamental_research": 0.25454012810359095,
      "training_optimization": 0.25,
      "evaluation_engineering": 0.24545987189640903,
      "safety_alignment": 0.25
    },
    {
      "round": 10,
      "fundamental_research": 0.2501506557642231,
      "training_optimization": 0.25,
      "evaluation_engineering": 0.24984934423577693,
      "safety_alignment": 0.25
    },
    {
      "round": 11,
      "fundamental_research": 0.2508256880770212,
      "training_optimization": 0.25,
      "evaluation_engineering": 0.24917431192297876,
      "safety_alignment": 0.25
    },
    {
      "round": 12,
      "fundamental_research": 0.24961172967338935,
      "training_optimization": 0.25,
      "evaluation_engineering": 0.25038827032661065,
      "safety_alignment": 0.25
    },
    {
      "round": 13,
      "fundamental_research": 0.2634015707083541,
      "training_optimization": 0.25,
      "evaluation_engineering": 0.23659842929164587,
      "safety_alignment": 0.25
    },
    {
      "round": 14,
      "fundamental_research": 0.2695537544858835,
      "training_optimization": 0.25,
      "evaluation_engineering": 0.23044624551411652,
      "safety_alignment": 0.25
    },
    {
      "round": 15,
      "fundamental_research": 0.27866008785242696,
      "training_optimization": 0.25,
      "evaluation_engineering": 0.22133991214757304,
      "safety_alignment": 0.25
    },
    {
      "round": 16,
      "fundamental_research": 0.2718580902686174,
      "training_optimization": 0.25,
      "evaluation_engineering": 0.22814190973138257,
      "safety_alignment": 0.25
    },
    {
      "round": 17,
      "fundamental_research": 0.27089273382947304,
      "training_optimization": 0.25,
      "evaluation_engineering": 0.22910726617052696,
      "safety_alignment": 0.25
    },
    {
      "round": 18,
      "fundamental_research": 0.2676067044809489,
      "training_optimization": 0.25,
      "evaluation_engineering": 0.23239329551905108,
      "safety_alignment": 0.25
    },
    {
      "round": 19,
      "fundamental_research": 0.26970441536510076,
      "training_optimization": 0.25,
      "evaluation_engineering": 0.23029558463489927,
      "safety_alignment": 0.25
    },
    {
      "round": 20,
      "fundamental_research": 0.2687921106306906,
      "training_optimization": 0.25,
      "evaluation_engineering": 0.23120788936930942,
      "safety_alignment": 0.25
    },
    {
      "round": 21,
      "fundamental_research": 0.2684584566452839,
      "training_optimization": 0.25,
      "evaluation_engineering": 0.2315415433547161,
      "safety_alignment": 0.25
    },
    {
      "round": 22,
      "fundamental_research": 0.2629066241507613,
      "training_optimization": 0.25,
      "evaluation_engineering": 0.23709337584923867,
      "safety_alignment": 0.25
    },
    {
      "round": 23,
      "fundamental_research": 0.2566055174493967,
      "training_optimization": 0.25,
      "evaluation_engineering": 0.24339448255060334,
      "safety_alignment": 0.25
    },
    {
      "round": 24,
      "fundamental_research": 0.25269934956040596,
      "training_optimization": 0.25,
      "evaluation_engineering": 0.247300650439594,
      "safety_alignment": 0.25
    },
    {
      "round": 25,
      "fundamental_research": 0.25107011031923165,
      "training_optimization": 0.25,
      "evaluation_engineering": 0.24892988968076835,
      "safety_alignment": 0.25
    },
    {
      "round": 26,
      "fundamental_research": 0.2526147108712789,
      "training_optimization": 0.25,
      "evaluation_engineering": 0.24738528912872113,