{
  "name": "Anthropic",
  "current_round": 9,
  "published_scores": [
    [
      0,
      0.47672133485321166
    ],
    [
      1,
      0.541038761645798
    ],
    [
      2,
      0.5939763585321682
    ],
    [
      3,
      0.5971457775427077
    ],
    [
      4,
      0.5538939464684591
    ],
    [
      5,
      0.4386522150788439
    ],
    [
      6,
      0.5306817376787107
    ],
    [
      7,
      0.6189699660800313
    ],
    [
      8,
      0.5452331674886771
    ],
    [
      9,
      0.6516179486597865
    ]
  ]
}