{
  "name": "Meta_AI",
  "current_round": 9,
  "published_scores": [
    [
      0,
      0.6682919380793964
    ],
    [
      1,
      0.74673291157987
    ],
    [
      2,
      0.8118583975108338
    ],
    [
      3,
      0.848746357373767
    ],
    [
      4,
      0.848746357373767
    ],
    [
      5,
      0.848746357373767
    ],
    [
      6,
      0.848746357373767
    ],
    [
      7,
      0.848746357373767
    ],
    [
      8,
      0.8301716856933724
    ],
    [
      9,
      0.8301716856933724
    ]
  ]
}