{
  "name": "DeepMind",
  "current_round": 29,
  "published_scores": [
    [
      0,
      0.5602850432389724
    ],
    [
      1,
      0.6120444058202624
    ],
    [
      2,
      0.5783201393336508
    ],
    [
      3,
      0.46610580573563065
    ],
    [
      4,
      0.5868776453263377
    ],
    [
      5,
      0.5281507006705913
    ],
    [
      6,
      0.4775189585370954
    ],
    [
      7,
      0.5470281965594366
    ],
    [
      8,
      0.5740747601368151
    ],
    [
      9,
      0.6776932505553638
    ],
    [
      10,
      0.5520850964120821
    ],
    [
      11,
      0.5138290506329676
    ],
    [
      12,
      0.6978078458734942
    ],
    [
      13,
      0.6140366714474659
    ],
    [
      14,
      0.6031235657127401
    ],
    [
      15,
      0.6192474682591266
    ],
    [
      16,
      0.5939161597992655
    ],
    [
      17,
      0.5697890234201801
    ],
    [
      18,
      0.6172419992962517
    ],
    [
      19,
      0.6407478408035094
    ],
    [
      20,
      0.6390914660563344
    ],
    [
      21,
      0.5626549991343968
    ],
    [
      22,
      0.625355649342536
    ],
    [
      23,
      0.53406160260091
    ],
    [
      24,
      0.6717688695178274
    ],
    [
      25,
      0.6171553640163746
    ],
    [
      26,
      0.6647454858240575
    ],
    [
      27,
      0.6458546815341533
    ],
    [
      28,
      0.6595918375187055
    ],
    [
      29,
      0.5864908503137494
    ]
  ]
}