{
  "name": "DeepMind",
  "current_round": 9,
  "published_scores": [
    [
      0,
      0.739147385744404
    ],
    [
      1,
      0.8742964954373601
    ],
    [
      2,
      0.8846630601823877
    ],
    [
      3,
      0.8862505849071214
    ],
    [
      4,
      0.9290656943738731
    ],
    [
      5,
      0.9290656943738731
    ],
    [
      6,
      0.9290656943738731
    ],
    [
      7,
      0.9290656943738731
    ],
    [
      8,
      0.8596972724177744
    ],
    [
      9,
      0.8950715247075394
    ]
  ]
}