{
  "name": "QualityCorp",
  "current_round": 29,
  "published_scores": [
    [
      0,
      0.4839519308157311
    ],
    [
      1,
      0.346823369517587
    ],
    [
      2,
      0.4477610784120658
    ],
    [
      3,
      0.34001133252486776
    ],
    [
      4,
      0.41700565383079313
    ],
    [
      5,
      0.43261026295756094
    ],
    [
      6,
      0.4408454605383243
    ],
    [
      7,
      0.4602782811143423
    ],
    [
      8,
      0.4982232374322155
    ],
    [
      9,
      0.41487416622293777
    ],
    [
      10,
      0.40192492675288544
    ],
    [
      11,
      0.4696027325366573
    ],
    [
      12,
      0.47718127548813755
    ],
    [
      13,
      0.3768883436802939
    ],
    [
      14,
      0.46023031043564755
    ],
    [
      15,
      0.4843580263455719
    ],
    [
      16,
      0.4013868701377933
    ],
    [
      17,
      0.3347223900442863
    ],
    [
      18,
      0.506672109967471
    ],
    [
      19,
      0.4704392125136871
    ],
    [
      20,
      0.42800805654907115
    ],
    [
      21,
      0.45151688951795127
    ],
    [
      22,
      0.4947506940291486
    ],
    [
      23,
      0.3249689295978001
    ],
    [
      24,
      0.4492454234774167
    ],
    [
      25,
      0.5188071417681092
    ],
    [
      26,
      0.43349695807752264
    ],
    [
      27,
      0.5281194776435604
    ],
    [
      28,
      0.4718377267277458
    ],
    [
      29,
      0.5506543809098225
    ]
  ]
}