{
  "name": "NovaMind",
  "current_round": 9,
  "published_scores": [
    [
      0,
      0.5100320986064633
    ],
    [
      1,
      0.5993023946589482
    ],
    [
      2,
      0.7287131610144382
    ],
    [
      3,
      0.7287131610144382
    ],
    [
      4,
      0.7287131610144382
    ],
    [
      5,
      0.7287131610144382
    ],
    [
      6,
      0.7287131610144382
    ],
    [
      7,
      0.7531537933025482
    ],
    [
      8,
      0.7895043617822665
    ],
    [
      9,
      0.7895043617822665
    ]
  ]
}