{
  "funder_type": "gov",
  "mission_statement": "Ensure safe and responsible AI development",
  "total_capital": 100000000.0,
  "deployed_capital": 10000000.000000002,
  "believed_provider_quality": {
    "Anthropic": 0.9066155896404459,
    "OpenAI": 0.9206560584421648,
    "DeepMind": 0.872988021346417,
    "Meta_AI": 0.8453800863262417,
    "NovaMind": 0.7715885554180791
  },
  "believed_provider_gaming": {
    "Anthropic": 0.41251613694585426,
    "OpenAI": 0.3989484914242528,
    "DeepMind": 0.29484368797198834,
    "Meta_AI": 0.40618877983521406,
    "NovaMind": 0.4714733109675281
  },
  "active_funding": {
    "Anthropic": 1970504.846937858,
    "OpenAI": 2845031.655841898,
    "Meta_AI": 1768393.8704424305,
    "DeepMind": 1819722.1045809262,
    "NovaMind": 1596347.5221968882
  },
  "funding_history": [
    [
      0,
      {
        "Anthropic": 2593956.6842873944,
        "OpenAI": 2079586.8547299595,
        "DeepMind": 2004814.0046047743,
        "Meta_AI": 1825946.0526044627,
        "NovaMind": 1495696.4037734088
      }
    ],
    [
      1,
      {
        "Anthropic": 2593956.6842873944,
        "OpenAI": 2079586.8547299595,
        "DeepMind": 2004814.0046047743,
        "Meta_AI": 1825946.0526044627,
        "NovaMind": 1495696.4037734088
      }
    ],
    [
      2,
      {
        "OpenAI": 2188845.870112272,
        "DeepMind": 1873545.7750643117,
        "Anthropic": 2385398.200902214,
        "Meta_AI": 1719024.0802520986,
        "NovaMind": 1833186.0736691044
      }
    ],
    [
      3,
      {
        "OpenAI": 2188845.870112272,
        "DeepMind": 1873545.7750643117,
        "Anthropic": 2385398.200902214,
        "Meta_AI": 1719024.0802520986,
        "NovaMind": 1833186.0736691044
      }
    ],
    [
      4,
      {
        "OpenAI": 2668658.5660887114,
        "DeepMind": 2019008.616235909,
        "Anthropic": 1980107.90792101,
        "Meta_AI": 1765218.310911968,
        "NovaMind": 1567006.5988424018
      }
    ],
    [
      5,
      {
        "OpenAI": 2668658.5660887114,
        "DeepMind": 2019008.616235909,
        "Anthropic": 1980107.90792101,
        "Meta_AI": 1765218.310911968,
        "NovaMind": 1567006.5988424018
      }
    ],
    [
      6,
      {
        "OpenAI": 2823076.0706067896,
        "DeepMind": 1991415.4239573684,
        "Anthropic": 2009209.5957791838,
        "Meta_AI": 1687110.0662509073,
        "NovaMind": 1489188.8434057506
      }
    ],
    [
      7,
      {
        "OpenAI": 2823076.0706067896,
        "DeepMind": 1991415.4239573684,
        "Anthropic": 2009209.5957791838,
        "Meta_AI": 1687110.0662509073,
        "NovaMind": 1489188.8434057506
      }
    ],
    [
      8,
      {
        "Anthropic": 2140845.067730299,
        "Meta_AI": 1667878.276535836,
        "OpenAI": 3053627.8202098687,
        "NovaMind": 1504401.1053598952,
        "DeepMind": 1633247.7301641004
      }
    ],
    [
      9,
      {
        "Anthropic": 2140845.067730299,
        "Meta_AI": 1667878.276535836,
        "OpenAI": 3053627.8202098687,
        "NovaMind": 1504401.1053598952,
        "DeepMind": 1633247.7301641004
      }
    ],
    [
      10,
      {
        "Anthropic": 2072625.3893613624,
        "OpenAI": 2878812.401359775,
        "DeepMind": 1776178.7335056353,
        "Meta_AI": 1685977.4829613636,
        "NovaMind": 1586405.992811864
      }
    ],
    [
      11,
      {
        "Anthropic": 2072625.3893613624,
        "OpenAI": 2878812.401359775,
        "DeepMind": 1776178.7335056353,
        "Meta_AI": 1685977.4829613636,
        "NovaMind": 1586405.992811864
      }
    ],
    [
      12,
      {
        "Anthropic": 2216932.4083703165,
        "OpenAI": 2626866.288356177,
        "Meta_AI": 1812405.3212946379,
        "DeepMind": 1795015.5526530426,
        "NovaMind": 1548780.429325827
      }
    ],
    [
      13,
      {
        "Anthropic": 2216932.4083703165,
        "OpenAI": 2626866.288356177,
        "Meta_AI": 1812405.3212946379,
        "DeepMind": 1795015.5526530426,
        "NovaMind": 1548780.429325827
      }
    ],
    [
      14,
      {
        "Meta_AI": 1865353.1517819243,
        "Anthropic": 2186673.7411278146,
        "OpenAI": 2630007.9264435633,
        "DeepMind": 1793858.122122808,
        "NovaMind": 1524107.0585238906
      }
    ],
    [
      15,
      {
        "Meta_AI": 1865353.1517819243,
        "Anthropic": 2186673.7411278146,
        "OpenAI": 2630007.9264435633,
        "DeepMind": 1793858.122122808,
        "NovaMind": 1524107.0585238906
      }
    ],
    [
      16,
      {
        "Meta_AI": 1870327.0800910066,
        "Anthropic": 2171208.208474526,
        "OpenAI": 2603427.065062949,
        "DeepMind": 1839687.670272381,
        "NovaMind": 1515349.976099138
      }
    ],
    [
      17,
      {
        "Meta_AI": 1870327.0800910066,
        "Anthropic": 2171208.208474526,
        "OpenAI": 2603427.065062949,
        "DeepMind": 1839687.670272381,
        "NovaMind": 1515349.976099138
      }
    ],
    [
      18,
      {
        "Anthropic": 2378586.5375851756,
        "Meta_AI": 1727515.50159692,
        "OpenAI": 2511960.6653816584,
        "DeepMind": 1833403.9681881755,
        "NovaMind": 1548533.3272480697
      }
    ],
    [
      19,
      {
        "Anthropic": 2378586.5375851756,
        "Meta_AI": 1727515.50159692,
        "OpenAI": 2511960.6653816584,
        "DeepMind": 1833403.9681881755,
        "NovaMind": 1548533.3272480697
      }
    ],
    [
      20,
      {
        "OpenAI": 2631298.652386064,
        "Anthropic": 2268952.0660294667,
        "Meta_AI": 1759316.9038277096,
        "DeepMind": 1796203.8360490005,
        "NovaMind": 1544228.541707759
      }
    ],
    [
      21,
      {
        "OpenAI": 2631298.652386064,
        "Anthropic": 2268952.0660294667,
        "Meta_AI": 1759316.9038277096,
        "DeepMind": 1796203.8360490005,
        "NovaMind": 1544228.541707759
      }
    ],
    [
      22,
      {
        "OpenAI": 2646803.665618191,
        "DeepMind": 1879593.3683401619,
        "Meta_AI": 1760841.9239580145,
        "Anthropic": 2155959.402759682,
        "NovaMind": 1556801.6393239498
      }
    ],
    [
      23,
      {
        "OpenAI": 2646803.665618191,
        "DeepMind": 1879593.3683401619,
        "Meta_AI": 1760841.9239580145,
        "Anthropic": 2155959.402759682,
        "NovaMind": 1556801.6393239498
      }
    ],
    [
      24,
      {
        "OpenAI": 2781102.5603414215,
        "Meta_AI": 1766435.19259802,
        "DeepMind": 1820586.5224042844,
        "Anthropic": 1986360.2331153138,
        "NovaMind": 1645515.4915409598
      }
    ],
    [
      25,
      {
        "OpenAI": 2781102.5603414215,
        "Meta_AI": 1766435.19259802,
        "DeepMind": 1820586.5224042844,
        "Anthropic": 1986360.2331153138,
        "NovaMind": 1645515.4915409598
      }
    ],
    [
      26,
      {
        "OpenAI": 2808133.7038902054,
        "Anthropic": 2013721.6607214494,
        "Meta_AI": 1752353.155699964,
        "DeepMind": 1805182.13573574,
        "NovaMind": 1620609.3439526407
      }
    ],
    [
      27,
      {
        "OpenAI": 2808133.7038902054,
        "Anthropic": 2013721.6607214494,
        "Meta_AI": 1752353.155699964,
        "DeepMind": 1805182.13573574,
        "NovaMind": 1620609.3439526407
      }
    ],
    [
      28,
      {
        "Anthropic": 1970504.846937858,
        "OpenAI": 2845031.655841898,
        "Meta_AI": 1768393.8704424305,
        "DeepMind": 1819722.1045809262,
        "NovaMind": 1596347.5221968882
      }
    ],
    [
      29,
      {
        "Anthropic": 1970504.846937858,
        "OpenAI": 2845031.655841898,
        "Meta_AI": 1768393.8704424305,
        "DeepMind": 1819722.1045809262,
        "NovaMind": 1596347.5221968882
      }
    ]
  ],