{
  "name": "Anthropic",
  "current_round": 29,
  "published_scores": [
    [
      0,
      0.8366858203379106
    ],
    [
      1,
      0.8526994026217782
    ],
    [
      2,
      0.8526994026217782
    ],
    [
      3,
      0.8597337152973985
    ],
    [
      4,
      0.8597337152973985
    ],
    [
      5,
      0.887777277090193
    ],
    [
      6,
      0.8884919178511469
    ],
    [
      7,
      0.8884919178511469
    ],
    [
      8,
      0.9002380617772083
    ],
    [
      9,
      0.9002380617772083
    ],
    [
      10,
      0.9442459589255734
    ],
    [
      11,
      0.9650287965191189
    ],
    [
      12,
      0.9650287965191189
    ],
    [
      13,
      0.968614468564617
    ],
    [
      14,
      0.968614468564617
    ],
    [
      15,
      0.9015305091762521
    ],
    [
      16,
      0.9130865254008764
    ],
    [
      17,
      0.9790156071867351
    ],
    [
      18,
      0.9790156071867351
    ],
    [
      19,
      0.9790156071867351
    ],
    [
      20,
      0.9842750907628407
    ],
    [
      21,
      0.9842750907628407
    ],
    [
      22,
      0.9436561236968144
    ],
    [
      23,
      0.9536923545791284
    ],
    [
      24,
      0.9536923545791284
    ],
    [
      25,
      0.9882063180721306
    ],
    [
      26,
      0.9882063180721306
    ],
    [
      27,
      1.0
    ],
    [
      28,
      1.0
    ],
    [
      29,
      0.979480629531502
    ]
  ]
}