{
  "name": "Anthropic",
  "current_round": 29,
  "published_scores": [
    [
      0,
      0.8666858203379105
    ],
    [
      1,
      0.8819908464846813
    ],
    [
      2,
      0.8819908464846813
    ],
    [
      3,
      0.8882744175886466
    ],
    [
      4,
      0.8882744175886466
    ],
    [
      5,
      0.9147616256246642
    ],
    [
      6,
      0.9153236508610219
    ],
    [
      7,
      0.9153236508610219
    ],
    [
      8,
      0.9275828638912588
    ],
    [
      9,
      0.9275828638912588
    ],
    [
      10,
      0.9576618254305109
    ],
    [
      11,
      0.9777664273625216
    ],
    [
      12,
      0.9777664273625216
    ],
    [
      13,
      0.9820395853448266
    ],
    [
      14,
      0.9820395853448266
    ],
    [
      15,
      0.9208572160111682
    ],
    [
      16,
      0.932007852628235
    ],
    [
      17,
      0.9943963453469614
    ],
    [
      18,
      0.9943963453469614
    ],
    [
      19,
      0.9943963453469614
    ],
    [
      20,
      0.9952193185000103
    ],
    [
      21,
      0.9952193185000103
    ],
    [
      22,
      0.9607425429939438
    ],
    [
      23,
      0.9706877294940867
    ],
    [
      24,
      0.9706877294940867
    ],
    [
      25,
      0.9964144888750077
    ],
    [
      26,
      0.9964144888750077
    ],
    [
      27,
      1.0
    ],
    [
      28,
      1.0
    ],
    [
      29,
      0.986008193562441
    ]
  ]
}