{
  "name": "Anthropic",
  "strategy_profile": "Safety-focused AI lab prioritizing responsible development and alignment research. Believes in Constitutional AI and careful capability advancement. Willing to sacrifice short-term benchmark performance for long-term safety. Research-driven culture with academic rigor.",
  "innate_traits": "safety-conscious, research-driven, cautious, long-term focused, principled",
  "true_capability": 0.8599548261477689,
  "last_score": 0.986008193562441,
  "current_round": 29,
  "believed_own_capability": 0.9909332369416287,
  "believed_benchmark_exploitability": 0.3,
  "capability_belief_confidence": 0.5,
  "believed_competitor_capabilities": {
    "OpenAI": 0.9989545704724958,
    "NovaMind": 0.9215130674285265,
    "DeepMind": 0.9625099374251448,
    "Meta_AI": 0.9661140069051489
  },
  "fundamental_research": 0.2982492218650819,
  "training_optimization": 0.25,
  "evaluation_engineering": 0.2017507781349181,
  "safety_alignment": 0.25,
  "effort_budget": 1.0,
  "past_scores": [
    [
      0,
      0.8666858203379105
    ],
    [
      1,
      0.8819908464846813
    ],
    [
      2,
      0.8819908464846813
    ],
    [
      3,
      0.8882744175886466
    ],
    [
      4,
      0.8882744175886466
    ],
    [
      5,
      0.9147616256246642
    ],
    [
      6,
      0.9153236508610219
    ],
    [
      7,
      0.9153236508610219
    ],
    [
      8,
      0.9275828638912588
    ],
    [
      9,
      0.9275828638912588
    ],
    [
      10,
      0.9576618254305109
    ],
    [
      11,
      0.9777664273625216
    ],
    [
      12,
      0.9777664273625216
    ],
    [
      13,
      0.9820395853448266
    ],
    [
      14,
      0.9820395853448266
    ],
    [
      15,
      0.9208572160111682
    ],
    [
      16,
      0.932007852628235
    ],
    [
      17,
      0.9943963453469614
    ],
    [
      18,
      0.9943963453469614
    ],
    [
      19,
      0.9943963453469614
    ],
    [
      20,
      0.9952193185000103
    ],
    [
      21,
      0.9952193185000103
    ],
    [
      22,
      0.9607425429939438
    ],
    [
      23,
      0.9706877294940867
    ],
    [
      24,
      0.9706877294940867
    ],
    [
      25,
      0.9964144888750077
    ],
    [
      26,
      0.9964144888750077
    ],
    [
      27,
      1.0
    ],
    [
      28,
      1.0
    ],
    [
      29,
      0.986008193562441
    ]
  ],
  "past_strategies": [
    {
      "round": 0,
      "fundamental_research": 0.2822164400676321,
      "training_optimization": 0.25,
      "evaluation_engineering": 0.21778355993236792,
      "safety_alignment": 0.25
    },
    {
      "round": 1,
      "fundamental_research": 0.28276070004048387,
      "training_optimization": 0.25,
      "evaluation_engineering": 0.21723929995951619,
      "safety_alignment": 0.25
    },
    {
      "round": 2,
      "fundamental_research": 0.2804711500501687,
      "training_optimization": 0.25,
      "evaluation_engineering": 0.21952884994983135,
      "safety_alignment": 0.25
    },
    {
      "round": 3,
      "fundamental_research": 0.27076297004141725,
      "training_optimization": 0.25,
      "evaluation_engineering": 0.22923702995858275,
      "safety_alignment": 0.25
    },
    {
      "round": 4,
      "fundamental_research": 0.2646017333132243,
      "training_optimization": 0.25,
      "evaluation_engineering": 0.23539826668677571,
      "safety_alignment": 0.25
    },
    {
      "round": 5,
      "fundamental_research": 0.26714061509367304,
      "training_optimization": 0.25,
      "evaluation_engineering": 0.23285938490632696,
      "safety_alignment": 0.25
    },
    {
      "round": 6,
      "fundamental_research": 0.2678492785724612,
      "training_optimization": 0.25,
      "evaluation_engineering": 0.2321507214275388,
      "safety_alignment": 0.25
    },
    {
      "round": 7,
      "fundamental_research": 0.27095666043147537,
      "training_optimization": 0.25,
      "evaluation_engineering": 0.22904333956852468,
      "safety_alignment": 0.25
    },
    {
      "round": 8,
      "fundamental_research": 0.2892350787479153,
      "training_optimization": 0.25,
      "evaluation_engineering": 0.21076492125208468,
      "safety_alignment": 0.25
    },
    {
      "round": 9,
      "fundamental_research": 0.2974680246786558,
      "training_optimization": 0.25,
      "evaluation_engineering": 0.2025319753213442,
      "safety_alignment": 0.25
    },
    {
      "round": 10,
      "fundamental_research": 0.30771959288838235,
      "training_optimization": 0.25000000000000006,
      "evaluation_engineering": 0.19228040711161767,
      "safety_alignment": 0.25000000000000006
    },
    {
      "round": 11,
      "fundamental_research": 0.30348658248633875,
      "training_optimization": 0.25,
      "evaluation_engineering": 0.19651341751366125,
      "safety_alignment": 0.25
    },
    {
      "round": 12,
      "fundamental_research": 0.30686682161535134,
      "training_optimization": 0.25,
      "evaluation_engineering": 0.19313317838464866,
      "safety_alignment": 0.25
    },
    {
      "round": 13,
      "fundamental_research": 0.3076146277966191,
      "training_optimization": 0.25,
      "evaluation_engineering": 0.19238537220338092,
      "safety_alignment": 0.25
    },
    {
      "round": 14,
      "fundamental_research": 0.3047965994282054,
      "training_optimization": 0.25,
      "evaluation_engineering": 0.19520340057179458,
      "safety_alignment": 0.25
    },
    {
      "round": 15,
      "fundamental_research": 0.29512320997808483,
      "training_optimization": 0.25,
      "evaluation_engineering": 0.20487679002191522,
      "safety_alignment": 0.25
    },
    {
      "round": 16,
      "fundamental_research": 0.28784578000179584,
      "training_optimization": 0.25,
      "evaluation_engineering": 0.21215421999820416,
      "safety_alignment": 0.25
    },
    {
      "round": 17,
      "fundamental_research": 0.29402193133451365,
      "training_optimization": 0.25,
      "evaluation_engineering": 0.20597806866548635,
      "safety_alignment": 0.25
    },
    {
      "round": 18,
      "fundamental_research": 0.29701776853215295,
      "training_optimization": 0.25,
      "evaluation_engineering": 0.20298223146784705,
      "safety_alignment": 0.25
    },
    {
      "round": 19,
      "fundamental_research": 0.29911485457050047,
      "training_optimization": 0.25,
      "evaluation_engineering": 0.20088514542949953,
      "safety_alignment": 0.25
    },
    {
      "round": 20,
      "fundamental_research": 0.299453766371239,
      "training_optimization": 0.25,
      "evaluation_engineering": 0.200546233628761,
      "safety_alignment": 0.25
    },
    {
      "round": 21,
      "fundamental_research": 0.29741375582910273,
      "training_optimization": 0.25,
      "evaluation_engineering": 0.20258624417089732,
      "safety_alignment": 0.25
    },
    {
      "round": 22,
      "fundamental_research": 0.29495255585216695,
      "training_optimization": 0.25,
      "evaluation_engineering": 0.20504744414783305,
      "safety_alignment": 0.25
    },
    {
      "round": 23,
      "fundamental_research": 0.2940906175107471,
      "training_optimization": 0.25,
      "evaluation_engineering": 0.2059093824892529,
      "safety_alignment": 0.25
    },
    {
      "round": 24,
      "fundamental_research": 0.2934530955291756,
      "training_optimization": 0.25,
      "evaluation_engineering": 0.2065469044708244,
      "safety_alignment": 0.25
    },
    {
      "round": 25,
      "fundamental_research": 0.29517231603311417,
      "training_optimization": 0.25,
      "evaluation_engineering": 0.20482768396688583,
      "safety_alignment": 0.25
    },
    {
      "round": 26,
      "fundamental_research": 0.29630687805009354,
      "training_optimization": 0.25,
      "evaluation_engineering": 0.20369312194990646,
      "safety_alignment": 0.25
    },
    {
      "round": 27,