{
  "name": "NovaMind",
  "current_round": 29,
  "published_scores": [
    [
      0,
      0.5069488774773513
    ],
    [
      1,
      0.7007776191078043
    ],
    [
      2,
      0.813798764313675
    ],
    [
      3,
      0.813798764313675
    ],
    [
      4,
      0.813798764313675
    ],
    [
      5,
      0.813798764313675
    ],
    [
      6,
      0.813798764313675
    ],
    [
      7,
      0.813798764313675
    ],
    [
      8,
      0.8218179546736212
    ],
    [
      9,
      0.8218179546736212
    ],
    [
      10,
      0.8218179546736212
    ],
    [
      11,
      0.8394879192026686
    ],
    [
      12,
      0.8394879192026686
    ],
    [
      13,
      0.8394879192026686
    ],
    [
      14,
      0.8394879192026686
    ],
    [
      15,
      0.8123373763549577
    ],
    [
      16,
      0.8123373763549577
    ],
    [
      17,
      0.8379471728406737
    ],
    [
      18,
      0.8469929868274786
    ],
    [
      19,
      0.8469929868274786
    ],
    [
      20,
      0.8469929868274786
    ],
    [
      21,
      0.8469929868274786
    ],
    [
      22,
      0.8527733205634285
    ],
    [
      23,
      0.8772662485235239
    ],
    [
      24,
      0.9105994230271013
    ],
    [
      25,
      0.9145454395294943
    ],
    [
      26,
      0.9145454395294943
    ],
    [
      27,
      0.9182088570992593
    ],
    [
      28,
      0.9182088570992593
    ],
    [
      29,
      0.916107201061447
    ]
  ]
}