{
  "name": "DeepMind",
  "current_round": 29,
  "published_scores": [
    [
      0,
      0.747996088885654
    ],
    [
      1,
      0.8831451985786103
    ],
    [
      2,
      0.9055104529041604
    ],
    [
      3,
      0.9162602401199241
    ],
    [
      4,
      0.9545732161977942
    ],
    [
      5,
      0.9545732161977942
    ],
    [
      6,
      0.9545732161977942
    ],
    [
      7,
      0.9545732161977942
    ],
    [
      8,
      0.8167635111995541
    ],
    [
      9,
      0.879859180321201
    ],
    [
      10,
      0.8916884352932519
    ],
    [
      11,
      0.8916884352932519
    ],
    [
      12,
      0.8916884352932519
    ],
    [
      13,
      0.9048261562288868
    ],
    [
      14,
      0.9048261562288868
    ],
    [
      15,
      0.8742651889889351
    ],
    [
      16,
      0.9198406949180321
    ],
    [
      17,
      0.9241545315882087
    ],
    [
      18,
      0.9325795134756422
    ],
    [
      19,
      0.9325795134756422
    ],
    [
      20,
      0.9325795134756422
    ],
    [
      21,
      0.9694937006733735
    ],
    [
      22,
      0.9771202755050301
    ],
    [
      23,
      0.9771202755050301
    ],
    [
      24,
      0.9771202755050301
    ],
    [
      25,
      0.9771202755050301
    ],
    [
      26,
      0.977134150206625
    ],
    [
      27,
      0.9793408411685186
    ],
    [
      28,
      0.9793408411685186
    ],
    [
      29,
      0.9277183679303201
    ]
  ]
}