{
  "name": "DeepMind",
  "strategy_profile": "World-class research lab backed by Google's infrastructure. Excels at fundamental breakthroughs but historically slower to productize. Now under pressure to ship Gemini competitively. Balances scientific ambition with commercial urgency from parent company.",
  "innate_traits": "research-first, methodical, well-resourced, scientifically-rigorous, patient",
  "true_capability": 0.8233049407993025,
  "last_score": 0.9277183679303201,
  "current_round": 29,
  "believed_own_capability": 0.960809595036229,
  "believed_benchmark_exploitability": 0.35,
  "capability_belief_confidence": 0.5,
  "believed_competitor_capabilities": {
    "OpenAI": 1.0,
    "Anthropic": 0.993160209843834,
    "NovaMind": 0.9175083050866553,
    "Meta_AI": 0.9683779765528264
  },
  "fundamental_research": 0.24249746485305695,
  "training_optimization": 0.25,
  "evaluation_engineering": 0.30750253514694303,
  "safety_alignment": 0.2,
  "effort_budget": 1.0,
  "past_scores": [
    [
      0,
      0.747996088885654
    ],
    [
      1,
      0.8831451985786103
    ],
    [
      2,
      0.9055104529041604
    ],
    [
      3,
      0.9162602401199241
    ],
    [
      4,
      0.9545732161977942
    ],
    [
      5,
      0.9545732161977942
    ],
    [
      6,
      0.9545732161977942
    ],
    [
      7,
      0.9545732161977942
    ],
    [
      8,
      0.8167635111995541
    ],
    [
      9,
      0.879859180321201
    ],
    [
      10,
      0.8916884352932519
    ],
    [
      11,
      0.8916884352932519
    ],
    [
      12,
      0.8916884352932519
    ],
    [
      13,
      0.9048261562288868
    ],
    [
      14,
      0.9048261562288868
    ],
    [
      15,
      0.8742651889889351
    ],
    [
      16,
      0.9198406949180321
    ],
    [
      17,
      0.9241545315882087
    ],
    [
      18,
      0.9325795134756422
    ],
    [
      19,
      0.9325795134756422
    ],
    [
      20,
      0.9325795134756422
    ],
    [
      21,
      0.9694937006733735
    ],
    [
      22,
      0.9771202755050301
    ],
    [
      23,
      0.9771202755050301
    ],
    [
      24,
      0.9771202755050301
    ],
    [
      25,
      0.9771202755050301
    ],
    [
      26,
      0.977134150206625
    ],
    [
      27,
      0.9793408411685186
    ],
    [
      28,
      0.9793408411685186
    ],
    [
      29,
      0.9277183679303201
    ]
  ],
  "past_strategies": [
    {
      "round": 0,
      "fundamental_research": 0.20911390189833567,
      "training_optimization": 0.25,
      "evaluation_engineering": 0.3408860981016643,
      "safety_alignment": 0.2
    },
    {
      "round": 1,
      "fundamental_research": 0.2231590380279178,
      "training_optimization": 0.25,
      "evaluation_engineering": 0.3268409619720822,
      "safety_alignment": 0.2
    },
    {
      "round": 2,
      "fundamental_research": 0.23090832765471989,
      "training_optimization": 0.25,
      "evaluation_engineering": 0.31909167234528013,
      "safety_alignment": 0.2
    },
    {
      "round": 3,
      "fundamental_research": 0.22390364319395809,
      "training_optimization": 0.25,
      "evaluation_engineering": 0.3260963568060419,
      "safety_alignment": 0.2
    },
    {
      "round": 4,
      "fundamental_research": 0.22261057848001925,
      "training_optimization": 0.25,
      "evaluation_engineering": 0.32738942151998074,
      "safety_alignment": 0.2
    },
    {
      "round": 5,
      "fundamental_research": 0.22607306426250232,
      "training_optimization": 0.25,
      "evaluation_engineering": 0.3239269357374977,
      "safety_alignment": 0.2
    },
    {
      "round": 6,
      "fundamental_research": 0.22727740058674034,
      "training_optimization": 0.25,
      "evaluation_engineering": 0.32272259941325965,
      "safety_alignment": 0.2
    },
    {
      "round": 7,
      "fundamental_research": 0.2309657113685406,
      "training_optimization": 0.25,
      "evaluation_engineering": 0.3190342886314594,
      "safety_alignment": 0.2
    },
    {
      "round": 8,
      "fundamental_research": 0.23608468276212774,
      "training_optimization": 0.25,
      "evaluation_engineering": 0.31391531723787225,
      "safety_alignment": 0.2
    },
    {
      "round": 9,
      "fundamental_research": 0.24085882342537349,
      "training_optimization": 0.25,
      "evaluation_engineering": 0.30914117657462653,
      "safety_alignment": 0.2
    },
    {
      "round": 10,
      "fundamental_research": 0.24250385601691513,
      "training_optimization": 0.25,
      "evaluation_engineering": 0.30749614398308484,
      "safety_alignment": 0.2
    },
    {
      "round": 11,
      "fundamental_research": 0.23618392243964254,
      "training_optimization": 0.25,
      "evaluation_engineering": 0.31381607756035745,
      "safety_alignment": 0.2
    },
    {
      "round": 12,
      "fundamental_research": 0.22981624689329438,
      "training_optimization": 0.25,
      "evaluation_engineering": 0.3201837531067056,
      "safety_alignment": 0.2
    },
    {
      "round": 13,
      "fundamental_research": 0.2286397693630871,
      "training_optimization": 0.25,
      "evaluation_engineering": 0.3213602306369129,
      "safety_alignment": 0.2
    },
    {
      "round": 14,
      "fundamental_research": 0.22916346356212533,
      "training_optimization": 0.25,
      "evaluation_engineering": 0.32083653643787463,
      "safety_alignment": 0.2
    },
    {
      "round": 15,
      "fundamental_research": 0.22617604108281147,
      "training_optimization": 0.25,
      "evaluation_engineering": 0.3238239589171885,
      "safety_alignment": 0.2
    },
    {
      "round": 16,
      "fundamental_research": 0.22332465965384785,
      "training_optimization": 0.25,
      "evaluation_engineering": 0.32667534034615214,
      "safety_alignment": 0.2
    },
    {
      "round": 17,
      "fundamental_research": 0.22726882088920136,
      "training_optimization": 0.25,
      "evaluation_engineering": 0.3227311791107986,
      "safety_alignment": 0.2
    },
    {
      "round": 18,
      "fundamental_research": 0.22957713468506885,
      "training_optimization": 0.25,
      "evaluation_engineering": 0.32042286531493114,
      "safety_alignment": 0.2
    },
    {
      "round": 19,
      "fundamental_research": 0.2311929543421761,
      "training_optimization": 0.25,
      "evaluation_engineering": 0.31880704565782386,
      "safety_alignment": 0.2
    },
    {
      "round": 20,
      "fundamental_research": 0.23066465638300204,
      "training_optimization": 0.25,
      "evaluation_engineering": 0.31933534361699795,
      "safety_alignment": 0.2
    },
    {
      "round": 21,
      "fundamental_research": 0.23158097368734418,
      "training_optimization": 0.25,
      "evaluation_engineering": 0.3184190263126558,
      "safety_alignment": 0.2
    },
    {
      "round": 22,
      "fundamental_research": 0.2351194967520813,
      "training_optimization": 0.25,
      "evaluation_engineering": 0.31488050324791866,
      "safety_alignment": 0.2
    },
    {
      "round": 23,
      "fundamental_research": 0.23758815631561028,
      "training_optimization": 0.25,
      "evaluation_engineering": 0.31241184368438973,
      "safety_alignment": 0.2
    },
    {
      "round": 24,
      "fundamental_research": 0.23930791142829355,
      "training_optimization": 0.25,
      "evaluation_engineering": 0.31069208857170644,
      "safety_alignment": 0.2
    },
    {
      "round": 25,
      "fundamental_research": 0.24044805621347112,
      "training_optimization": 0.25,
      "evaluation_engineering": 0.3095519437865289,
      "safety_alignment": 0.2
    },
    {
      "round": 26,
      "fundamental_research": 0.2412224865408778,
      "training_optimization": 0.25,
      "evaluation_engineering": 0.3087775134591222,
      "safety_alignment": 0.2
    },
    {
      "round": 27,
      "fundamental_research": 0.24193827021127184,