{
  "name": "DeepMind",
  "strategy_profile": "World-class research lab backed by Google's infrastructure. Excels at fundamental breakthroughs but historically slower to productize. Now under pressure to ship Gemini competitively. Balances scientific ambition with commercial urgency from parent company.",
  "innate_traits": "research-first, methodical, well-resourced, scientifically-rigorous, patient",
  "true_capability": 0.8231847141529502,
  "last_score": 0.9255842431009167,
  "current_round": 29,
  "believed_own_capability": 0.95279064490151,
  "believed_benchmark_exploitability": 0.35,
  "capability_belief_confidence": 0.5,
  "believed_competitor_capabilities": {
    "OpenAI": 0.9965390533187999,
    "Anthropic": 0.9806912857767869,
    "NovaMind": 0.864751344615491,
    "Meta_AI": 0.966613829061984
  },
  "fundamental_research": 0.24089258542278363,
  "training_optimization": 0.25,
  "evaluation_engineering": 0.30910741457721636,
  "safety_alignment": 0.2,
  "effort_budget": 1.0,
  "past_scores": [
    [
      0,
      0.739147385744404
    ],
    [
      1,
      0.8742964954373601
    ],
    [
      2,
      0.8899108245304262
    ],
    [
      3,
      0.8993094409063234
    ],
    [
      4,
      0.9306147933515273
    ],
    [
      5,
      0.9306147933515273
    ],
    [
      6,
      0.9306147933515273
    ],
    [
      7,
      0.9306147933515273
    ],
    [
      8,
      0.817267836018885
    ],
    [
      9,
      0.8660483056896529
    ],
    [
      10,
      0.8772120511218908
    ],
    [
      11,
      0.8772120511218908
    ],
    [
      12,
      0.8772120511218908
    ],
    [
      13,
      0.8887044280185239
    ],
    [
      14,
      0.8887044280185239
    ],
    [
      15,
      0.8633195247352057
    ],
    [
      16,
      0.9103756713211894
    ],
    [
      17,
      0.914666093383326
    ],
    [
      18,
      0.9217495306629493
    ],
    [
      19,
      0.9217495306629493
    ],
    [
      20,
      0.9217495306629493
    ],
    [
      21,
      0.9508302042671491
    ],
    [
      22,
      0.9537378980539561
    ],
    [
      23,
      0.954739466594864
    ],
    [
      24,
      0.9631226532003618
    ],
    [
      25,
      0.9631226532003618
    ],
    [
      26,
      0.9645469586510015
    ],
    [
      27,
      0.9730935710503982
    ],
    [
      28,
      0.9730935710503982
    ],
    [
      29,
      0.9255842431009167
    ]
  ],
  "past_strategies": [
    {
      "round": 0,
      "fundamental_research": 0.21294267355896612,
      "training_optimization": 0.25,
      "evaluation_engineering": 0.33705732644103387,
      "safety_alignment": 0.2
    },
    {
      "round": 1,
      "fundamental_research": 0.22653903726598654,
      "training_optimization": 0.25,
      "evaluation_engineering": 0.3234609627340134,
      "safety_alignment": 0.2
    },
    {
      "round": 2,
      "fundamental_research": 0.2326121939496952,
      "training_optimization": 0.25,
      "evaluation_engineering": 0.3173878060503048,
      "safety_alignment": 0.2
    },
    {
      "round": 3,
      "fundamental_research": 0.22405807605810635,
      "training_optimization": 0.25,
      "evaluation_engineering": 0.32594192394189364,
      "safety_alignment": 0.2
    },
    {
      "round": 4,
      "fundamental_research": 0.22072235609809696,
      "training_optimization": 0.25,
      "evaluation_engineering": 0.32927764390190306,
      "safety_alignment": 0.2
    },
    {
      "round": 5,
      "fundamental_research": 0.22330343720315032,
      "training_optimization": 0.25,
      "evaluation_engineering": 0.32669656279684967,
      "safety_alignment": 0.2
    },
    {
      "round": 6,
      "fundamental_research": 0.2238793636869031,
      "training_optimization": 0.25,
      "evaluation_engineering": 0.3261206363130969,
      "safety_alignment": 0.2
    },
    {
      "round": 7,
      "fundamental_research": 0.22715444956836064,
      "training_optimization": 0.25,
      "evaluation_engineering": 0.3228455504316393,
      "safety_alignment": 0.2
    },
    {
      "round": 8,
      "fundamental_research": 0.23245348897090312,
      "training_optimization": 0.25,
      "evaluation_engineering": 0.31754651102909687,
      "safety_alignment": 0.2
    },
    {
      "round": 9,
      "fundamental_research": 0.2370304286414856,
      "training_optimization": 0.25,
      "evaluation_engineering": 0.3129695713585144,
      "safety_alignment": 0.2
    },
    {
      "round": 10,
      "fundamental_research": 0.24295585258887142,
      "training_optimization": 0.25,
      "evaluation_engineering": 0.30704414741112857,
      "safety_alignment": 0.2
    },
    {
      "round": 11,
      "fundamental_research": 0.2355406155952392,
      "training_optimization": 0.25,
      "evaluation_engineering": 0.3144593844047608,
      "safety_alignment": 0.2
    },
    {
      "round": 12,
      "fundamental_research": 0.23556776175021404,
      "training_optimization": 0.25,
      "evaluation_engineering": 0.31443223824978594,
      "safety_alignment": 0.2
    },
    {
      "round": 13,
      "fundamental_research": 0.2347929360024369,
      "training_optimization": 0.25,
      "evaluation_engineering": 0.3152070639975631,
      "safety_alignment": 0.2
    },
    {
      "round": 14,
      "fundamental_research": 0.23343515737000206,
      "training_optimization": 0.25,
      "evaluation_engineering": 0.31656484262999796,
      "safety_alignment": 0.2
    },
    {
      "round": 15,
      "fundamental_research": 0.2232131343290731,
      "training_optimization": 0.25,
      "evaluation_engineering": 0.3267868656709269,
      "safety_alignment": 0.2
    },
    {
      "round": 16,
      "fundamental_research": 0.2195945545601213,
      "training_optimization": 0.25,
      "evaluation_engineering": 0.3304054454398787,
      "safety_alignment": 0.2
    },
    {
      "round": 17,
      "fundamental_research": 0.2238485303836946,
      "training_optimization": 0.25,
      "evaluation_engineering": 0.32615146961630537,
      "safety_alignment": 0.2
    },
    {
      "round": 18,
      "fundamental_research": 0.22623340053350124,
      "training_optimization": 0.25,
      "evaluation_engineering": 0.3237665994664988,
      "safety_alignment": 0.2
    },
    {
      "round": 19,
      "fundamental_research": 0.22790280963836584,
      "training_optimization": 0.25,
      "evaluation_engineering": 0.32209719036163414,
      "safety_alignment": 0.2
    },
    {
      "round": 20,
      "fundamental_research": 0.22907139601177107,
      "training_optimization": 0.25,
      "evaluation_engineering": 0.3209286039882289,
      "safety_alignment": 0.2
    },
    {
      "round": 21,
      "fundamental_research": 0.230297459571684,
      "training_optimization": 0.25,
      "evaluation_engineering": 0.319702540428316,
      "safety_alignment": 0.2
    },
    {
      "round": 22,
      "fundamental_research": 0.23396465187870358,
      "training_optimization": 0.25,
      "evaluation_engineering": 0.3160353481212964,
      "safety_alignment": 0.2
    },
    {
      "round": 23,
      "fundamental_research": 0.23692207069415108,
      "training_optimization": 0.25,
      "evaluation_engineering": 0.3130779293058489,
      "safety_alignment": 0.2
    },
    {
      "round": 24,
      "fundamental_research": 0.24004699369131127,
      "training_optimization": 0.25,
      "evaluation_engineering": 0.3099530063086887,
      "safety_alignment": 0.2
    },
    {
      "round": 25,
      "fundamental_research": 0.240767865008756,
      "training_optimization": 0.25,
      "evaluation_engineering": 0.309232134991244,
      "safety_alignment": 0.2
    },
    {
      "round": 26,
      "fundamental_research": 0.2404338561035754,
      "training_optimization": 0.25,
      "evaluation_engineering": 0.30956614389642456,
      "safety_alignment": 0.2
    },
    {
      "round": 27,
      "fundamental_research": 0.2405183414721983,