{
  "name": "Anthropic",
  "current_round": 19,
  "published_scores": [
    [
      0,
      0.4551886477901639
    ],
    [
      1,
      0.4890312710184261
    ],
    [
      2,
      0.5422942565725467
    ],
    [
      3,
      0.5828257274845225
    ],
    [
      4,
      0.49110318422243027
    ],
    [
      5,
      0.52900792399272
    ],
    [
      6,
      0.6228892874178015
    ],
    [
      7,
      0.5131784512922456
    ],
    [
      8,
      0.513650250780007
    ],
    [
      9,
      0.6563768712883107
    ],
    [
      10,
      0.5449233692571253
    ],
    [
      11,
      0.5306557601015379
    ],
    [
      12,
      0.4827984148180894
    ],
    [
      13,
      0.5581378394528298
    ],
    [
      14,
      0.5564052580771357
    ],
    [
      15,
      0.6000385732521613
    ],
    [
      16,
      0.5490509549334284
    ],
    [
      17,
      0.5471515087914507
    ],
    [
      18,
      0.5897441508645925
    ],
    [
      19,
      0.6181971618509051
    ]
  ]
}