{
  "name": "DeepMind",
  "current_round": 19,
  "published_scores": [
    [
      0,
      0.54525644020581
    ],
    [
      1,
      0.6115132853348012
    ],
    [
      2,
      0.5707024310982154
    ],
    [
      3,
      0.4654513412833099
    ],
    [
      4,
      0.5855170788302902
    ],
    [
      5,
      0.517492069074973
    ],
    [
      6,
      0.4703970811744963
    ],
    [
      7,
      0.5362957423907497
    ],
    [
      8,
      0.5709301973476173
    ],
    [
      9,
      0.6886621339900836
    ],
    [
      10,
      0.5591518880048794
    ],
    [
      11,
      0.5102852814760481
    ],
    [
      12,
      0.714405915349269
    ],
    [
      13,
      0.6112462707633401
    ],
    [
      14,
      0.5905663914765102
    ],
    [
      15,
      0.5911477491784182
    ],
    [
      16,
      0.590384260080959
    ],
    [
      17,
      0.5434364529951625
    ],
    [
      18,
      0.6476734778972995
    ],
    [
      19,
      0.6129925297884564
    ]
  ]
}