{
  "name": "NovaMind",
  "current_round": 29,
  "published_scores": [
    [
      0,
      0.5475451195806458
    ],
    [
      1,
      0.3403270001953842
    ],
    [
      2,
      0.4794125897544827
    ],
    [
      3,
      0.5633587940840882
    ],
    [
      4,
      0.5358001483676235
    ],
    [
      5,
      0.39866400352207165
    ],
    [
      6,
      0.4822910851906236
    ],
    [
      7,
      0.48925027091238776
    ],
    [
      8,
      0.562759831620337
    ],
    [
      9,
      0.5563153438950041
    ],
    [
      10,
      0.4669466022233693
    ],
    [
      11,
      0.637832259952702
    ],
    [
      12,
      0.44586095339484744
    ],
    [
      13,
      0.5877540137222201
    ],
    [
      14,
      0.5481561388206548
    ],
    [
      15,
      0.5638765276943429
    ],
    [
      16,
      0.5760489455122257
    ],
    [
      17,
      0.5192738480689049
    ],
    [
      18,
      0.5299378443259621
    ],
    [
      19,
      0.6585563588747564
    ],
    [
      20,
      0.5825563102910772
    ],
    [
      21,
      0.6485039930150219
    ],
    [
      22,
      0.6603458139050931
    ],
    [
      23,
      0.4647615834070498
    ],
    [
      24,
      0.5993419017928732
    ],
    [
      25,
      0.6044518111965084
    ],
    [
      26,
      0.6399786697177339
    ],
    [
      27,
      0.5613348707457658
    ],
    [
      28,
      0.5579586647727983
    ],
    [
      29,
      0.6532893985591063
    ]
  ]
}