{
  "name": "NovaMind",
  "strategy_profile": "Well-funded AI startup trying to compete with established players. Resource-constrained but nimble and innovative. Needs strong benchmark results to attract customers and next funding round. Focused on efficiency and finding competitive niches.",
  "innate_traits": "scrappy, efficient, opportunistic, funding-conscious, innovative",
  "true_capability": 0.7227134737615967,
  "last_score": 0.6532893985591063,
  "current_round": 29,
  "believed_own_capability": 0.6025394392458227,
  "believed_benchmark_exploitability": 0.5,
  "capability_belief_confidence": 0.5,
  "believed_competitor_capabilities": {
    "OpenAI": 0.6864334850452258,
    "Anthropic": 0.7406030866598532
  },
  "fundamental_research": 0.21149442281294886,
  "training_optimization": 0.25,
  "evaluation_engineering": 0.33850557718705115,
  "safety_alignment": 0.2,
  "effort_budget": 1.0,
  "past_scores": [
    [
      0,
      0.5475451195806458
    ],
    [
      1,
      0.3403270001953842
    ],
    [
      2,
      0.4794125897544827
    ],
    [
      3,
      0.5633587940840882
    ],
    [
      4,
      0.5358001483676235
    ],
    [
      5,
      0.39866400352207165
    ],
    [
      6,
      0.4822910851906236
    ],
    [
      7,
      0.48925027091238776
    ],
    [
      8,
      0.562759831620337
    ],
    [
      9,
      0.5563153438950041
    ],
    [
      10,
      0.4669466022233693
    ],
    [
      11,
      0.637832259952702
    ],
    [
      12,
      0.44586095339484744
    ],
    [
      13,
      0.5877540137222201
    ],
    [
      14,
      0.5481561388206548
    ],
    [
      15,
      0.5638765276943429
    ],
    [
      16,
      0.5760489455122257
    ],
    [
      17,
      0.5192738480689049
    ],
    [
      18,
      0.5299378443259621
    ],
    [
      19,
      0.6585563588747564
    ],
    [
      20,
      0.5825563102910772
    ],
    [
      21,
      0.6485039930150219
    ],
    [
      22,
      0.6603458139050931
    ],
    [
      23,
      0.4647615834070498
    ],
    [
      24,
      0.5993419017928732
    ],
    [
      25,
      0.6044518111965084
    ],
    [
      26,
      0.6399786697177339
    ],
    [
      27,
      0.5613348707457658
    ],
    [
      28,
      0.5579586647727983
    ],
    [
      29,
      0.6532893985591063
    ]
  ],
  "past_strategies": [
    {
      "round": 0,
      "fundamental_research": 0.22518754836962515,
      "training_optimization": 0.25,
      "evaluation_engineering": 0.3248124516303748,
      "safety_alignment": 0.2
    },
    {
      "round": 1,
      "fundamental_research": 0.20062684056888538,
      "training_optimization": 0.25,
      "evaluation_engineering": 0.34937315943111463,
      "safety_alignment": 0.2
    },
    {
      "round": 2,
      "fundamental_research": 0.20316650526545627,
      "training_optimization": 0.25,
      "evaluation_engineering": 0.3468334947345437,
      "safety_alignment": 0.2
    },
    {
      "round": 3,
      "fundamental_research": 0.2189768004145362,
      "training_optimization": 0.25,
      "evaluation_engineering": 0.3310231995854638,
      "safety_alignment": 0.2
    },
    {
      "round": 4,
      "fundamental_research": 0.21122922049182263,
      "training_optimization": 0.25,
      "evaluation_engineering": 0.33877077950817736,
      "safety_alignment": 0.2
    },
    {
      "round": 5,
      "fundamental_research": 0.1932179175645423,
      "training_optimization": 0.25,
      "evaluation_engineering": 0.35678208243545767,
      "safety_alignment": 0.2
    },
    {
      "round": 6,
      "fundamental_research": 0.2018237945011478,
      "training_optimization": 0.25,
      "evaluation_engineering": 0.3481762054988522,
      "safety_alignment": 0.2
    },
    {
      "round": 7,
      "fundamental_research": 0.20023410608336506,
      "training_optimization": 0.25,
      "evaluation_engineering": 0.34976589391663493,
      "safety_alignment": 0.2
    },
    {
      "round": 8,
      "fundamental_research": 0.2126489723133132,
      "training_optimization": 0.25,
      "evaluation_engineering": 0.3373510276866868,
      "safety_alignment": 0.2
    },
    {
      "round": 9,
      "fundamental_research": 0.21117736004937776,
      "training_optimization": 0.25,
      "evaluation_engineering": 0.33882263995062223,
      "safety_alignment": 0.2
    },
    {
      "round": 10,
      "fundamental_research": 0.1863173458674397,
      "training_optimization": 0.25,
      "evaluation_engineering": 0.3636826541325603,
      "safety_alignment": 0.2
    },
    {
      "round": 11,
      "fundamental_research": 0.20094564523744918,
      "training_optimization": 0.25,
      "evaluation_engineering": 0.3490543547625508,
      "safety_alignment": 0.2
    },
    {
      "round": 12,
      "fundamental_research": 0.19537558557920232,
      "training_optimization": 0.25,
      "evaluation_engineering": 0.3546244144207977,
      "safety_alignment": 0.2
    },
    {
      "round": 13,
      "fundamental_research": 0.21541664577724473,
      "training_optimization": 0.25,
      "evaluation_engineering": 0.33458335422275526,
      "safety_alignment": 0.2
    },
    {
      "round": 14,
      "fundamental_research": 0.21317364479263118,
      "training_optimization": 0.25,
      "evaluation_engineering": 0.3368263552073688,
      "safety_alignment": 0.2
    },
    {
      "round": 15,
      "fundamental_research": 0.2031166904185816,
      "training_optimization": 0.25,
      "evaluation_engineering": 0.3468833095814184,
      "safety_alignment": 0.2
    },
    {
      "round": 16,
      "fundamental_research": 0.2108697725414298,
      "training_optimization": 0.25,
      "evaluation_engineering": 0.3391302274585702,
      "safety_alignment": 0.2
    },
    {
      "round": 17,
      "fundamental_research": 0.19298451503468472,
      "training_optimization": 0.25,
      "evaluation_engineering": 0.35701548496531527,
      "safety_alignment": 0.2
    },
    {
      "round": 18,
      "fundamental_research": 0.19710853281908408,
      "training_optimization": 0.25,
      "evaluation_engineering": 0.3528914671809159,
      "safety_alignment": 0.2
    },
    {
      "round": 19,
      "fundamental_research": 0.19831583234453337,
      "training_optimization": 0.25,
      "evaluation_engineering": 0.3516841676554666,
      "safety_alignment": 0.2
    },
    {
      "round": 20,
      "fundamental_research": 0.22081420300197005,
      "training_optimization": 0.25,
      "evaluation_engineering": 0.32918579699802997,
      "safety_alignment": 0.2
    },
    {
      "round": 21,
      "fundamental_research": 0.21490256327194096,
      "training_optimization": 0.25,
      "evaluation_engineering": 0.33509743672805903,
      "safety_alignment": 0.2
    },
    {
      "round": 22,
      "fundamental_research": 0.23146131556414296,
      "training_optimization": 0.25,
      "evaluation_engineering": 0.31853868443585703,
      "safety_alignment": 0.2
    },
    {
      "round": 23,
      "fundamental_research": 0.20637684038520543,
      "training_optimization": 0.25,
      "evaluation_engineering": 0.34362315961479456,
      "safety_alignment": 0.2
    },
    {
      "round": 24,
      "fundamental_research": 0.22227667172142285,
      "training_optimization": 0.25,
      "evaluation_engineering": 0.32772332827857714,
      "safety_alignment": 0.2
    },
    {
      "round": 25,
      "fundamental_research": 0.21245680941335482,
      "training_optimization": 0.25,
      "evaluation_engineering": 0.33754319058664517,
      "safety_alignment": 0.2
    },
    {
      "round": 26,
      "fundamental_research": 0.20753297796441464,
      "training_optimization": 0.25,
      "evaluation_engineering": 0.3424670220355853,
      "safety_alignment": 0.2
    },
    {
      "round": 27,
      "fundamental_research": 0.19959047423001844,
      "training_optimization": 0.25,
      "evaluation_engineering": 0.3504095257699815,