{
  "n_rounds": 3,
  "final_scores": {
    "AlphaTech": 0.31049648113461625,
    "QualityCorp": 0.26918204931376805
  },
  "final_true_capabilities": {
    "AlphaTech": 0.508,
    "QualityCorp": 0.5169999999999999
  },
  "final_believed_capabilities": {
    "AlphaTech": 0.52,
    "QualityCorp": 0.55
  },
  "final_strategies": {
    "AlphaTech": {
      "rnd": 0.4,
      "gaming": 0.6
    },
    "QualityCorp": {
      "rnd": 0.85,
      "gaming": 0.15
    }
  },
  "leaderboard": [
    [
      "AlphaTech",
      0.31049648113461625
    ],
    [
      "QualityCorp",
      0.26918204931376805
    ]
  ],
  "validity_correlation": -0.5738917610321466,
  "benchmark_params": {
    "validity": 0.7,
    "exploitability": 0.5,
    "noise": 0.1
  },
  "provider_summaries": {
    "AlphaTech": {
      "initial_capability": 0.5,
      "final_capability": 0.508,
      "capability_growth": 0.008000000000000007,
      "mean_score": 0.46460443623023506,
      "score_std": 0.11290534101526219,
      "mean_rnd_investment": 0.43333333333333335,
      "mean_gaming_investment": 0.5666666666666667
    },
    "QualityCorp": {
      "initial_capability": 0.5,
      "final_capability": 0.5169999999999999,
      "capability_growth": 0.016999999999999904,
      "mean_score": 0.37589670344294657,
      "score_std": 0.08919775764080426,
      "mean_rnd_investment": 0.7333333333333334,
      "mean_gaming_investment": 0.26666666666666666
    }
  }
}