{
  "name": "OpenAI",
  "current_round": 9,
  "published_scores": [
    [
      0,
      0.4675878649652149
    ],
    [
      1,
      0.6887773510536292
    ],
    [
      2,
      0.6580620491128258
    ],
    [
      3,
      0.5091738422067509
    ],
    [
      4,
      0.5882724492694426
    ],
    [
      5,
      0.6351967670133499
    ],
    [
      6,
      0.7485091981375603
    ],
    [
      7,
      0.7333056520578137
    ],
    [
      8,
      0.7921143424419412
    ],
    [
      9,
      0.6134524856328827
    ]
  ]
}