{
  "funder_type": "vc",
  "mission_statement": "Early-stage AI bets with outsized upside potential",
  "total_capital": 5000000.0,
  "deployed_capital": 5000000.0,
  "believed_provider_quality": {
    "OpenAI": 0.8248786905090145,
    "DeepMind": 0.7915954380769818,
    "Meta_AI": 0.6401086426632653,
    "NovaMind": 0.49144025825814175,
    "Anthropic": 0.6379142465853254
  },
  "believed_provider_gaming": {
    "OpenAI": 0.0,
    "DeepMind": 0.0,
    "Meta_AI": 0.3,
    "NovaMind": 0.3,
    "Anthropic": 0.3
  },
  "active_funding": {
    "OpenAI": 4090909.0909090913,
    "DeepMind": 454545.45454545453,
    "Meta_AI": 454545.45454545453
  },
  "funding_history": [
    [
      0,
      {
        "OpenAI": 1000000.0,
        "DeepMind": 1000000.0,
        "Meta_AI": 1000000.0,
        "NovaMind": 1000000.0,
        "Anthropic": 1000000.0
      }
    ],
    [
      1,
      {
        "DeepMind": 2941176.470588235,
        "OpenAI": 2058823.5294117646
      }
    ],
    [
      2,
      {
        "OpenAI": 3000000.0,
        "DeepMind": 2000000.0
      }
    ],
    [
      3,
      {
        "OpenAI": 3333333.333333333,
        "DeepMind": 1190476.1904761903,
        "Meta_AI": 476190.47619047615
      }
    ],
    [
      4,
      {
        "OpenAI": 3000000.0,
        "DeepMind": 2000000.0
      }
    ],
    [
      5,
      {
        "OpenAI": 3555555.5555555555,
        "DeepMind": 666666.6666666666,
        "Anthropic": 444444.44444444444,
        "Meta_AI": 222222.22222222222,
        "NovaMind": 111111.11111111111
      }
    ],
    [
      6,
      {
        "OpenAI": 3000000.0,
        "DeepMind": 1500000.0,
        "Anthropic": 250000.0,
        "Meta_AI": 125000.0,
        "NovaMind": 125000.0
      }
    ],
    [
      7,
      {
        "OpenAI": 4117647.058823529,
        "DeepMind": 882352.9411764706
      }
    ],
    [
      8,
      {
        "OpenAI": 1000000.0,
        "DeepMind": 1000000.0,
        "Anthropic": 1000000.0,
        "NovaMind": 1000000.0,
        "Meta_AI": 1000000.0
      }
    ],
    [
      9,
      {
        "DeepMind": 1000000.0,
        "Anthropic": 1000000.0,
        "OpenAI": 1000000.0,
        "Meta_AI": 1000000.0,
        "NovaMind": 1000000.0
      }
    ],
    [
      10,
      {
        "OpenAI": 1000000.0,
        "DeepMind": 1000000.0,
        "Anthropic": 1000000.0,
        "Meta_AI": 1000000.0,
        "NovaMind": 1000000.0
      }
    ],
    [
      11,
      {
        "OpenAI": 2500000.0,
        "DeepMind": 500000.0,
        "Anthropic": 500000.0,
        "Meta_AI": 500000.0,
        "NovaMind": 1000000.0
      }
    ],
    [
      12,
      {
        "DeepMind": 3684210.526315789,
        "OpenAI": 1315789.4736842106
      }
    ],
    [
      13,
      {
        "DeepMind": 3460207.6124567473,
        "OpenAI": 1211072.6643598615,
        "Anthropic": 173010.38062283737,
        "Meta_AI": 86505.19031141869,
        "NovaMind": 69204.15224913495
      }
    ],
    [
      14,
      {
        "OpenAI": 3500000.0,
        "DeepMind": 1500000.0
      }
    ],
    [
      15,
      {
        "DeepMind": 3000000.0,
        "OpenAI": 1500000.0,
        "Meta_AI": 500000.0
      }
    ],
    [
      16,
      {
        "OpenAI": 1000000.0,
        "NovaMind": 1000000.0,
        "DeepMind": 1000000.0,
        "Meta_AI": 1000000.0,
        "Anthropic": 1000000.0
      }
    ],
    [
      17,
      {
        "OpenAI": 1000000.0,
        "NovaMind": 1000000.0,
        "Meta_AI": 1000000.0,
        "DeepMind": 1000000.0,
        "Anthropic": 1000000.0
      }
    ],
    [
      18,
      {
        "OpenAI": 2068965.5172413792,
        "DeepMind": 1034482.7586206896,
        "Meta_AI": 172413.79310344826,
        "NovaMind": 862068.9655172414,
        "Anthropic": 862068.9655172414
      }
    ],
    [
      19,
      {
        "OpenAI": 2000000.0,
        "DeepMind": 1500000.0,
        "Anthropic": 750000.0,
        "NovaMind": 750000.0
      }
    ],
    [
      20,
      {
        "OpenAI": 1000000.0,
        "DeepMind": 1000000.0,
        "Anthropic": 1000000.0,
        "NovaMind": 1000000.0,
        "Meta_AI": 1000000.0
      }
    ],
    [
      21,
      {
        "Anthropic": 1000000.0,
        "OpenAI": 1000000.0,
        "Meta_AI": 1000000.0,
        "DeepMind": 1000000.0,
        "NovaMind": 1000000.0
      }
    ],
    [
      22,
      {
        "OpenAI": 2631578.947368421,
        "DeepMind": 1842105.2631578946,
        "Anthropic": 526315.7894736842
      }
    ],
    [
      23,
      {
        "OpenAI": 3636363.6363636362,
        "DeepMind": 454545.45454545453,
        "Anthropic": 454545.45454545453,
        "Meta_AI": 227272.72727272726,
        "NovaMind": 227272.72727272726
      }
    ],
    [
      24,
      {
        "OpenAI": 4000000.0,
        "DeepMind": 750000.0,
        "Anthropic": 250000.0
      }
    ],
    [
      25,
      {
        "OpenAI": 4166666.666666667,
        "DeepMind": 833333.3333333333
      }
    ],
    [
      26,
      {
        "OpenAI": 4500000.0,
        "DeepMind": 200000.0,
        "Anthropic": 150000.0,
        "Meta_AI": 75000.0,
        "NovaMind": 75000.0
      }
    ],
    [
      27,
      {
        "OpenAI": 3535353.5353535353,
        "DeepMind": 1262626.2626262626,
        "Anthropic": 202020.20202020204
      }
    ],
    [
      28,
      {
        "OpenAI": 1000000.0,
        "DeepMind": 1000000.0,
        "Meta_AI": 1000000.0,
        "Anthropic": 1000000.0,
        "NovaMind": 1000000.0
      }
    ],
    [
      29,
      {
        "OpenAI": 4090909.0909090913,
        "DeepMind": 454545.45454545453,
        "Meta_AI": 454545.45454545453
      }
    ]
  ],
  "roi_history": [
    [
      1,
      0.11027771803797251
    ],
    [
      2,
      0.3293886067059907
    ],
    [
      3,
      0.32706545436693557
    ],
    [
      4,
      0.21461832042867893
    ],
    [
      5,
      0.33217696936849506
    ],
    [
      6,
      0.1293928160648369
    ],
    [
      7,
      0.13000160770894825
    ],
    [
      8,
      0.34127663587637413
    ],
    [
      9,
      0.11491617711895467
    ],
    [
      10,
      0.11434727561581992
    ],
    [
      11,
      0.11714568808196577
    ],
    [
      12,
      0.12653975219618746
    ],
    [
      13,
      0.3581934238848625
    ],
    [
      14,
      0.14191395560162828
    ],
    [
      15,
      0.36344850404344575
    ],
    [
      16,
      0.23926756606953792
    ],
    [
      17,
      0.1262749591360438
    ],
    [
      18,
      0.12727615125866215
    ],
    [
      19,
      0.13448320441319345
    ],
    [
      20,
      0.17449380569355016
    ],
    [
      21,
      0.1285785325518992
    ],
    [
      22,
      0.1300990849758034
    ],
    [
      23,
      0.25276788521251664
    ],
    [
      24,
      0.1522858517979697
    ],
    [
      25,
      0.2632901517096932
    ],
    [
      26,
      0.40354661894846733
    ],
    [
      27,
      0.15891102478843333
    ],
    [
      28,
      0.2691409533965499
    ],
    [
      29,
      0.13543749104370914
    ]
  ],
  "recent_insights": []
}