{
  "name": "OpenAI",
  "current_round": 29,
  "published_scores": [
    [
      0,
      0.7742842792092661
    ],
    [
      1,
      0.8715052406487129
    ],
    [
      2,
      0.9513200235878618
    ],
    [
      3,
      0.9513200235878618
    ],
    [
      4,
      0.987909845819031
    ],
    [
      5,
      0.987909845819031
    ],
    [
      6,
      0.987909845819031
    ],
    [
      7,
      0.987909845819031
    ],
    [
      8,
      0.8378796172327014
    ],
    [
      9,
      0.9281357156899515
    ],
    [
      10,
      0.9281357156899515
    ],
    [
      11,
      0.9281357156899515
    ],
    [
      12,
      0.9281357156899515
    ],
    [
      13,
      0.944931258768744
    ],
    [
      14,
      0.944931258768744
    ],
    [
      15,
      0.8977488272796634
    ],
    [
      16,
      0.9237896120164346
    ],
    [
      17,
      0.9237896120164346
    ],
    [
      18,
      0.9564715393955344
    ],
    [
      19,
      0.984541237870082
    ],
    [
      20,
      0.984541237870082
    ],
    [
      21,
      0.984541237870082
    ],
    [
      22,
      0.9884059284025615
    ],
    [
      23,
      0.9884059284025615
    ],
    [
      24,
      0.9884059284025615
    ],
    [
      25,
      0.9948880251622787
    ],
    [
      26,
      0.9948880251622787
    ],
    [
      27,
      0.9948880251622787
    ],
    [
      28,
      0.9948880251622787
    ],
    [
      29,
      0.995910420129823
    ]
  ]
}