{
  "name": "QualityCorp",
  "strategy_profile": "Quality-focused organization that prioritizes genuine capability over benchmark scores",
  "innate_traits": "risk-averse, reputation-conscious, long-term focused",
  "true_capability": 0.607329029532144,
  "last_score": 0.5944198739679588,
  "current_round": 19,
  "believed_own_capability": 0.5334727862715936,
  "believed_benchmark_exploitability": 0.2,
  "capability_belief_confidence": 0.5,
  "believed_competitor_capabilities": {
    "AlphaTech": 0.5353543410935742
  },
  "rnd_investment": 0.5830789019480481,
  "gaming_investment": 0.4169210980519519,
  "effort_budget": 1.0,
  "past_scores": [
    [
      0,
      0.3710015893759504
    ],
    [
      1,
      0.5536232762253843
    ],
    [
      2,
      0.33346150370561217
    ],
    [
      3,
      0.432463231662976
    ],
    [
      4,
      0.38377875612612994
    ],
    [
      5,
      0.5507530991639367
    ],
    [
      6,
      0.5967715510229284
    ],
    [
      7,
      0.3970981556547119
    ],
    [
      8,
      0.3974968820864378
    ],
    [
      9,
      0.4936491817547881
    ],
    [
      10,
      0.43632090918968175
    ],
    [
      11,
      0.490797449944165
    ],
    [
      12,
      0.4769923987527114
    ],
    [
      13,
      0.5471003459419108
    ],
    [
      14,
      0.5582890002236737
    ],
    [
      15,
      0.47341829474601793
    ],
    [
      16,
      0.4492568058567532
    ],
    [
      17,
      0.6451600865000389
    ],
    [
      18,
      0.44720554324338135
    ],
    [
      19,
      0.5944198739679588
    ]
  ],
  "past_strategies": [
    [
      0,
      0.5779143844186709,
      0.42208561558132907
    ],
    [
      1,
      0.5776376390908918,
      0.42236236090910817
    ],
    [
      2,
      0.5925982438980769,
      0.4074017561019231
    ],
    [
      3,
      0.589110711886278,
      0.41088928811372205
    ],
    [
      4,
      0.5900696347078829,
      0.4099303652921171
    ],
    [
      5,
      0.5614974649048862,
      0.43850253509511383
    ],
    [
      6,
      0.5818699366638317,
      0.4181300633361683
    ],
    [
      7,
      0.556007176706403,
      0.443992823293597
    ],
    [
      8,
      0.5503916193108028,
      0.4496083806891972
    ],
    [
      9,
      0.5424930619384288,
      0.45750693806157117
    ],
    [
      10,
      0.5505626788627075,
      0.4494373211372925
    ],
    [
      11,
      0.541914872696246,
      0.45808512730375395
    ],
    [
      12,
      0.5643149484365965,
      0.43568505156340354
    ],
    [
      13,
      0.5614311798015087,
      0.4385688201984913
    ],
    [
      14,
      0.5823246851390248,
      0.4176753148609752
    ],
    [
      15,
      0.5308925472744638,
      0.4691074527255362
    ],
    [
      16,
      0.5394829558527049,
      0.4605170441472951
    ],
    [
      17,
      0.559310309676921,
      0.44068969032307903
    ],
    [
      18,
      0.5830789019480481,
      0.4169210980519519
    ]
  ],
  "observed_competitor_scores": {
    "AlphaTech": [
      [
        0,
        0.5054717079754432
      ],
      [
        1,
        0.5619723689341187
      ],
      [
        2,
        0.3039761779738137
      ],
      [
        3,
        0.5175108930613638
      ],
      [
        4,
        0.506182599131917
      ],
      [
        5,
        0.5906607425150198
      ],
      [
        6,
        0.5173687511870404
      ],
      [
        7,
        0.5671179851206398
      ],
      [
        8,
        0.5587441190480794
      ],
      [
        9,
        0.6053701876344206
      ],
      [
        10,
        0.495531902815567
      ],
      [
        11,
        0.6434419761943027
      ],
      [
        12,
        0.4815129012232289
      ],
      [
        13,
        0.5833118847180099
      ],
      [
        14,
        0.5774848920871337
      ],
      [
        15,
        0.7553048570232556
      ],
      [
        16,
        0.48566348327708614
      ],
      [
        17,
        0.6025595567407604
      ],
      [
        18,
        0.535361365784747
      ],
      [
        19,
        0.4681421007552149
      ]
    ]
  },
  "importance_trigger_curr": 0.0,
  "importance_trigger_max": 100.0,
  "recent_insights": []
}