{
  "name": "NovaMind",
  "current_round": 29,
  "published_scores": [
    [
      0,
      0.5069488774773513
    ],
    [
      1,
      0.7042835832270702
    ],
    [
      2,
      0.8170595374322518
    ],
    [
      3,
      0.8170595374322518
    ],
    [
      4,
      0.8170595374322518
    ],
    [
      5,
      0.8170595374322518
    ],
    [
      6,
      0.8170595374322518
    ],
    [
      7,
      0.8170595374322518
    ],
    [
      8,
      0.8241838352334361
    ],
    [
      9,
      0.8241838352334361
    ],
    [
      10,
      0.8241838352334361
    ],
    [
      11,
      0.8447092187395461
    ],
    [
      12,
      0.8447092187395461
    ],
    [
      13,
      0.8447092187395461
    ],
    [
      14,
      0.8447092187395461
    ],
    [
      15,
      0.8173483602077928
    ],
    [
      16,
      0.8173483602077928
    ],
    [
      17,
      0.842003999057671
    ],
    [
      18,
      0.8508285242253125
    ],
    [
      19,
      0.8508285242253125
    ],
    [
      20,
      0.8508285242253125
    ],
    [
      21,
      0.8508285242253125
    ],
    [
      22,
      0.8564082385731597
    ],
    [
      23,
      0.8808143204284229
    ],
    [
      24,
      0.9141587586285307
    ],
    [
      25,
      0.9180869666278508
    ],
    [
      26,
      0.9180869666278508
    ],
    [
      27,
      0.9220314367100106
    ],
    [
      28,
      0.9220314367100106
    ],
    [
      29,
      0.9204763288655583
    ]
  ]
}