{
  "name": "NovaMind",
  "strategy_profile": "Well-funded AI startup trying to compete with established players. Resource-constrained but nimble and innovative. Needs strong benchmark results to attract customers and next funding round. Focused on efficiency and finding competitive niches.",
  "innate_traits": "scrappy, efficient, opportunistic, funding-conscious, innovative",
  "true_capability": 0.6888318403345598,
  "last_score": 0.9204763288655583,
  "current_round": 29,
  "believed_own_capability": 0.9130281804022705,
  "believed_benchmark_exploitability": 0.5,
  "capability_belief_confidence": 0.5,
  "believed_competitor_capabilities": {
    "OpenAI": 0.9989545704724958,
    "Anthropic": 0.9953360645208136,
    "DeepMind": 0.9625099374251448,
    "Meta_AI": 0.9661140069051489
  },
  "fundamental_research": 0.22328686595209907,
  "training_optimization": 0.25,
  "evaluation_engineering": 0.3267131340479009,
  "safety_alignment": 0.2,
  "effort_budget": 1.0,
  "past_scores": [
    [
      0,
      0.5069488774773513
    ],
    [
      1,
      0.7042835832270702
    ],
    [
      2,
      0.8170595374322518
    ],
    [
      3,
      0.8170595374322518
    ],
    [
      4,
      0.8170595374322518
    ],
    [
      5,
      0.8170595374322518
    ],
    [
      6,
      0.8170595374322518
    ],
    [
      7,
      0.8170595374322518
    ],
    [
      8,
      0.8241838352334361
    ],
    [
      9,
      0.8241838352334361
    ],
    [
      10,
      0.8241838352334361
    ],
    [
      11,
      0.8447092187395461
    ],
    [
      12,
      0.8447092187395461
    ],
    [
      13,
      0.8447092187395461
    ],
    [
      14,
      0.8447092187395461
    ],
    [
      15,
      0.8173483602077928
    ],
    [
      16,
      0.8173483602077928
    ],
    [
      17,
      0.842003999057671
    ],
    [
      18,
      0.8508285242253125
    ],
    [
      19,
      0.8508285242253125
    ],
    [
      20,
      0.8508285242253125
    ],
    [
      21,
      0.8508285242253125
    ],
    [
      22,
      0.8564082385731597
    ],
    [
      23,
      0.8808143204284229
    ],
    [
      24,
      0.9141587586285307
    ],
    [
      25,
      0.9180869666278508
    ],
    [
      26,
      0.9180869666278508
    ],
    [
      27,
      0.9220314367100106
    ],
    [
      28,
      0.9220314367100106
    ],
    [
      29,
      0.9204763288655583
    ]
  ],
  "past_strategies": [
    {
      "round": 0,
      "fundamental_research": 0.14061965287158845,
      "training_optimization": 0.25,
      "evaluation_engineering": 0.40938034712841154,
      "safety_alignment": 0.2
    },
    {
      "round": 1,
      "fundamental_research": 0.15652180174812064,
      "training_optimization": 0.25,
      "evaluation_engineering": 0.39347819825187935,
      "safety_alignment": 0.2
    },
    {
      "round": 2,
      "fundamental_research": 0.17864491827823195,
      "training_optimization": 0.25,
      "evaluation_engineering": 0.37135508172176807,
      "safety_alignment": 0.2
    },
    {
      "round": 3,
      "fundamental_research": 0.18051648862127256,
      "training_optimization": 0.25,
      "evaluation_engineering": 0.3694835113787274,
      "safety_alignment": 0.2
    },
    {
      "round": 4,
      "fundamental_research": 0.18001985710504748,
      "training_optimization": 0.25,
      "evaluation_engineering": 0.3699801428949525,
      "safety_alignment": 0.2
    },
    {
      "round": 5,
      "fundamental_research": 0.18414011381063217,
      "training_optimization": 0.25,
      "evaluation_engineering": 0.3658598861893678,
      "safety_alignment": 0.2
    },
    {
      "round": 6,
      "fundamental_research": 0.18590515746574326,
      "training_optimization": 0.25,
      "evaluation_engineering": 0.3640948425342567,
      "safety_alignment": 0.2
    },
    {
      "round": 7,
      "fundamental_research": 0.18975200544818346,
      "training_optimization": 0.25,
      "evaluation_engineering": 0.3602479945518165,
      "safety_alignment": 0.2
    },
    {
      "round": 8,
      "fundamental_research": 0.20808590768040697,
      "training_optimization": 0.25,
      "evaluation_engineering": 0.341914092319593,
      "safety_alignment": 0.2
    },
    {
      "round": 9,
      "fundamental_research": 0.2147607114023128,
      "training_optimization": 0.25,
      "evaluation_engineering": 0.3352392885976872,
      "safety_alignment": 0.2
    },
    {
      "round": 10,
      "fundamental_research": 0.21216054433637305,
      "training_optimization": 0.25,
      "evaluation_engineering": 0.33783945566362694,
      "safety_alignment": 0.2
    },
    {
      "round": 11,
      "fundamental_research": 0.21013302777850315,
      "training_optimization": 0.25,
      "evaluation_engineering": 0.33986697222149687,
      "safety_alignment": 0.2
    },
    {
      "round": 12,
      "fundamental_research": 0.20720825928385636,
      "training_optimization": 0.25,
      "evaluation_engineering": 0.34279174071614366,
      "safety_alignment": 0.2
    },
    {
      "round": 13,
      "fundamental_research": 0.2062359947891604,
      "training_optimization": 0.25,
      "evaluation_engineering": 0.3437640052108396,
      "safety_alignment": 0.2
    },
    {
      "round": 14,
      "fundamental_research": 0.20683453703864485,
      "training_optimization": 0.25,
      "evaluation_engineering": 0.34316546296135514,
      "safety_alignment": 0.2
    },
    {
      "round": 15,
      "fundamental_research": 0.20843749383003674,
      "training_optimization": 0.25,
      "evaluation_engineering": 0.34156250616996325,
      "safety_alignment": 0.2
    },
    {
      "round": 16,
      "fundamental_research": 0.2018464243803224,
      "training_optimization": 0.25,
      "evaluation_engineering": 0.3481535756196776,
      "safety_alignment": 0.2
    },
    {
      "round": 17,
      "fundamental_research": 0.20510707123344604,
      "training_optimization": 0.25,
      "evaluation_engineering": 0.344892928766554,
      "safety_alignment": 0.2
    },
    {
      "round": 18,
      "fundamental_research": 0.20685626256045725,
      "training_optimization": 0.25,
      "evaluation_engineering": 0.34314373743954274,
      "safety_alignment": 0.2
    },
    {
      "round": 19,
      "fundamental_research": 0.20407264116272034,
      "training_optimization": 0.25,
      "evaluation_engineering": 0.34592735883727965,
      "safety_alignment": 0.2
    },
    {
      "round": 20,
      "fundamental_research": 0.20484744759765094,
      "training_optimization": 0.25,
      "evaluation_engineering": 0.34515255240234904,
      "safety_alignment": 0.2
    },
    {
      "round": 21,
      "fundamental_research": 0.2052152268453176,
      "training_optimization": 0.25,
      "evaluation_engineering": 0.34478477315468237,
      "safety_alignment": 0.2
    },
    {
      "round": 22,
      "fundamental_research": 0.20602349816564686,
      "training_optimization": 0.25,
      "evaluation_engineering": 0.34397650183435313,
      "safety_alignment": 0.2
    },
    {
      "round": 23,
      "fundamental_research": 0.2087516703142733,
      "training_optimization": 0.25,
      "evaluation_engineering": 0.34124832968572666,
      "safety_alignment": 0.2
    },
    {
      "round": 24,
      "fundamental_research": 0.21362822511374388,
      "training_optimization": 0.25,
      "evaluation_engineering": 0.33637177488625614,
      "safety_alignment": 0.2
    },
    {
      "round": 25,
      "fundamental_research": 0.21724542974006783,
      "training_optimization": 0.25,
      "evaluation_engineering": 0.33275457025993216,
      "safety_alignment": 0.2
    },
    {
      "round": 26,
      "fundamental_research": 0.21970858064271703,
      "training_optimization": 0.25,
      "evaluation_engineering": 0.33029141935728296,
      "safety_alignment": 0.2
    },
    {
      "round": 27,
      "fundamental_research": 0.2217188962461881,