{
  "name": "Anthropic",
  "current_round": 29,
  "published_scores": [
    [
      0,
      0.4095015893759504
    ],
    [
      1,
      0.33731435705219737
    ],
    [
      2,
      0.5446912273586267
    ],
    [
      3,
      0.6692550040685044
    ],
    [
      4,
      0.6978016593907028
    ],
    [
      5,
      0.6263898310804764
    ],
    [
      6,
      0.5895705103184785
    ],
    [
      7,
      0.7244238036493382
    ],
    [
      8,
      0.5713315263765361
    ],
    [
      9,
      0.6546289237888163
    ],
    [
      10,
      0.577896407719395
    ],
    [
      11,
      0.6886558045361026
    ],
    [
      12,
      0.5477236824792764
    ],
    [
      13,
      0.7119547159895937
    ],
    [
      14,
      0.6645269786521002
    ],
    [
      15,
      0.7342626662657292
    ],
    [
      16,
      0.6593622629231316
    ],
    [
      17,
      0.5128957019405913
    ],
    [
      18,
      0.6026859475376091
    ],
    [
      19,
      0.5850814263122333
    ],
    [
      20,
      0.6445649051925416
    ],
    [
      21,
      0.7524708929372751
    ],
    [
      22,
      0.6406975410770268
    ],
    [
      23,
      0.5637474071132299
    ],
    [
      24,
      0.7487355833462173
    ],
    [
      25,
      0.6598252928899332
    ],
    [
      26,
      0.6783153617889386
    ],
    [
      27,
      0.679182094724563
    ],
    [
      28,
      0.7699266854059708
    ],
    [
      29,
      0.7727004798490258
    ]
  ]
}