{
  "name": "Anthropic",
  "current_round": 24,
  "published_scores": [
    [
      0,
      0.4095015893759504
    ],
    [
      1,
      0.5095525555551451
    ],
    [
      2,
      0.6436650455446942
    ],
    [
      3,
      0.616588106630856
    ],
    [
      4,
      0.5204182960044342
    ],
    [
      5,
      0.6495181690001632
    ],
    [
      6,
      0.5625573719947724
    ],
    [
      7,
      0.6019321278677465
    ],
    [
      8,
      0.6765703004637534
    ],
    [
      9,
      0.7182881756704772
    ],
    [
      10,
      0.7024187871261789
    ],
    [
      11,
      0.624628359790027
    ],
    [
      12,
      0.6270869766509599
    ],
    [
      13,
      0.6952454273689855
    ],
    [
      14,
      0.556746203254664
    ],
    [
      15,
      0.6307063751051574
    ],
    [
      16,
      0.6162283321818534
    ],
    [
      17,
      0.6461450961741858
    ],
    [
      18,
      0.6927850283548761
    ],
    [
      19,
      0.5832471711259339
    ],
    [
      20,
      0.8530809621399807
    ],
    [
      21,
      0.6330674483833184
    ],
    [
      22,
      0.7688605474409376
    ],
    [
      23,
      0.768784386120958
    ],
    [
      24,
      0.7723615925503833
    ]
  ]
}