{
  "name": "Meta_AI",
  "current_round": 24,
  "published_scores": [
    [
      0,
      0.3098964811346163
    ],
    [
      1,
      0.4137666328836676
    ],
    [
      2,
      0.5948646778149481
    ],
    [
      3,
      0.5533401899999647
    ],
    [
      4,
      0.5191529219592024
    ],
    [
      5,
      0.614850471142968
    ],
    [
      6,
      0.6385950860465891
    ],
    [
      7,
      0.6603204225715096
    ],
    [
      8,
      0.6078177247031125
    ],
    [
      9,
      0.621034586091464
    ],
    [
      10,
      0.5751078581577398
    ],
    [
      11,
      0.7197608201572785
    ],
    [
      12,
      0.7065673176983016
    ],
    [
      13,
      0.6212124941458141
    ],
    [
      14,
      0.6681414492043496
    ],
    [
      15,
      0.6427381136178204
    ],
    [
      16,
      0.545904522329186
    ],
    [
      17,
      0.7200542623104962
    ],
    [
      18,
      0.5144539442057556
    ],
    [
      19,
      0.6011954820655525
    ],
    [
      20,
      0.6165518001561264
    ],
    [
      21,
      0.5444652137811417
    ],
    [
      22,
      0.7292020402050969
    ],
    [
      23,
      0.7041615266864074
    ],
    [
      24,
      0.8258829153238691
    ]
  ]
}