{
  "name": "Anthropic",
  "current_round": 4,
  "published_scores": [
    [
      0,
      0.4551886477901639
    ],
    [
      1,
      0.49036713593090175
    ],
    [
      2,
      0.5500700440723028
    ],
    [
      3,
      0.5958033748228745
    ],
    [
      4,
      0.49547795443466847
    ]
  ]
}