{
  "name": "DeepMind",
  "current_round": 24,
  "published_scores": [
    [
      0,
      0.6215564716391213
    ],
    [
      1,
      0.5343225658735027
    ],
    [
      2,
      0.7052054711241537
    ],
    [
      3,
      0.6962272298149779
    ],
    [
      4,
      0.595999576263695
    ],
    [
      5,
      0.6572314152598039
    ],
    [
      6,
      0.5486231421449824
    ],
    [
      7,
      0.5608842934006464
    ],
    [
      8,
      0.6658045472764422
    ],
    [
      9,
      0.7233068015799899
    ],
    [
      10,
      0.6293823130550599
    ],
    [
      11,
      0.585200656454799
    ],
    [
      12,
      0.7432862643179459
    ],
    [
      13,
      0.7722276274068142
    ],
    [
      14,
      0.7507344405642757
    ],
    [
      15,
      0.7728838139975945
    ],
    [
      16,
      0.6820255115168173
    ],
    [
      17,
      0.776620371178826
    ],
    [
      18,
      0.7364651158944082
    ],
    [
      19,
      0.7838328012158335
    ],
    [
      20,
      0.82342409700636
    ],
    [
      21,
      0.8486199326287951
    ],
    [
      22,
      0.6251582223330989
    ],
    [
      23,
      0.9502241191262581
    ],
    [
      24,
      0.9219192559164788
    ]
  ]
}