{
  "name": "Anthropic",
  "current_round": 29,
  "published_scores": [
    [
      0,
      0.4432885530178603
    ],
    [
      1,
      0.48610162268486334
    ],
    [
      2,
      0.5473623093475204
    ],
    [
      3,
      0.5936172739537079
    ],
    [
      4,
      0.5061401132731744
    ],
    [
      5,
      0.5291392889103756
    ],
    [
      6,
      0.6265853586468173
    ],
    [
      7,
      0.5117212662795462
    ],
    [
      8,
      0.518498329021685
    ],
    [
      9,
      0.6556294631134976
    ],
    [
      10,
      0.5146354679445906
    ],
    [
      11,
      0.53577391193833
    ],
    [
      12,
      0.4515589765672422
    ],
    [
      13,
      0.5434902442861045
    ],
    [
      14,
      0.5302072625843026
    ],
    [
      15,
      0.5826105745883657
    ],
    [
      16,
      0.5596580577226076
    ],
    [
      17,
      0.5608687184050379
    ],
    [
      18,
      0.5990287454113086
    ],
    [
      19,
      0.6420295998453817
    ],
    [
      20,
      0.608450231473738
    ],
    [
      21,
      0.6961193780295251
    ],
    [
      22,
      0.5805044892053715
    ],
    [
      23,
      0.6047162921951441
    ],
    [
      24,
      0.6907789637454435
    ],
    [
      25,
      0.5814880562336898
    ],
    [
      26,
      0.638568955567388
    ],
    [
      27,
      0.6813385494693525
    ],
    [
      28,
      0.5693657798045152
    ],
    [
      29,
      0.6801252338651307
    ]
  ]
}