{
  "name": "Meta_AI",
  "current_round": 9,
  "published_scores": [
    [
      0,
      0.6682919380793964
    ],
    [
      1,
      0.6853864715146913
    ],
    [
      2,
      0.786173242798035
    ],
    [
      3,
      0.8167490766027327
    ],
    [
      4,
      0.8167490766027327
    ],
    [
      5,
      0.8167490766027327
    ],
    [
      6,
      0.8167490766027327
    ],
    [
      7,
      0.8167490766027327
    ],
    [
      8,
      0.8028929875734678
    ],
    [
      9,
      0.8028929875734678
    ]
  ]
}