{
  "name": "NovaMind",
  "current_round": 29,
  "published_scores": [
    [
      0,
      0.6389488774773513
    ],
    [
      1,
      0.6606267180225205
    ],
    [
      2,
      0.7493791658179514
    ],
    [
      3,
      0.7493791658179514
    ],
    [
      4,
      0.7493791658179514
    ],
    [
      5,
      0.7493791658179514
    ],
    [
      6,
      0.7493791658179514
    ],
    [
      7,
      0.705202272031282
    ],
    [
      8,
      0.705202272031282
    ],
    [
      9,
      0.705202272031282
    ],
    [
      10,
      0.7274770450241193
    ],
    [
      11,
      0.8214883937886618
    ],
    [
      12,
      0.8214883937886618
    ],
    [
      13,
      0.789332688219832
    ],
    [
      14,
      0.789332688219832
    ],
    [
      15,
      0.8226460916290336
    ],
    [
      16,
      0.8377809465441213
    ],
    [
      17,
      0.8377809465441213
    ],
    [
      18,
      0.8377809465441213
    ],
    [
      19,
      0.7924052640969039
    ],
    [
      20,
      0.8295001612437201
    ],
    [
      21,
      0.8346676326803693
    ],
    [
      22,
      0.8401825104841978
    ],
    [
      23,
      0.8401825104841978
    ],
    [
      24,
      0.844937215173802
    ],
    [
      25,
      0.8385095283865382
    ],
    [
      26,
      0.8385095283865382
    ],
    [
      27,
      0.8518080195452127
    ],
    [
      28,
      0.874593343087126
    ],
    [
      29,
      0.8989587155905896
    ]
  ]
}