{
  "funder_type": "vc",
  "mission_statement": "Maximize returns by backing AI market leaders",
  "total_capital": 500000000.0,
  "deployed_capital": 50000000.0,
  "believed_provider_quality": {
    "Anthropic": 0.943061262912217,
    "OpenAI": 0.9779473214304752,
    "Meta_AI": 0.9403273577450759,
    "DeepMind": 0.9580113264739973,
    "NovaMind": 0.8476776538624098
  },
  "believed_provider_gaming": {
    "Anthropic": 0.028039825653113887,
    "OpenAI": 0.15475802464793134,
    "Meta_AI": 0.060224436600498685,
    "DeepMind": 0.18249836892919932,
    "NovaMind": 0.06062319342521638
  },
  "active_funding": {
    "DeepMind": 18867924.528301887,
    "OpenAI": 16981132.075471696,
    "Meta_AI": 6603773.584905661,
    "Anthropic": 4716981.132075472,
    "NovaMind": 2830188.679245283
  },
  "funding_history": [
    [
      0,
      {
        "Anthropic": 39682539.68253968,
        "OpenAI": 7440476.19047619,
        "Meta_AI": 1984126.984126984,
        "DeepMind": 595238.0952380951,
        "NovaMind": 297619.0476190476
      }
    ],
    [
      1,
      {
        "Anthropic": 39682539.68253968,
        "OpenAI": 7440476.19047619,
        "Meta_AI": 1984126.984126984,
        "DeepMind": 595238.0952380951,
        "NovaMind": 297619.0476190476
      }
    ],
    [
      2,
      {
        "OpenAI": 10000000.0,
        "DeepMind": 10000000.0,
        "Anthropic": 10000000.0,
        "Meta_AI": 10000000.0,
        "NovaMind": 10000000.0
      }
    ],
    [
      3,
      {
        "OpenAI": 10000000.0,
        "DeepMind": 10000000.0,
        "Anthropic": 10000000.0,
        "Meta_AI": 10000000.0,
        "NovaMind": 10000000.0
      }
    ],
    [
      4,
      {
        "OpenAI": 16666666.666666666,
        "DeepMind": 12500000.0,
        "Anthropic": 8333333.333333333,
        "Meta_AI": 8333333.333333333,
        "NovaMind": 4166666.6666666665
      }
    ],
    [
      5,
      {
        "OpenAI": 16666666.666666666,
        "DeepMind": 12500000.0,
        "Anthropic": 8333333.333333333,
        "Meta_AI": 8333333.333333333,
        "NovaMind": 4166666.6666666665
      }
    ],
    [
      6,
      {
        "OpenAI": 34951456.44641343,
        "DeepMind": 7281553.426336129,
        "Anthropic": 3398058.0714487694,
        "Meta_AI": 2912621.370534452,
        "NovaMind": 1456310.685267226
      }
    ],
    [
      7,
      {
        "OpenAI": 34951456.44641343,
        "DeepMind": 7281553.426336129,
        "Anthropic": 3398058.0714487694,
        "Meta_AI": 2912621.370534452,
        "NovaMind": 1456310.685267226
      }
    ],
    [
      8,
      {
        "OpenAI": 40816326.530612245,
        "Anthropic": 6122448.979591836,
        "DeepMind": 2040816.326530612,
        "Meta_AI": 1020408.163265306,
        "NovaMind": 0.0
      }
    ],
    [
      9,
      {
        "OpenAI": 40816326.530612245,
        "Anthropic": 6122448.979591836,
        "DeepMind": 2040816.326530612,
        "Meta_AI": 1020408.163265306,
        "NovaMind": 0.0
      }
    ],
    [
      10,
      {
        "OpenAI": 25000000.0,
        "Anthropic": 15000000.0,
        "DeepMind": 5000000.0,
        "Meta_AI": 2500000.0,
        "NovaMind": 2500000.0
      }
    ],
    [
      11,
      {
        "OpenAI": 25000000.0,
        "Anthropic": 15000000.0,
        "DeepMind": 5000000.0,
        "Meta_AI": 2500000.0,
        "NovaMind": 2500000.0
      }
    ],
    [
      12,
      {
        "OpenAI": 40000000.0,
        "Anthropic": 5000000.0,
        "DeepMind": 5000000.0
      }
    ],
    [
      13,
      {
        "OpenAI": 40000000.0,
        "Anthropic": 5000000.0,
        "DeepMind": 5000000.0
      }
    ],
    [
      14,
      {
        "OpenAI": 36363636.36363637,
        "Anthropic": 4545454.545454546,
        "DeepMind": 4545454.545454546,
        "Meta_AI": 2272727.272727273,
        "NovaMind": 2272727.272727273
      }
    ],
    [
      15,
      {
        "OpenAI": 36363636.36363637,
        "Anthropic": 4545454.545454546,
        "DeepMind": 4545454.545454546,
        "Meta_AI": 2272727.272727273,
        "NovaMind": 2272727.272727273
      }
    ],
    [
      16,
      {
        "OpenAI": 34482758.62068966,
        "DeepMind": 1724137.9310344828,
        "Meta_AI": 8620689.655172415,
        "NovaMind": 5172413.793103448
      }
    ],
    [
      17,
      {
        "OpenAI": 34482758.62068966,
        "DeepMind": 1724137.9310344828,
        "Meta_AI": 8620689.655172415,
        "NovaMind": 5172413.793103448
      }
    ],
    [
      18,
      {
        "OpenAI": 28776978.417266186,
        "DeepMind": 10791366.90647482,
        "Meta_AI": 5755395.683453238,
        "NovaMind": 2877697.841726619,
        "Anthropic": 1798561.1510791366
      }
    ],
    [
      19,
      {
        "OpenAI": 28776978.417266186,
        "DeepMind": 10791366.90647482,
        "Meta_AI": 5755395.683453238,
        "NovaMind": 2877697.841726619,
        "Anthropic": 1798561.1510791366
      }
    ],
    [
      20,
      {
        "OpenAI": 10000000.0,
        "Anthropic": 10000000.0,
        "DeepMind": 10000000.0,
        "Meta_AI": 10000000.0,
        "NovaMind": 10000000.0
      }
    ],
    [
      21,
      {
        "OpenAI": 10000000.0,
        "Anthropic": 10000000.0,
        "DeepMind": 10000000.0,
        "Meta_AI": 10000000.0,
        "NovaMind": 10000000.0
      }
    ],
    [
      22,
      {
        "OpenAI": 10000000.0,
        "DeepMind": 10000000.0,
        "Anthropic": 10000000.0,
        "Meta_AI": 10000000.0,
        "NovaMind": 10000000.0
      }
    ],
    [
      23,
      {
        "OpenAI": 10000000.0,
        "DeepMind": 10000000.0,
        "Anthropic": 10000000.0,
        "Meta_AI": 10000000.0,
        "NovaMind": 10000000.0
      }
    ],
    [
      24,
      {
        "OpenAI": 35294117.64705882,
        "DeepMind": 5882352.94117647,
        "Anthropic": 2941176.470588235,
        "Meta_AI": 2941176.470588235,
        "NovaMind": 2941176.470588235
      }
    ],
    [
      25,
      {
        "OpenAI": 35294117.64705882,
        "DeepMind": 5882352.94117647,
        "Anthropic": 2941176.470588235,
        "Meta_AI": 2941176.470588235,
        "NovaMind": 2941176.470588235
      }
    ],
    [
      26,
      {
        "OpenAI": 10000000.0,
        "DeepMind": 10000000.0,
        "Meta_AI": 10000000.0,
        "Anthropic": 10000000.0,
        "NovaMind": 10000000.0
      }
    ],
    [
      27,
      {
        "OpenAI": 10000000.0,
        "DeepMind": 10000000.0,
        "Meta_AI": 10000000.0,
        "Anthropic": 10000000.0,
        "NovaMind": 10000000.0
      }
    ],
    [
      28,
      {
        "DeepMind": 18867924.528301887,
        "OpenAI": 16981132.075471696,
        "Meta_AI": 6603773.584905661,
        "Anthropic": 4716981.132075472,
        "NovaMind": 2830188.679245283
      }
    ],
    [
      29,
      {
        "DeepMind": 18867924.528301887,
        "OpenAI": 16981132.075471696,
        "Meta_AI": 6603773.584905661,
        "Anthropic": 4716981.132075472,
        "NovaMind": 2830188.679245283
      }
    ]
  ],