{
  "name": "OpenAI",
  "current_round": 4,
  "published_scores": [
    [
      0,
      0.5624401958771561
    ],
    [
      1,
      0.5640428932581156
    ],
    [
      2,
      0.5969918377346011
    ],
    [
      3,
      0.49382098532878616
    ],
    [
      4,
      0.5442225560205957
    ]
  ]
}