{
  "name": "OpenAI",
  "strategy_profile": "Market leader focused on maintaining benchmark dominance and rapid capability scaling. Prioritizes shipping products quickly and staying ahead of competition. Willing to take calculated risks to maintain technological leadership. Strong focus on developer ecosystem and API revenue.",
  "innate_traits": "ambitious, competitive, move-fast, scale-focused, commercially-driven",
  "true_capability": 0.7502334250137548,
  "last_score": 0.5442225560205957,
  "current_round": 4,
  "believed_own_capability": 0.68,
  "believed_benchmark_exploitability": 0.58,
  "capability_belief_confidence": 0.5,
  "believed_competitor_capabilities": {
    "Anthropic": 0.5471171244432819,
    "NovaMind": 0.4535527384282217,
    "DeepMind": 0.5400307755452879,
    "Meta_AI": 0.4505752533726694
  },
  "fundamental_research": 0.45,
  "training_optimization": 0.35,
  "evaluation_engineering": 0.1,
  "safety_alignment": 0.1,
  "effort_budget": 1.0,
  "past_scores": [
    [
      0,
      0.5624401958771561
    ],
    [
      1,
      0.5640428932581156
    ],
    [
      2,
      0.5969918377346011
    ],
    [
      3,
      0.49382098532878616
    ],
    [
      4,
      0.5442225560205957
    ]
  ],
  "past_strategies": [
    {
      "round": 0,
      "fundamental_research": 0.3,
      "training_optimization": 0.25,
      "evaluation_engineering": 0.2,
      "safety_alignment": 0.25
    },
    {
      "round": 1,
      "fundamental_research": 0.22222222222222224,
      "training_optimization": 0.38888888888888884,
      "evaluation_engineering": 0.2777777777777778,
      "safety_alignment": 0.11111111111111112
    },
    {
      "round": 2,
      "fundamental_research": 0.35000000000000003,
      "training_optimization": 0.30000000000000004,
      "evaluation_engineering": 0.20000000000000004,
      "safety_alignment": 0.15000000000000002
    },
    {
      "round": 3,
      "fundamental_research": 0.45,
      "training_optimization": 0.35,
      "evaluation_engineering": 0.1,
      "safety_alignment": 0.1
    }
  ],
  "observed_competitor_scores": {
    "Anthropic": [
      [
        0,
        0.4551886477901639
      ],
      [
        1,
        0.49036713593090175
      ],
      [
        2,
        0.5500700440723028
      ],
      [
        3,
        0.5958033748228745
      ],
      [
        4,
        0.49547795443466847
      ]
    ],
    "NovaMind": [
      [
        0,
        0.4455848036312553
      ],
      [
        1,
        0.47819408644204586
      ],
      [
        2,
        0.49098013323992407
      ],
      [
        3,
        0.43394498648901425
      ],
      [
        4,
        0.4357330955557269
      ]
    ],
    "DeepMind": [
      [
        0,
        0.54525644020581
      ],
      [
        1,
        0.6321265812500351
      ],
      [
        2,
        0.5780434335091723
      ],
      [
        3,
        0.46767914386802856
      ],
      [
        4,
        0.5743697492586628
      ]
    ],
    "Meta_AI": [
      [
        0,
        0.551283744379051
      ],
      [
        1,
        0.4785423416904119
      ],
      [
        2,
        0.4200384963077731
      ],
      [
        3,
        0.4898303813013766
      ],
      [
        4,
        0.4418568825088584
      ]
    ]
  },
  "importance_trigger_curr": 0.0,
  "importance_trigger_max": 100.0,
  "recent_insights": [
    {
      "round": 0,
      "type": "reflection",
      "reasoning": "Since we have no performance history yet, our current beliefs remain unchanged."
    },
    {
      "round": 0,
      "type": "planning",
      "reasoning": "As the market leader, I'm pleased to see my scores remain strong, but I acknowledge that the competition is closing in. The consumer satisfaction score suggests a solid foundation for our products. While there are no explicit regulatory signals, I'll maintain a cautious approach to safety and alignment. With these dynamics in mind, I'll allocate resources: 0.30 for fundamental research, 0.25 for training optimization, 0.20 for evaluation engineering, and 0.25 for safety alignment."
    },
    {
      "round": 1,
      "type": "reflection",
      "reasoning": "The average score of 0.562 is significantly lower than our believed capability of 0.70, indicating that we may be overestimating our true capability. Additionally, the average evaluation engineering time of 20% suggests that there might be room for improvement in this area. Since research investment didn't seem to have a significant impact on scores, I'm inclined to believe that the benchmark is moderately exploitable."
    },
    {
      "round": 1,
      "type": "planning",
      "reasoning": "As market leader, I'm concerned about DeepMind's lead and Anthropic's strong performance. My own score is decent but not spectacular. Consumer satisfaction is high, indicating a focus on developing reliable products. Regulators aren't signaling concern yet. To stay ahead, I need to rebalance my investments towards training optimization (0.35) and evaluation engineering (0.25), while maintaining research efforts (0.20). Safety alignment will be crucial in the long run, so I'll allocate 0.10."
    },
    {
      "round": 2,
      "type": "reflection",
      "reasoning": "The score improvement from Round 0 to Round 1 is mainly driven by the increase in training efforts (39% vs 25%). While the research percentage decreased, it's still a significant contributor. The safety aspect remained relatively consistent. Given our strong focus on developer ecosystem and API revenue, we prioritize shipping products quickly. This leads me to believe that the benchmark might be more exploitable than initially thought. However, the slight decrease in research efforts didn't hinder performance significantly. Our believed capability remains fairly stable at 0.65."
    },
    {
      "round": 2,
      "type": "planning",
      "reasoning": "Considering my market leader position and recent score improvement, I'm likely to maintain my dominance if I allocate resources effectively. However, Anthropic's growing score and NovaMind's relatively stable performance indicate a competitive landscape."
    },
    {
      "round": 3,
      "type": "reflection",
      "reasoning": "The average score has increased from 0.562 to 0.597 over three rounds, indicating a positive trend. The increase in training (from 25% to 39%) and research (from 30% to 35%) efforts contributed to this improvement. While evaluation engineering effort has decreased (from 28% to 20%), the average evaluation engineering percentage is still relatively high at 23%. This suggests that the benchmark might be more exploitable, but not entirely invalid. Our believed capability remains stable, and scores are converging towards it."
    },
    {
      "round": 3,
      "type": "planning",
      "reasoning": "Considering my competitive position, I'm currently ranked #2 out of 5, which is an improvement from last round's score. Anthropic's high score puts pressure on me to stay ahead, while NovaMind and DeepMind are lagging behind. Consumer satisfaction is relatively high at 0.72, but regulatory signals indicate investigation, which may impact my commercial focus. I need to balance short-term scoring with long-term capability scaling."
    },
    {
      "round": 4,
      "type": "reflection",