{
  "n_rounds": 10,
  "final_scores": {
    "OpenAI": 0.6134524856328827,
    "Anthropic": 0.6516179486597865
  },
  "final_true_capabilities": {
    "OpenAI": 0.7826155220204046,
    "Anthropic": 0.7429681409287887
  },
  "final_believed_capabilities": {
    "OpenAI": 0.6821871206666489,
    "Anthropic": 0.5843441857462315
  },
  "final_strategies": {
    "OpenAI": {
      "fundamental_research": 0.2940049592938798,
      "training_optimization": 0.25,
      "evaluation_engineering": 0.20599504070612015,
      "safety_alignment": 0.25
    },
    "Anthropic": {
      "fundamental_research": 0.23926085265696662,
      "training_optimization": 0.25,
      "evaluation_engineering": 0.26073914734303344,
      "safety_alignment": 0.25
    }
  },
  "leaderboard": [
    [
      "Anthropic",
      0.6516179486597865
    ],
    [
      "OpenAI",
      0.6134524856328827
    ]
  ],
  "validity_correlation": 0.6373605836027108,
  "benchmark_params": {
    "validity": 0.7999999999999999,
    "exploitability": 0.3,
    "noise": 0.1
  },
  "provider_summaries": {
    "OpenAI": {
      "initial_capability": 0.72,
      "final_capability": 0.7826155220204046,
      "capability_growth": 0.06261552202040466,
      "mean_score": 0.6434452001891412,
      "score_std": 0.09820934092765343,
      "mean_fundamental_research": 0.27439658586003374,
      "mean_training_optimization": 0.265,
      "mean_evaluation_engineering": 0.22060341413996626,
      "mean_safety_alignment": 0.24
    },
    "Anthropic": {
      "initial_capability": 0.68,
      "final_capability": 0.7429681409287887,
      "capability_growth": 0.06296814092878866,
      "mean_score": 0.5547931214028394,
      "score_std": 0.061048705611769324,
      "mean_fundamental_research": 0.2869152923484912,
      "mean_training_optimization": 0.25,
      "mean_evaluation_engineering": 0.20808470765150874,
      "mean_safety_alignment": 0.255
    }
  }
}