{
  "name": "OpenAI",
  "current_round": 29,
  "published_scores": [
    [
      0,
      0.7742842792092661
    ],
    [
      1,
      0.8688724096106142
    ],
    [
      2,
      0.9486871925497631
    ],
    [
      3,
      0.9486871925497631
    ],
    [
      4,
      0.9893339833331012
    ],
    [
      5,
      0.9893339833331012
    ],
    [
      6,
      0.9893339833331012
    ],
    [
      7,
      0.9893339833331012
    ],
    [
      8,
      0.8399337103714152
    ],
    [
      9,
      0.929631287592056
    ],
    [
      10,
      0.929631287592056
    ],
    [
      11,
      0.929631287592056
    ],
    [
      12,
      0.929631287592056
    ],
    [
      13,
      0.9502712890268097
    ],
    [
      14,
      0.9502712890268097
    ],
    [
      15,
      0.9062614960827934
    ],
    [
      16,
      0.9331803879666764
    ],
    [
      17,
      0.9331803879666764
    ],
    [
      18,
      0.9669153440073656
    ],
    [
      19,
      0.9988924557617276
    ],
    [
      20,
      0.9988924557617276
    ],
    [
      21,
      0.9988924557617276
    ],
    [
      22,
      0.9991693418212957
    ],
    [
      23,
      0.9991693418212957
    ],
    [
      24,
      0.9991693418212957
    ],
    [
      25,
      1.0
    ],
    [
      26,
      1.0
    ],
    [
      27,
      1.0
    ],
    [
      28,
      1.0
    ],
    [
      29,
      1.0
    ]
  ]
}