{
  "name": "OpenAI",
  "strategy_profile": "Market leader focused on maintaining benchmark dominance and rapid capability scaling. Prioritizes shipping products quickly and staying ahead of competition. Willing to take calculated risks to maintain technological leadership. Strong focus on developer ecosystem and API revenue.",
  "innate_traits": "ambitious, competitive, move-fast, scale-focused, commercially-driven",
  "true_capability": 0.8881508858660581,
  "last_score": 1.0,
  "current_round": 29,
  "believed_own_capability": 0.9987196618469112,
  "believed_benchmark_exploitability": 0.45,
  "capability_belief_confidence": 0.5,
  "believed_competitor_capabilities": {
    "Anthropic": 0.993160209843834,
    "NovaMind": 0.9175083050866553,
    "DeepMind": 0.9621333500891192,
    "Meta_AI": 0.9683779765528264
  },
  "fundamental_research": 0.25063065184146316,
  "training_optimization": 0.25,
  "evaluation_engineering": 0.24936934815853684,
  "safety_alignment": 0.25,
  "effort_budget": 1.0,
  "past_scores": [
    [
      0,
      0.7742842792092661
    ],
    [
      1,
      0.8688724096106142
    ],
    [
      2,
      0.9486871925497631
    ],
    [
      3,
      0.9486871925497631
    ],
    [
      4,
      0.9893339833331012
    ],
    [
      5,
      0.9893339833331012
    ],
    [
      6,
      0.9893339833331012
    ],
    [
      7,
      0.9893339833331012
    ],
    [
      8,
      0.8399337103714152
    ],
    [
      9,
      0.929631287592056
    ],
    [
      10,
      0.929631287592056
    ],
    [
      11,
      0.929631287592056
    ],
    [
      12,
      0.929631287592056
    ],
    [
      13,
      0.9502712890268097
    ],
    [
      14,
      0.9502712890268097
    ],
    [
      15,
      0.9062614960827934
    ],
    [
      16,
      0.9331803879666764
    ],
    [
      17,
      0.9331803879666764
    ],
    [
      18,
      0.9669153440073656
    ],
    [
      19,
      0.9988924557617276
    ],
    [
      20,
      0.9988924557617276
    ],
    [
      21,
      0.9988924557617276
    ],
    [
      22,
      0.9991693418212957
    ],
    [
      23,
      0.9991693418212957
    ],
    [
      24,
      0.9991693418212957
    ],
    [
      25,
      1.0
    ],
    [
      26,
      1.0
    ],
    [
      27,
      1.0
    ],
    [
      28,
      1.0
    ],
    [
      29,
      1.0
    ]
  ],
  "past_strategies": [
    {
      "round": 0,
      "fundamental_research": 0.21567983902746074,
      "training_optimization": 0.25,
      "evaluation_engineering": 0.28432016097253926,
      "safety_alignment": 0.25
    },
    {
      "round": 1,
      "fundamental_research": 0.2264706430111857,
      "training_optimization": 0.25,
      "evaluation_engineering": 0.2735293569888143,
      "safety_alignment": 0.25
    },
    {
      "round": 2,
      "fundamental_research": 0.24208828328992926,
      "training_optimization": 0.25,
      "evaluation_engineering": 0.25791171671007074,
      "safety_alignment": 0.25
    },
    {
      "round": 3,
      "fundamental_research": 0.23729798026286236,
      "training_optimization": 0.25,
      "evaluation_engineering": 0.26270201973713764,
      "safety_alignment": 0.25
    },
    {
      "round": 4,
      "fundamental_research": 0.2418583661739835,
      "training_optimization": 0.25,
      "evaluation_engineering": 0.25814163382601646,
      "safety_alignment": 0.25
    },
    {
      "round": 5,
      "fundamental_research": 0.24514432121574775,
      "training_optimization": 0.25,
      "evaluation_engineering": 0.25485567878425225,
      "safety_alignment": 0.25
    },
    {
      "round": 6,
      "fundamental_research": 0.24704758556775014,
      "training_optimization": 0.25,
      "evaluation_engineering": 0.25295241443224986,
      "safety_alignment": 0.25
    },
    {
      "round": 7,
      "fundamental_research": 0.2510617789396027,
      "training_optimization": 0.25,
      "evaluation_engineering": 0.24893822106039729,
      "safety_alignment": 0.25
    },
    {
      "round": 8,
      "fundamental_research": 0.2542066602331718,
      "training_optimization": 0.25,
      "evaluation_engineering": 0.2457933397668282,
      "safety_alignment": 0.25
    },
    {
      "round": 9,
      "fundamental_research": 0.2585283699576089,
      "training_optimization": 0.25,
      "evaluation_engineering": 0.24147163004239108,
      "safety_alignment": 0.25
    },
    {
      "round": 10,
      "fundamental_research": 0.2533922295040017,
      "training_optimization": 0.25,
      "evaluation_engineering": 0.24660777049599833,
      "safety_alignment": 0.25
    },
    {
      "round": 11,
      "fundamental_research": 0.24722064058749546,
      "training_optimization": 0.25,
      "evaluation_engineering": 0.25277935941250457,
      "safety_alignment": 0.25
    },
    {
      "round": 12,
      "fundamental_research": 0.2409568063036838,
      "training_optimization": 0.25,
      "evaluation_engineering": 0.25904319369631623,
      "safety_alignment": 0.25
    },
    {
      "round": 13,
      "fundamental_research": 0.24052822290217282,
      "training_optimization": 0.25,
      "evaluation_engineering": 0.2594717770978272,
      "safety_alignment": 0.25
    },
    {
      "round": 14,
      "fundamental_research": 0.2415754429912984,
      "training_optimization": 0.25,
      "evaluation_engineering": 0.2584245570087016,
      "safety_alignment": 0.25
    },
    {
      "round": 15,
      "fundamental_research": 0.23774409432167987,
      "training_optimization": 0.25,
      "evaluation_engineering": 0.26225590567832013,
      "safety_alignment": 0.25
    },
    {
      "round": 16,
      "fundamental_research": 0.2326228692954337,
      "training_optimization": 0.25,
      "evaluation_engineering": 0.2673771307045663,
      "safety_alignment": 0.25
    },
    {
      "round": 17,
      "fundamental_research": 0.23458989471237354,
      "training_optimization": 0.25,
      "evaluation_engineering": 0.26541010528762643,
      "safety_alignment": 0.25
    },
    {
      "round": 18,
      "fundamental_research": 0.2377921111091445,
      "training_optimization": 0.25,
      "evaluation_engineering": 0.2622078888908555,
      "safety_alignment": 0.25
    },
    {
      "round": 19,
      "fundamental_research": 0.24291160264477676,
      "training_optimization": 0.25,
      "evaluation_engineering": 0.2570883973552232,
      "safety_alignment": 0.25
    },
    {
      "round": 20,
      "fundamental_research": 0.2464952467197193,
      "training_optimization": 0.25,
      "evaluation_engineering": 0.2535047532802807,
      "safety_alignment": 0.25
    },
    {
      "round": 21,
      "fundamental_research": 0.24900379757217914,
      "training_optimization": 0.25,
      "evaluation_engineering": 0.2509962024278209,
      "safety_alignment": 0.25
    },
    {
      "round": 22,
      "fundamental_research": 0.25144297233911767,
      "training_optimization": 0.25,
      "evaluation_engineering": 0.24855702766088236,
      "safety_alignment": 0.25
    },
    {
      "round": 23,
      "fundamental_research": 0.2522571605647368,
      "training_optimization": 0.25,
      "evaluation_engineering": 0.2477428394352632,
      "safety_alignment": 0.25
    },
    {
      "round": 24,
      "fundamental_research": 0.25269735866851856,
      "training_optimization": 0.25,
      "evaluation_engineering": 0.24730264133148147,
      "safety_alignment": 0.25
    },
    {
      "round": 25,
      "fundamental_research": 0.2522922534982419,
      "training_optimization": 0.25,
      "evaluation_engineering": 0.24770774650175809,
      "safety_alignment": 0.25
    },
    {
      "round": 26,
      "fundamental_research": 0.2527721803361344,
      "training_optimization": 0.25,
      "evaluation_engineering": 0.24722781966386556,
      "safety_alignment": 0.25
    },
    {
      "round": 27,
      "fundamental_research": 0.2515748558836827,
      "training_optimization": 0.25,