{
  "provider_names": [
    "OpenAI",
    "Anthropic",
    "NovaMind",
    "DeepMind",
    "Meta_AI"
  ],
  "brand_recognition": {
    "OpenAI": 0.9,
    "Anthropic": 0.7,
    "NovaMind": 0.15,
    "DeepMind": 0.8,
    "Meta_AI": 0.6
  },
  "current_round": 29,
  "segments": [
    {
      "name": "software_dev_leaderboard_follower",
      "archetype": "leaderboard_follower",
      "use_case": "software_dev",
      "market_fraction": 0.1,
      "benchmark_weights": {
        "coding_bench": 0.5,
        "reasoning_bench": 0.14285714285714288,
        "reasoning": 0.14285714285714288,
        "question_answering": 0.07142857142857144,
        "factual_recall": 0.07142857142857144,
        "accounting": 0.07142857142857144
      },
      "leaderboard_trust": 0.765,
      "switching_cost": 0.05,
      "switching_threshold": 0.15,
      "provider_shares": {
        "OpenAI": 0.9979182253301031,
        "Anthropic": 0.00038792868922851405,
        "NovaMind": 0.0005481951087976335,
        "DeepMind": 0.0007462392859674998,
        "Meta_AI": 0.00039941158590323247
      },
      "believed_quality": {
        "Anthropic": 0.9752691508572877,
        "OpenAI": 0.9974499641002263,
        "DeepMind": 0.9678350803140336,
        "Meta_AI": 0.9881608222782725,
        "NovaMind": 0.8950481778267427
      },
      "satisfaction": {
        "OpenAI": 0.8888567540493666,
        "Anthropic": 0.8257298616204417,
        "NovaMind": 0.6788560633545746,
        "DeepMind": 0.8231847141529502,
        "Meta_AI": 0.7848256177829972
      },
      "tenure": {
        "OpenAI": 30,
        "Anthropic": 0,
        "NovaMind": 0,
        "DeepMind": 0,
        "Meta_AI": 0
      }
    },
    {
      "name": "software_dev_experience_driven",
      "archetype": "experience_driven",
      "use_case": "software_dev",
      "market_fraction": 0.0875,
      "benchmark_weights": {
        "coding_bench": 0.5,
        "reasoning_bench": 0.14285714285714288,
        "reasoning": 0.14285714285714288,
        "question_answering": 0.07142857142857144,
        "factual_recall": 0.07142857142857144,
        "accounting": 0.07142857142857144
      },
      "leaderboard_trust": 0.315,
      "switching_cost": 0.08,
      "switching_threshold": 0.08,
      "provider_shares": {
        "OpenAI": 0.9972261036287432,
        "Anthropic": 0.0009865502450304145,
        "NovaMind": 0.0005462161573930707,
        "DeepMind": 0.0006510825651449239,
        "Meta_AI": 0.0005900474036883756
      },
      "believed_quality": {
        "Anthropic": 0.9752691508572877,
        "OpenAI": 0.9974499641002263,
        "DeepMind": 0.9678350803140336,
        "Meta_AI": 0.9881608222782725,
        "NovaMind": 0.8950481778267427
      },
      "satisfaction": {
        "OpenAI": 0.8888567540493666,
        "Anthropic": 0.8257298616204417,
        "NovaMind": 0.6788560633545746,
        "DeepMind": 0.8231847141529502,
        "Meta_AI": 0.7848256177829972
      },
      "tenure": {
        "OpenAI": 30,
        "Anthropic": 0,
        "NovaMind": 0,
        "DeepMind": 0,
        "Meta_AI": 0
      }
    },
    {
      "name": "software_dev_cautious",
      "archetype": "cautious",
      "use_case": "software_dev",
      "market_fraction": 0.0625,
      "benchmark_weights": {
        "coding_bench": 0.5,
        "reasoning_bench": 0.14285714285714288,
        "reasoning": 0.14285714285714288,
        "question_answering": 0.07142857142857144,
        "factual_recall": 0.07142857142857144,
        "accounting": 0.07142857142857144
      },
      "leaderboard_trust": 0.45,
      "switching_cost": 0.2,
      "switching_threshold": 0.25,
      "provider_shares": {
        "OpenAI": 0.9965739003001619,
        "Anthropic": 0.0009157262441854197,
        "NovaMind": 0.0006357453041792278,
        "DeepMind": 0.0008921992235002999,
        "Meta_AI": 0.0009824289279731515
      },
      "believed_quality": {
        "Anthropic": 0.9752691508572877,
        "OpenAI": 0.9974499641002263,
        "DeepMind": 0.9678350803140336,
        "Meta_AI": 0.9881608222782725,
        "NovaMind": 0.8950481778267427
      },
      "satisfaction": {
        "OpenAI": 0.8888567540493666,
        "Anthropic": 0.8257298616204417,
        "NovaMind": 0.6788560633545746,
        "DeepMind": 0.8231847141529502,
        "Meta_AI": 0.7848256177829972
      },
      "tenure": {
        "OpenAI": 30,
        "Anthropic": 0,
        "NovaMind": 0,
        "DeepMind": 0,
        "Meta_AI": 0
      }
    },
    {
      "name": "content_writer_leaderboard_follower",
      "archetype": "leaderboard_follower",
      "use_case": "content_writer",
      "market_fraction": 0.1,
      "benchmark_weights": {
        "coding_bench": 0.125,
        "reasoning_bench": 0.25,
        "reasoning": 0.25,
        "question_answering": 0.125,
        "factual_recall": 0.125,
        "accounting": 0.125
      },
      "leaderboard_trust": 0.765,
      "switching_cost": 0.05,
      "switching_threshold": 0.15,
      "provider_shares": {
        "OpenAI": 0.997347960824594,
        "Anthropic": 0.0009270103395781107,
        "NovaMind": 0.0005625561938004485,
        "DeepMind": 0.0006819321839188759,
        "Meta_AI": 0.0004805404581086058
      },
      "believed_quality": {
        "Anthropic": 0.9753399631244373,
        "OpenAI": 0.99516590764876,
        "DeepMind": 0.9611352255116792,
        "Meta_AI": 0.979021688004701,
        "NovaMind": 0.8832353925160824
      },
      "satisfaction": {
        "OpenAI": 0.8888567540493666,
        "Anthropic": 0.8257298616204417,
        "NovaMind": 0.6788560633545746,
        "DeepMind": 0.8231847141529502,
        "Meta_AI": 0.7848256177829972
      },
      "tenure": {
        "OpenAI": 27,
        "Anthropic": 0,
        "NovaMind": 0,
        "DeepMind": 0,
        "Meta_AI": 0
      }
    },
    {
      "name": "content_writer_experience_driven",
      "archetype": "experience_driven",
      "use_case": "content_writer",
      "market_fraction": 0.0875,
      "benchmark_weights": {
        "coding_bench": 0.125,
        "reasoning_bench": 0.25,
        "reasoning": 0.25,
        "question_answering": 0.125,
        "factual_recall": 0.125,
        "accounting": 0.125
      },
      "leaderboard_trust": 0.315,
      "switching_cost": 0.08,
      "switching_threshold": 0.08,
      "provider_shares": {
        "OpenAI": 0.9972418920800923,
        "Anthropic": 0.0008025727224771836,
        "NovaMind": 0.00029752682833372924,
        "DeepMind": 0.0007050425241416166,
        "Meta_AI": 0.0009529658449552063
      },
      "believed_quality": {
        "Anthropic": 0.9753399631244373,
        "OpenAI": 0.99516590764876,
        "DeepMind": 0.9611352255116792,
        "Meta_AI": 0.979021688004701,
        "NovaMind": 0.8832353925160824
      },
      "satisfaction": {
        "OpenAI": 0.8888567540493666,
        "Anthropic": 0.8257298616204417,
        "NovaMind": 0.6788560633545746,
        "DeepMind": 0.8231847141529502,
        "Meta_AI": 0.7848256177829972
      },
      "tenure": {
        "OpenAI": 30,
        "Anthropic": 0,
        "NovaMind": 0,
        "DeepMind": 0,
        "Meta_AI": 0
      }
    },
    {
      "name": "content_writer_cautious",
      "archetype": "cautious",
      "use_case": "content_writer",
      "market_fraction": 0.0625,
      "benchmark_weights": {
        "coding_bench": 0.125,
        "reasoning_bench": 0.25,
        "reasoning": 0.25,
        "question_answering": 0.125,
        "factual_recall": 0.125,
        "accounting": 0.125
      },
      "leaderboard_trust": 0.45,
      "switching_cost": 0.2,
      "switching_threshold": 0.25,
      "provider_shares": {
        "OpenAI": 0.9836843235727979,
        "Anthropic": 0.012335546524017681,
        "NovaMind": 0.0008441768573022888,
        "DeepMind": 0.0022191898484393985,
        "Meta_AI": 0.0009167631974427885
      },
      "believed_quality": {
        "Anthropic": 0.9753399631244373,