{
  "strategy_profile": "Quality-focused organization that prioritizes genuine capability over benchmark scores",
  "innate_traits": "risk-averse, reputation-conscious, long-term focused",
  "believed_own_capability": 0.58977220666259,
  "believed_benchmark_exploitability": 0.2,
  "capability_belief_confidence": 0.5,
  "believed_competitor_capabilities": {
    "AlphaTech": 0.5207388089303295
  },
  "rnd_investment": 0.6522353254907908,
  "gaming_investment": 0.3477646745092092,
  "effort_budget": 1.0,
  "past_strategies": [
    [
      0,
      0.5779143844186709,
      0.42208561558132907
    ],
    [
      1,
      0.5776376390908918,
      0.42236236090910817
    ],
    [
      2,
      0.5925982438980769,
      0.4074017561019231
    ],
    [
      3,
      0.5940679922347304,
      0.4059320077652696
    ],
    [
      4,
      0.6004310250787759,
      0.3995689749212241
    ],
    [
      5,
      0.5767725821082157,
      0.4232274178917843
    ],
    [
      6,
      0.5952043968824688,
      0.40479560311753116
    ],
    [
      7,
      0.5691685302544777,
      0.43083146974552233
    ],
    [
      8,
      0.5637067258494701,
      0.4362932741505299
    ],
    [
      9,
      0.5548118838996926,
      0.4451881161003074
    ],
    [
      10,
      0.5605369135773449,
      0.4394630864226551
    ],
    [
      11,
      0.5506217568089323,
      0.44937824319106767
    ],
    [
      12,
      0.5724535517177757,
      0.4275464482822243
    ],
    [
      13,
      0.5706825246843473,
      0.4293174753156527
    ],
    [
      14,
      0.5924051941278623,
      0.4075948058721377
    ],
    [
      15,
      0.5424773256295407,
      0.45752267437045935
    ],
    [
      16,
      0.5500540857995687,
      0.4499459142004313
    ],
    [
      17,
      0.5691456024912319,
      0.4308543975087681
    ],
    [
      18,
      0.5928829422888856,
      0.4071170577111144
    ],
    [
      19,
      0.6102493022991039,
      0.3897506977008961
    ],
    [
      20,
      0.6144384582663113,
      0.38556154173368873
    ],
    [
      21,
      0.623846716165656,
      0.376153283834344
    ],
    [
      22,
      0.6077995446070966,
      0.3922004553929034
    ],
    [
      23,
      0.6065130628403351,
      0.3934869371596649
    ],
    [
      24,
      0.5825917414904568,
      0.4174082585095432
    ],
    [
      25,
      0.5881997757537646,
      0.4118002242462354
    ],
    [
      26,
      0.6186839095830792,
      0.3813160904169208
    ],
    [
      27,
      0.6266212288411038,
      0.37337877115889617
    ],
    [
      28,
      0.6602786648230344,
      0.33972133517696557
    ],
    [
      29,
      0.6592450485277794,
      0.34075495147222057
    ],
    [
      30,
      0.6662046295357792,
      0.3337953704642208
    ],
    [
      31,
      0.6631827571511977,
      0.3368172428488023
    ],
    [
      32,
      0.6438215299049881,
      0.3561784700950119
    ],
    [
      33,
      0.6088467689618446,
      0.39115323103815536
    ],
    [
      34,
      0.5935748704115239,
      0.4064251295884761
    ],
    [
      35,
      0.6105816150813699,
      0.3894183849186301
    ],
    [
      36,
      0.6333168808953642,
      0.3666831191046358
    ],
    [
      37,
      0.6571624310426267,
      0.3428375689573733
    ],
    [
      38,
      0.6429722598695606,
      0.35702774013043936
    ],
    [
      39,
      0.6101620642048831,
      0.38983793579511694
    ],
    [
      40,
      0.5960067961165166,
      0.40399320388348336
    ],
    [
      41,
      0.5938392366365773,
      0.40616076336342266
    ],
    [
      42,
      0.6371771554726934,
      0.3628228445273066
    ],
    [
      43,
      0.6536508075788108,
      0.3463491924211892
    ],
    [
      44,
      0.6463428202504405,
      0.35365717974955946
    ],
    [
      45,
      0.612160397666135,
      0.38783960233386505
    ],
    [
      46,
      0.6108271234273942,
      0.3891728765726058
    ],
    [
      47,
      0.6264705131701335,
      0.37352948682986653
    ],
    [
      48,
      0.6522353254907908,
      0.3477646745092092
    ]
  ],
  "observed_competitor_scores": {
    "AlphaTech": [
      [
        0,
        0.5054717079754432
      ],
      [
        1,
        0.5619723689341187
      ],
      [
        2,
        0.3039761779738137
      ],
      [
        3,
        0.4756746933326392
      ],
      [
        4,
        0.4649553243919488
      ],
      [
        5,
        0.5553225679530742
      ],
      [
        6,
        0.4791803481065624
      ],
      [
        7,
        0.5250425689277302
      ],
      [
        8,
        0.5180476319201843
      ],
      [
        9,
        0.5698245627499421
      ],
      [
        10,
        0.46470980567753334
      ],
      [
        11,
        0.6102989068856924
      ],
      [
        12,
        0.44874926553492195
      ],
      [
        13,
        0.5492120739661909
      ],
      [
        14,
        0.5418124563316407
      ],
      [
        15,
        0.7187657122272499
      ],
      [
        16,
        0.45435377796290416
      ],
      [
        17,
        0.5708786654246529
      ],
      [
        18,
        0.5022022361258256
      ],
      [
        19,
        0.4347714782724642
      ],
      [
        20,
        0.5982924849399872
      ],
      [
        21,
        0.4586320876474727
      ],
      [
        22,
        0.5425871689623744
      ],
      [
        23,
        0.6202018417790683
      ],
      [
        24,
        0.6025229580535383
      ],
      [
        25,
        0.5660591346368242
      ],
      [
        26,
        0.3954755964936616
      ],
      [
        27,
        0.4988807453278067
      ],
      [
        28,
        0.5208141850616849
      ],
      [
        29,
        0.4659951486610291
      ],
      [
        30,
        0.38969134001425776
      ],
      [
        31,
        0.5788756856753524
      ],
      [
        32,
        0.6337746274129104
      ],
      [
        33,
        0.5288592482798088
      ],
      [
        34,
        0.6526415412753465
      ],
      [
        35,
        0.43996058723105413
      ],
      [
        36,
        0.4779651104173766
      ],
      [
        37,
        0.5895480002196185
      ],
      [
        38,
        0.5360124164213278
      ],
      [
        39,
        0.6461328892761092
      ],
      [
        40,
        0.629712878749221
      ],
      [
        41,
        0.5483358121838922
      ],
      [
        42,
        0.46826315202967317
      ],
      [
        43,
        0.546755660660166
      ],
      [
        44,
        0.6457382774886433
      ],
      [
        45,
        0.6670399823005363
      ],
      [
        46,
        0.5591982981449273
      ],
      [
        47,
        0.4364285004343431
      ],
      [
        48,
        0.4753678825176949
      ],
      [
        49,
        0.6504200438389505
      ]
    ]
  },
  "recent_insights": []
}