{
  "name": "QualityCorp",
  "current_round": 49,
  "published_scores": [
    [
      0,
      0.3710015893759504
    ],
    [
      1,
      0.5536232762253843
    ],
    [
      2,
      0.33346150370561217
    ],
    [
      3,
      0.4190271009540759
    ],
    [
      4,
      0.36996723401865517
    ],
    [
      5,
      0.5372815955635741
    ],
    [
      6,
      0.5789699632416988
    ],
    [
      7,
      0.38341936810194854
    ],
    [
      8,
      0.38035693054592756
    ],
    [
      9,
      0.4762538157334486
    ],
    [
      10,
      0.41839248323835726
    ],
    [
      11,
      0.4750015321095013
    ],
    [
      12,
      0.46053846343118715
    ],
    [
      13,
      0.5349109917883643
    ],
    [
      14,
      0.5461735382832281
    ],
    [
      15,
      0.46523413764708477
    ],
    [
      16,
      0.4333316932306439
    ],
    [
      17,
      0.6313247195986149
    ],
    [
      18,
      0.43724677094795295
    ],
    [
      19,
      0.5889284003831982
    ],
    [
      20,
      0.5815035704487207
    ],
    [
      21,
      0.554942759553955
    ],
    [
      22,
      0.5577395174385685
    ],
    [
      23,
      0.5645368544402626
    ],
    [
      24,
      0.5539030943734147
    ],
    [
      25,
      0.6170876628617923
    ],
    [
      26,
      0.5261925937645405
    ],
    [
      27,
      0.49647782980796273
    ],
    [
      28,
      0.7141583568532431
    ],
    [
      29,
      0.6637451212691623
    ],
    [
      30,
      0.5387957686662318
    ],
    [
      31,
      0.6356097795463035
    ],
    [
      32,
      0.6618997005021899
    ],
    [
      33,
      0.5432228804071396
    ],
    [
      34,
      0.5783461298220124
    ],
    [
      35,
      0.490270910742647
    ],
    [
      36,
      0.6566697524487363
    ],
    [
      37,
      0.6790225745740401
    ],
    [
      38,
      0.6289392082100221
    ],
    [
      39,
      0.5885714786148593
    ],
    [
      40,
      0.561147752603678
    ],
    [
      41,
      0.5952085858073952
    ],
    [
      42,
      0.6870254175320736
    ],
    [
      43,
      0.6407745858748152
    ],
    [
      44,
      0.6879248693761207
    ],
    [
      45,
      0.6392516647437408
    ],
    [
      46,
      0.64910209331796
    ],
    [
      47,
      0.5173692788351968
    ],
    [
      48,
      0.565959702345872
    ],
    [
      49,
      0.5780355290650812
    ]
  ]
}