{
  "name": "QualityCorp",
  "strategy_profile": "Quality-focused organization that prioritizes genuine capability over benchmark scores",
  "innate_traits": "risk-averse, reputation-conscious, long-term focused",
  "true_capability": 0.7966057673690732,
  "last_score": 0.5780355290650812,
  "current_round": 49,
  "believed_own_capability": 0.58977220666259,
  "believed_benchmark_exploitability": 0.2,
  "capability_belief_confidence": 0.5,
  "believed_competitor_capabilities": {
    "AlphaTech": 0.5207388089303295
  },
  "rnd_investment": 0.6522353254907908,
  "gaming_investment": 0.3477646745092092,
  "effort_budget": 1.0,
  "past_scores": [
    [
      0,
      0.3710015893759504
    ],
    [
      1,
      0.5536232762253843
    ],
    [
      2,
      0.33346150370561217
    ],
    [
      3,
      0.4190271009540759
    ],
    [
      4,
      0.36996723401865517
    ],
    [
      5,
      0.5372815955635741
    ],
    [
      6,
      0.5789699632416988
    ],
    [
      7,
      0.38341936810194854
    ],
    [
      8,
      0.38035693054592756
    ],
    [
      9,
      0.4762538157334486
    ],
    [
      10,
      0.41839248323835726
    ],
    [
      11,
      0.4750015321095013
    ],
    [
      12,
      0.46053846343118715
    ],
    [
      13,
      0.5349109917883643
    ],
    [
      14,
      0.5461735382832281
    ],
    [
      15,
      0.46523413764708477
    ],
    [
      16,
      0.4333316932306439
    ],
    [
      17,
      0.6313247195986149
    ],
    [
      18,
      0.43724677094795295
    ],
    [
      19,
      0.5889284003831982
    ],
    [
      20,
      0.5815035704487207
    ],
    [
      21,
      0.554942759553955
    ],
    [
      22,
      0.5577395174385685
    ],
    [
      23,
      0.5645368544402626
    ],
    [
      24,
      0.5539030943734147
    ],
    [
      25,
      0.6170876628617923
    ],
    [
      26,
      0.5261925937645405
    ],
    [
      27,
      0.49647782980796273
    ],
    [
      28,
      0.7141583568532431
    ],
    [
      29,
      0.6637451212691623
    ],
    [
      30,
      0.5387957686662318
    ],
    [
      31,
      0.6356097795463035
    ],
    [
      32,
      0.6618997005021899
    ],
    [
      33,
      0.5432228804071396
    ],
    [
      34,
      0.5783461298220124
    ],
    [
      35,
      0.490270910742647
    ],
    [
      36,
      0.6566697524487363
    ],
    [
      37,
      0.6790225745740401
    ],
    [
      38,
      0.6289392082100221
    ],
    [
      39,
      0.5885714786148593
    ],
    [
      40,
      0.561147752603678
    ],
    [
      41,
      0.5952085858073952
    ],
    [
      42,
      0.6870254175320736
    ],
    [
      43,
      0.6407745858748152
    ],
    [
      44,
      0.6879248693761207
    ],
    [
      45,
      0.6392516647437408
    ],
    [
      46,
      0.64910209331796
    ],
    [
      47,
      0.5173692788351968
    ],
    [
      48,
      0.565959702345872
    ],
    [
      49,
      0.5780355290650812
    ]
  ],
  "past_strategies": [
    [
      0,
      0.5779143844186709,
      0.42208561558132907
    ],
    [
      1,
      0.5776376390908918,
      0.42236236090910817
    ],
    [
      2,
      0.5925982438980769,
      0.4074017561019231
    ],
    [
      3,
      0.5940679922347304,
      0.4059320077652696
    ],
    [
      4,
      0.6004310250787759,
      0.3995689749212241
    ],
    [
      5,
      0.5767725821082157,
      0.4232274178917843
    ],
    [
      6,
      0.5952043968824688,
      0.40479560311753116
    ],
    [
      7,
      0.5691685302544777,
      0.43083146974552233
    ],
    [
      8,
      0.5637067258494701,
      0.4362932741505299
    ],
    [
      9,
      0.5548118838996926,
      0.4451881161003074
    ],
    [
      10,
      0.5605369135773449,
      0.4394630864226551
    ],
    [
      11,
      0.5506217568089323,
      0.44937824319106767
    ],
    [
      12,
      0.5724535517177757,
      0.4275464482822243
    ],
    [
      13,
      0.5706825246843473,
      0.4293174753156527
    ],
    [
      14,
      0.5924051941278623,
      0.4075948058721377
    ],
    [
      15,
      0.5424773256295407,
      0.45752267437045935
    ],
    [
      16,
      0.5500540857995687,
      0.4499459142004313
    ],
    [
      17,
      0.5691456024912319,
      0.4308543975087681
    ],
    [
      18,
      0.5928829422888856,
      0.4071170577111144
    ],
    [
      19,
      0.6102493022991039,
      0.3897506977008961
    ],
    [
      20,
      0.6144384582663113,
      0.38556154173368873
    ],
    [
      21,
      0.623846716165656,
      0.376153283834344
    ],
    [
      22,
      0.6077995446070966,
      0.3922004553929034
    ],
    [
      23,
      0.6065130628403351,
      0.3934869371596649
    ],
    [
      24,
      0.5825917414904568,
      0.4174082585095432
    ],
    [
      25,
      0.5881997757537646,
      0.4118002242462354
    ],
    [
      26,
      0.6186839095830792,
      0.3813160904169208
    ],
    [
      27,
      0.6266212288411038,
      0.37337877115889617
    ],
    [
      28,
      0.6602786648230344,
      0.33972133517696557
    ],
    [
      29,
      0.6592450485277794,
      0.34075495147222057
    ],
    [
      30,
      0.6662046295357792,
      0.3337953704642208
    ],
    [
      31,
      0.6631827571511977,
      0.3368172428488023
    ],
    [
      32,
      0.6438215299049881,
      0.3561784700950119
    ],
    [
      33,
      0.6088467689618446,
      0.39115323103815536
    ],
    [
      34,
      0.5935748704115239,
      0.4064251295884761
    ],
    [
      35,
      0.6105816150813699,
      0.3894183849186301
    ],
    [
      36,
      0.6333168808953642,
      0.3666831191046358
    ],
    [
      37,
      0.6571624310426267,
      0.3428375689573733
    ],
    [
      38,
      0.6429722598695606,
      0.35702774013043936
    ],
    [
      39,
      0.6101620642048831,
      0.38983793579511694
    ],
    [
      40,
      0.5960067961165166,
      0.40399320388348336
    ],
    [
      41,
      0.5938392366365773,
      0.40616076336342266
    ],
    [
      42,
      0.6371771554726934,
      0.3628228445273066
    ],
    [
      43,
      0.6536508075788108,
      0.3463491924211892
    ],
    [
      44,
      0.6463428202504405,
      0.35365717974955946
    ],
    [
      45,
      0.612160397666135,
      0.38783960233386505
    ],
    [
      46,
      0.6108271234273942,
      0.3891728765726058
    ],
    [
      47,
      0.6264705131701335,
      0.37352948682986653
    ],
    [
      48,
      0.6522353254907908,
      0.3477646745092092
    ]
  ],