{
  "strategy_profile": "Aggressive competitor focused on market dominance and benchmark leadership",
  "innate_traits": "risk-tolerant, competitive, short-term focused",
  "believed_own_capability": 0.5613295907400524,
  "believed_benchmark_exploitability": 0.4,
  "capability_belief_confidence": 0.5,
  "believed_competitor_capabilities": {
    "QualityCorp": 0.5537881700820501
  },
  "rnd_investment": 0.37283547157518615,
  "gaming_investment": 0.6271645284248138,
  "effort_budget": 1.0,
  "past_strategies": [
    [
      0,
      0.4653199615083412,
      0.5346800384916588
    ],
    [
      1,
      0.42871416827720565,
      0.5712858317227943
    ],
    [
      2,
      0.4178246344191917,
      0.5821753655808083
    ],
    [
      3,
      0.4129198776982952,
      0.5870801223017048
    ],
    [
      4,
      0.4440909593711335,
      0.5559090406288665
    ],
    [
      5,
      0.4240692495091771,
      0.5759307504908229
    ],
    [
      6,
      0.3957545866309893,
      0.6042454133690107
    ],
    [
      7,
      0.3992316339924401,
      0.6007683660075599
    ],
    [
      8,
      0.42833985307364897,
      0.571660146926351
    ],
    [
      9,
      0.4552936263876086,
      0.5447063736123914
    ],
    [
      10,
      0.440581651081155,
      0.559418348918845
    ],
    [
      11,
      0.44042773005318003,
      0.55957226994682
    ],
    [
      12,
      0.4297486346971092,
      0.5702513653028908
    ],
    [
      13,
      0.41608948001895163,
      0.5839105199810484
    ],
    [
      14,
      0.4071499540676051,
      0.5928500459323949
    ],
    [
      15,
      0.43495606263695585,
      0.5650439373630441
    ],
    [
      16,
      0.4322362602473242,
      0.5677637397526758
    ],
    [
      17,
      0.4217683499762126,
      0.5782316500237874
    ],
    [
      18,
      0.4187382139949274,
      0.5812617860050726
    ],
    [
      19,
      0.3773045278230326,
      0.6226954721769674
    ],
    [
      20,
      0.39928557252894825,
      0.6007144274710517
    ],
    [
      21,
      0.3682947787273908,
      0.6317052212726092
    ],
    [
      22,
      0.37812383109167425,
      0.6218761689083258
    ],
    [
      23,
      0.3958354516603797,
      0.6041645483396203
    ],
    [
      24,
      0.4037755808287472,
      0.5962244191712528
    ],
    [
      25,
      0.3938514458924971,
      0.6061485541075029
    ],
    [
      26,
      0.3746316811276441,
      0.6253683188723559
    ],
    [
      27,
      0.38178599846610983,
      0.6182140015338902
    ],
    [
      28,
      0.36720597336523964,
      0.6327940266347604
    ],
    [
      29,
      0.3371765933827645,
      0.6628234066172355
    ],
    [
      30,
      0.3137052611638439,
      0.6862947388361561
    ],
    [
      31,
      0.34368150287771837,
      0.6563184971222816
    ],
    [
      32,
      0.36404328278008324,
      0.6359567172199168
    ],
    [
      33,
      0.36160607079547535,
      0.6383939292045246
    ],
    [
      34,
      0.38852780434606826,
      0.6114721956539317
    ],
    [
      35,
      0.39739491388359593,
      0.6026050861164041
    ],
    [
      36,
      0.37037139822560083,
      0.6296286017743992
    ],
    [
      37,
      0.3646484316815223,
      0.6353515683184777
    ],
    [
      38,
      0.3412462198407644,
      0.6587537801592356
    ],
    [
      39,
      0.3689104228239577,
      0.6310895771760423
    ],
    [
      40,
      0.39751336838093454,
      0.6024866316190655
    ],
    [
      41,
      0.39719857812324777,
      0.6028014218767522
    ],
    [
      42,
      0.36462309681989213,
      0.6353769031801079
    ],
    [
      43,
      0.35180929019726925,
      0.6481907098027307
    ],
    [
      44,
      0.35152410137254975,
      0.6484758986274503
    ],
    [
      45,
      0.3732989167981037,
      0.6267010832018963
    ],
    [
      46,
      0.365403512573487,
      0.634596487426513
    ],
    [
      47,
      0.37085873425152205,
      0.629141265748478
    ],
    [
      48,
      0.37283547157518615,
      0.6271645284248138
    ]
  ],
  "observed_competitor_scores": {
    "QualityCorp": [
      [
        0,
        0.3710015893759504
      ],
      [
        1,
        0.5536232762253843
      ],
      [
        2,
        0.33346150370561217
      ],
      [
        3,
        0.4190271009540759
      ],
      [
        4,
        0.36996723401865517
      ],
      [
        5,
        0.5372815955635741
      ],
      [
        6,
        0.5789699632416988
      ],
      [
        7,
        0.38341936810194854
      ],
      [
        8,
        0.38035693054592756
      ],
      [
        9,
        0.4762538157334486
      ],
      [
        10,
        0.41839248323835726
      ],
      [
        11,
        0.4750015321095013
      ],
      [
        12,
        0.46053846343118715
      ],
      [
        13,
        0.5349109917883643
      ],
      [
        14,
        0.5461735382832281
      ],
      [
        15,
        0.46523413764708477
      ],
      [
        16,
        0.4333316932306439
      ],
      [
        17,
        0.6313247195986149
      ],
      [
        18,
        0.43724677094795295
      ],
      [
        19,
        0.5889284003831982
      ],
      [
        20,
        0.5815035704487207
      ],
      [
        21,
        0.554942759553955
      ],
      [
        22,
        0.5577395174385685
      ],
      [
        23,
        0.5645368544402626
      ],
      [
        24,
        0.5539030943734147
      ],
      [
        25,
        0.6170876628617923
      ],
      [
        26,
        0.5261925937645405
      ],
      [
        27,
        0.49647782980796273
      ],
      [
        28,
        0.7141583568532431
      ],
      [
        29,
        0.6637451212691623
      ],
      [
        30,
        0.5387957686662318
      ],
      [
        31,
        0.6356097795463035
      ],
      [
        32,
        0.6618997005021899
      ],
      [
        33,
        0.5432228804071396
      ],
      [
        34,
        0.5783461298220124
      ],
      [
        35,
        0.490270910742647
      ],
      [
        36,
        0.6566697524487363
      ],
      [
        37,
        0.6790225745740401
      ],
      [
        38,
        0.6289392082100221
      ],
      [
        39,
        0.5885714786148593
      ],
      [
        40,
        0.561147752603678
      ],
      [
        41,
        0.5952085858073952
      ],
      [
        42,
        0.6870254175320736
      ],
      [
        43,
        0.6407745858748152
      ],
      [
        44,
        0.6879248693761207
      ],
      [
        45,
        0.6392516647437408
      ],
      [
        46,
        0.64910209331796
      ],
      [
        47,
        0.5173692788351968
      ],
      [
        48,
        0.565959702345872
      ],
      [
        49,
        0.5780355290650812
      ]
    ]
  },
  "recent_insights": []
}