{
  "name": "Anthropic",
  "current_round": 9,
  "published_scores": [
    [
      0,
      0.821268637193434
    ],
    [
      1,
      0.833305906564683
    ],
    [
      2,
      0.833305906564683
    ],
    [
      3,
      0.833305906564683
    ],
    [
      4,
      0.833305906564683
    ],
    [
      5,
      0.8496144434960455
    ],
    [
      6,
      0.8518955822721822
    ],
    [
      7,
      0.8518955822721822
    ],
    [
      8,
      0.8590235509652434
    ],
    [
      9,
      0.8590235509652434
    ]
  ]
}